21	0
22	1
23	2
24	3
25	4
26	5
27	6
28	7
29	8
2a	9
2b	10
2c	11
2d	12
2e	13
2f	14
30	15
31	16
32	17
33	18
34	19
35	20
36	21
37	22
38	23
39	24
3a	25
3b	26
3c	27
3d	28
3e	29
3f	30
40	31
41	32
42	33
43	34
44	35
45	36
46	37
47	38
48	39
49	40
4a	41
4b	42
4c	43
4d	44
4e	45
4f	46
50	47
51	48
52	49
53	50
54	51
55	52
56	53
57	54
58	55
59	56
5a	57
5b	58
5c	59
5d	60
5e	61
5f	62
60	63
61	64
62	65
63	66
64	67
65	68
66	69
67	70
68	71
69	72
6a	73
6b	74
6c	75
6d	76
6e	77
6f	78
70	79
71	80
72	81
73	82
74	83
75	84
76	85
77	86
78	87
79	88
7a	89
7b	90
7c	91
7d	92
7e	93
a1	94
a2	95
a3	96
a4	97
a5	98
a6	99
a7	100
a8	101
a9	102
aa	103
ab	104
ac	105
ae	106
af	107
b0	108
b1	109
b2	110
b3	111
b4	112
b5	113
b6	114
b7	115
b8	116
b9	117
ba	118
bb	119
bc	120
bd	121
be	122
bf	123
c0	124
c1	125
c2	126
c3	127
c4	128
c5	129
c6	130
c7	131
c8	132
c9	133
ca	134
cb	135
cc	136
cd	137
ce	138
cf	139
d0	140
d1	141
d2	142
d3	143
d4	144
d5	145
d6	146
d7	147
d8	148
d9	149
da	150
db	151
dc	152
dd	153
de	154
df	155
e0	156
e1	157
e2	158
e3	159
e4	160
e5	161
e6	162
e7	163
e8	164
e9	165
ea	166
eb	167
ec	168
ed	169
ee	170
ef	171
f0	172
f1	173
f2	174
f3	175
f4	176
f5	177
f6	178
f7	179
f8	180
f9	181
fa	182
fb	183
fc	184
fd	185
fe	186
ff	187
00	188
01	189
02	190
03	191
04	192
05	193
06	194
07	195
08	196
09	197
0a	198
0b	199
0c	200
0d	201
0e	202
0f	203
10	204
11	205
12	206
13	207
14	208
15	209
16	210
17	211
18	212
19	213
1a	214
1b	215
1c	216
1d	217
1e	218
1f	219
20	220
7f	221
80	222
81	223
82	224
83	225
84	226
85	227
86	228
87	229
88	230
89	231
8a	232
8b	233
8c	234
8d	235
8e	236
8f	237
90	238
91	239
92	240
93	241
94	242
95	243
96	244
97	245
98	246
99	247
9a	248
9b	249
9c	250
9d	251
9e	252
9f	253
a0	254
ad	255
2074	256
2061	257
6865	258
696e	259
7265	260
6f6e	261
20746865	262
6572	263
2073	264
6174	265
2077	266
206f	267
656e	268
2063	269
6974	270
6973	271
616e	272
6f72	273
6573	274
2062	275
6564	276
2066	277
696e67	278
2070	279
6f75	280
20616e	281
616c	282
6172	283
20746f	284
206d	285
206f66	286
20696e	287
2064	288
2068	289
20616e64	290
6963	291
6173	292
6c65	293
207468	294
696f6e	295
6f6d	296
6c6c	297
656e74	298
206e	299
206c	300
7374	301
207265	302
7665	303
2065	304
726f	305
6c79	306
206265	307
2067	308
2054	309
6374	310
2053	311
6964	312
6f74	313
2049	314
7574	315
6574	316
2041	317
206973	318
206f6e	319
696d	320
616d	321
6f77	322
6179	323
6164	324
7365	325
2074686174	326
2043	327
6967	328
20666f72	329
6163	330
2079	331
766572	332
7572	333
2075	334
6c64	335
207374	336
204d	337
2773	338
206865	339
206974	340
6174696f6e	341
697468	342
6972	343
6365	344
20796f75	345
696c	346
2042	347
207768	348
6f6c	349
2050	350
2077697468	351
2031	352
746572	353
6368	354
206173	355
207765	356
2028	357
6e64	358
696c6c	359
2044	360
6966	361
2032	362
6167	363
657273	364
6b65	365
2022	366
2048	367
656d	368
20636f6e	369
2057	370
2052	371
686572	372
20776173	373
2072	374
6f64	375
2046	376
756c	377
617465	378
206174	379
7269	380
7070	381
6f7265	382
20546865	383
207365	384
7573	385
2070726f	386
206861	387
756d	388
20617265	389
206465	390
61696e	391
616e64	392
206f72	393
696768	394
657374	395
697374	396
6162	397
726f6d	398
204e	399
7468	400
20636f6d	401
2047	402
756e	403
6f70	404
3030	405
204c	406
206e6f74	407
657373	408
206578	409
2076	410
726573	411
2045	412
6577	413
697479	414
616e74	415
206279	416
656c	417
6f73	418
6f7274	419
6f63	420
7175	421
2066726f6d	422
2068617665	423
207375	424
697665	425
6f756c64	426
207368	427
2074686973	428
6e74	429
7261	430
7065	431
69676874	432
617274	433
6d656e74	434
20616c	435
757374	436
656e64	437
2d2d	438
616c6c	439
204f	440
61636b	441
206368	442
206c65	443
696573	444
726564	445
617264	446
e280	447
6f7574	448
204a	449
206162	450
656172	451
6976	452
616c6c79	453
6f7572	454
6f7374	455
6768	456
7074	457
20706c	458
617374	459
2063616e	460
616b	461
6f6d65	462
7564	463
546865	464
20686973	465
20646f	466
20676f	467
20686173	468
6765	469
2774	470
2055	471
726f75	472
207361	473
206a	474
20627574	475
20776f72	476
20616c6c	477
656374	478
206b	479
616d65	480
2077696c6c	481
6f6b	482
20776865	483
2074686579	484
696465	485
3031	486
6666	487
696368	488
706c	489
74686572	490
207472	491
2e2e	492
20696e74	493
6965	494
757265	495
616765	496
206e65	497
69616c	498
6170	499
696e65	500
696365	501
206d65	502
206f7574	503
616e73	504
6f6e65	505
6f6e67	506
696f6e73	507
2077686f	508
204b	509
207570	510
207468656972	511
206164	512
2033	513
207573	514
61746564	515
6f7573	516
206d6f7265	517
7565	518
6f67	519
205374	520
696e64	521
696b65	522
20736f	523
696d65	524
706572	525
2e22	526
626572	527
697a	528
616374	529
206f6e65	530
2073616964	531
202d	532
617265	533
20796f7572	534
6363	535
205468	536
20636c	537
6570	538
616b65	539
61626c65	540
6970	541
20636f6e74	542
207768696368	543
6961	544
20696d	545
2061626f7574	546
2077657265	547
76657279	548
7562	549
20686164	550
20656e	551
20636f6d70	552
2c22	553
20496e	554
20756e	555
206167	556
697265	557
616365	558
6175	559
617279	560
20776f756c64	561
617373	562
7279	563
20e280	564
636c	565
6f6f6b	566
657265	567
736f	568
2056	569
69676e	570
6962	571
206f6666	572
207465	573
76656e	574
2059	575
696c65	576
6f7365	577
697465	578
6f726d	579
20323031	580
20726573	581
206d616e	582
20706572	583
206f74686572	584
6f7264	585
756c74	586
206265656e	587
206c696b65	588
617365	589
616e6365	590
6b73	591
617973	592
6f776e	593
656e6365	594
20646973	595
6374696f6e	596
20616e79	597
20617070	598
207370	599
696e74	600
72657373	601
6174696f6e73	602
61696c	603
2034	604
6963616c	605
207468656d	606
20686572	607
6f756e74	608
204368	609
206172	610
206966	611
207468657265	612
207065	613
2079656172	614
6176	615
206d79	616
20736f6d65	617
207768656e	618
6f756768	619
616368	620
207468616e	621
7275	622
6f6e64	623
69636b	624
206f766572	625
76656c	626
207175	627
0a0a	628
207363	629
72656174	630
726565	631
204974	632
6f756e64	633
706f7274	634
20616c736f	635
2070617274	636
66746572	637
206b6e	638
20626563	639
2074696d65	640
656e73	641
2035	642
6f706c65	643
2077686174	644
206e6f	645
6475	646
6d6572	647
616e67	648
206e6577	649
2d2d2d2d	650
20676574	651
6f7279	652
6974696f6e	653
696e6773	654
206a757374	655
20696e746f	656
2030	657
656e7473	658
6f7665	659
7465	660
2070656f706c65	661
20707265	662
20697473	663
20726563	664
207477	665
69616e	666
69727374	667
61726b	668
6f7273	669
20776f726b	670
616465	671
6f62	672
20736865	673
206f7572	674
776e	675
696e6b	676
6c6963	677
203139	678
204865	679
697368	680
6e646572	681
61757365	682
2068696d	683
6f6e73	684
205b	685
20726f	686
666f726d	687
696c64	688
61746573	689
76657273	690
206f6e6c79	691
6f6c6c	692
20737065	693
636b	694
656c6c	695
616d70	696
20616363	697
20626c	698
696f7573	699
75726e	700
6674	701
6f6f64	702
20686f77	703
686564	704
2027	705
206166746572	706
6177	707
20617474	708
6f76	709
6e65	710
20706c6179	711
657276	712
696374	713
20636f756c64	714
697474	715
20616d	716
206669727374	717
2036	718
20616374	719
2024	720
6563	721
68696e67	722
75616c	723
756c6c	724
20636f6d6d	725
6f79	726
6f6c64	727
636573	728
61746572	729
206665	730
20626574	731
7765	732
696666	733
2074776f	734
6f636b	735
206261636b	736
292e	737
6964656e74	738
20756e646572	739
726f756768	740
73656c	741
7874	742
206d6179	743
726f756e64	744
20706f	745
7068	746
697373	747
20646573	748
206d6f7374	749
20646964	750
20616464	751
6a656374	752
20696e63	753
666f7265	754
20706f6c	755
6f6e74	756
20616761696e	757
636c7564	758
7465726e	759
206b6e6f77	760
206e656564	761
20636f6e73	762
20636f	763
202e	764
2077616e74	765
20736565	766
2037	767
6e696e67	768
696577	769
2054686973	770
636564	771
206576656e	772
20696e64	773
7479	774
205765	775
617468	776
207468657365	777
207072	778
20757365	779
2062656361757365	780
20666c	781
6e67	782
206e6f77	783
20e28093	784
636f6d	785
697365	786
206d616b65	787
207468656e	788
6f776572	789
206576657279	790
20556e	791
20736563	792
6f7373	793
756368	794
20656d	795
203d	796
205265	797
696564	798
726974	799
20696e76	800
6c656374	801
2073757070	802
6174696e67	803
206c6f6f6b	804
6d616e	805
70656374	806
2038	807
726f77	808
206275	809
207768657265	810
69666963	811
207965617273	812
696c79	813
2064696666	814
2073686f756c64	815
2072656d	816
5468	817
496e	818
206576	819
646179	820
277265	821
726962	822
2072656c	823
7373	824
20646566	825
207269676874	826
207379	827
292c	828
6c6573	829
303030	830
68656e	831
207468726f756768	832
205472	833
5f5f	834
20776179	835
20646f6e	836
202c	837
203130	838
61736564	839
20617373	840
75626c6963	841
20726567	842
20416e64	843
6978	844
2076657279	845
20696e636c7564	846
6f74686572	847
20696d70	848
6f7468	849
20737562	850
20e28094	851
206265696e67	852
617267	853
205768	854
3d3d	855
69626c65	856
20646f6573	857
616e6765	858
72616d	859
2039	860
657274	861
7073	862
69746564	863
6174696f6e616c	864
206272	865
20646f776e	866
206d616e79	867
616b696e67	868
2063616c6c	869
7572696e67	870
6974696573	871
207068	872
696373	873
616c73	874
20646563	875
6174697665	876
656e6572	877
206265666f7265	878
696c697479	879
2077656c6c	880
206d756368	881
6572736f6e	882
2074686f7365	883
2073756368	884
206b65	885
20656e64	886
20427574	887
61736f6e	888
74696e67	889
206c6f6e67	890
6566	891
207468696e6b	892
7973	893
2062656c	894
20736d	895
697473	896
6178	897
206f776e	898
2070726f76	899
20736574	900
696665	901
6d656e7473	902
626c65	903
77617264	904
2073686f77	905
2070726573	906
6d73	907
6f6d6574	908
206f62	909
20736179	910
205368	911
7473	912
66756c	913
20656666	914
206775	915
20696e7374	916
756e64	917
72656e	918
63657373	919
20656e74	920
20596f75	921
20676f6f64	922
207374617274	923
696e6365	924
206d616465	925
7474	926
7374656d	927
6f6c6f67	928
7570	929
207c	930
756d70	931
2068656c	932
7665726e	933
756c6172	934
75616c6c79	935
206163	936
206d6f6e	937
206c617374	938
20323030	939
3130	940
2073747564	941
75726573	942
204172	943
73656c66	944
617273	945
6d65726963	946
756573	947
6379	948
206d696e	949
6f6c6c6f77	950
20636f6c	951
696f	952
206d6f64	953
20636f756e74	954
20436f6d	955
686573	956
2066696e	957
616972	958
696572	959
e28094	960
72656164	961
616e6b	962
61746368	963
65766572	964
20737472	965
20706f696e74	966
6f726b	967
204e6577	968
20737572	969
6f6f6c	970
616c6b	971
656d656e74	972
2075736564	973
72616374	974
7765656e	975
2073616d65	976
6f756e	977
20416c	978
6369	979
2064696666657265	980
207768696c65	981
2d2d2d2d2d2d2d2d	982
2067616d65	983
63657074	984
2073696d	985
2e2e2e	986
20696e746572	987
656b	988
207265706f7274	989
2070726f6475	990
207374696c6c	991
6c6564	992
6168	993
2068657265	994
20776f726c64	995
2074686f756768	996
206e756d	997
61726368	998
696d6573	999
616c65	1000
205365	1001
204966	1002
2f2f	1003
204c65	1004
20726574	1005
20726566	1006
207472616e73	1007
6e6572	1008
7574696f6e	1009
74657273	1010
2074616b65	1011
20436c	1012
20636f6e66	1013
776179	1014
617665	1015
20676f696e67	1016
20736c	1017
7567	1018
20416d65726963	1019
2073706563	1020
2068616e64	1021
206265747765656e	1022
69737473	1023
204465	1024
6f6f74	1025
4974	1026
20656172	1027
20616761696e7374	1028
2068696768	1029
67616e	1030
617a	1031
6174686572	1032
20657870	1033
206f70	1034
20696e73	1035
206772	1036
2068656c70	1037
2072657175	1038
657473	1039
696e73	1040
2050726f	1041
69736d	1042
20666f756e64	1043
6c616e64	1044
617461	1045
757373	1046
616d6573	1047
20706572736f6e	1048
206772656174	1049
7072	1050
207369676e	1051
20416e	1052
277665	1053
20736f6d6574	1054
20736572	1055
686970	1056
2072756e	1057
203a	1058
20746572	1059
6972656374	1060
20666f6c6c6f77	1061
20646574	1062
69636573	1063
2066696e64	1064
3132	1065
206d656d	1066
206372	1067
65726564	1068
6578	1069
20657874	1070
757468	1071
656e7365	1072
636f	1073
207465616d	1074
76696e67	1075
6f757365	1076
617368	1077
617474	1078
766564	1079
2073797374656d	1080
204173	1081
646572	1082
69766573	1083
6d696e	1084
206c656164	1085
20426c	1086
63656e74	1087
2061726f756e64	1088
20676f7665726e	1089
20637572	1090
76656c6f70	1091
616e79	1092
20636f7572	1093
616c7468	1094
61676573	1095
697a65	1096
20636172	1097
6f6465	1098
206c6177	1099
2072656164	1100
276d	1101
636f6e	1102
207265616c	1103
20737570706f7274	1104
203132	1105
2e2e2e2e	1106
207265616c6c79	1107
6e657373	1108
2066616374	1109
20646179	1110
20626f7468	1111
79696e67	1112
2073657276	1113
20466f72	1114
207468726565	1115
20776f6d	1116
206d6564	1117
6f6479	1118
2054686579	1119
3530	1120
206578706572	1121
746f6e	1122
2065616368	1123
616b6573	1124
20636865	1125
20637265	1126
696e6573	1127
20726570	1128
3139	1129
6767	1130
696c6c696f6e	1131
2067726f75	1132
757465	1133
696b	1134
5765	1135
676574	1136
4552	1137
206d6574	1138
2073617973	1139
6f78	1140
20647572696e67	1141
65726e	1142
697a6564	1143
61726564	1144
2066616d	1145
6963616c6c79	1146
2068617070	1147
204973	1148
2063686172	1149
6d6564	1150
76656e74	1151
2067656e6572	1152
69656e74	1153
706c65	1154
696574	1155
72656e74	1156
3131	1157
766573	1158
7074696f6e	1159
203230	1160
666f726d6174696f6e	1161
20636f72	1162
206f66666963	1163
69656c64	1164
20746f6f	1165
6973696f6e	1166
20696e66	1167
205a	1168
746865	1169
6f6164	1170
207075626c6963	1171
2070726f67	1172
726963	1173
2a2a	1174
20776172	1175
20706f776572	1176
76696577	1177
20666577	1178
206c6f63	1179
20646966666572656e74	1180
207374617465	1181
2068656164	1182
276c6c	1183
20706f7373	1184
2073746174	1185
726574	1186
616e7473	1187
2076616c	1188
20697373	1189
20636c65	1190
6976657273	1191
616e63	1192
206578706c	1193
20616e6f74686572	1194
2051	1195
206176	1196
7468696e67	1197
6e6365	1198
5768	1199
206368696c64	1200
2073696e6365	1201
69726564	1202
6c657373	1203
206c696665	1204
20646576656c6f70	1205
6974746c65	1206
20646570	1207
2070617373	1208
e383	1209
207475726e	1210
6f726e	1211
54686973	1212
62657273	1213
726f7373	1214
204164	1215
206672	1216
2072657370	1217
207365636f6e64	1218
6f68	1219
202f	1220
2064697363	1221
2026	1222
20736f6d657468696e67	1223
20636f6d706c65	1224
206564	1225
2066696c	1226
206d6f6e7468	1227
616a	1228
7563	1229
20676f7665726e6d656e74	1230
20776974686f7574	1231
206c6567	1232
2064697374	1233
20707574	1234
207175657374	1235
616e6e	1236
2070726f74	1237
3230	1238
206e65766572	1239
69656e6365	1240
206c6576656c	1241
20617274	1242
207468696e6773	1243
206d69676874	1244
20656666656374	1245
20636f6e74726f	1246
2063656e74	1247
203138	1248
20616c6c6f77	1249
2062656c6965	1250
63686f6f6c	1251
6f7474	1252
20696e637265	1253
206665656c	1254
20726573756c74	1255
206c6f74	1256
2066756e	1257
6f7465	1258
207479	1259
6572657374	1260
20636f6e74696e	1261
207573696e67	1262
20626967	1263
323031	1264
2061736b	1265
2062657374	1266
2029	1267
494e	1268
206f7070	1269
3330	1270
206e756d626572	1271
696e657373	1272
5374	1273
6c65617365	1274
206361	1275
206d757374	1276
20646972656374	1277
20676c	1278
203c	1279
206f70656e	1280
20706f7374	1281
20636f6d65	1282
207365656d	1283
6f7264696e67	1284
207765656b	1285
6174656c79	1286
6974616c	1287
20656c	1288
7269656e64	1289
20666172	1290
20747261	1291
696e616c	1292
20707269	1293
205553	1294
20706c616365	1295
20666f726d	1296
20746f6c64	1297
223a	1298
61696e73	1299
6174757265	1300
205472756d70	1301
207374616e64	1302
2023	1303
69646572	1304
204672	1305
206e657874	1306
20736f63	1307
20707572	1308
206c6574	1309
206c6974746c65	1310
2068756d	1311
2069	1312
726f6e	1313
3135	1314
203135	1315
20636f6d6d756e	1316
206d61726b	1317
205468657265	1318
207772	1319
2054686174	1320
20696e666f726d6174696f6e	1321
77617973	1322
20627573	1323
617070	1324
20696e76657374	1325
6d65	1326
2068617264	1327
61696e6564	1328
656164	1329
20696d706f7274	1330
20617070726f	1331
2074657374	1332
20747269	1333
2072657374	1334
6f736564	1335
2066756c6c	1336
2063617265	1337
205370	1338
2063617365	1339
4f4e	1340
20736b	1341
206c657373	1342
202b	1343
20706172746963	1344
20506c	1345
61626c79	1346
75636b	1347
6973686564	1348
63686e	1349
6265	1350
206c697374	1351
61746f72	1352
20746f70	1353
20616476	1354
204265	1355
72756374	1356
2064656d	1357
726174696f6e	1358
6c696e67	1359
6779	1360
7265656e	1361
676572	1362
20686f6d65	1363
206c656674	1364
20626574746572	1365
2064617461	1366
203131	1367
2061747461636b	1368
2070726f626c65	1369
6c696e65	1370
61726473	1371
20626568	1372
72616c	1373
20486f77	1374
20536865	1375
61726765	1376
202d2d	1377
3a2f2f	1378
2062726f	1379
205068	1380
617473	1381
206275696c64	1382
7777	1383
69646564	1384
61696d	1385
61736573	1386
656e6379	1387
206d61696e	1388
696e6564	1389
20696e636c7564696e67	1390
207b	1391
20676f74	1392
20696e746572657374	1393
206b656570	1394
2058	1395
20656173	1396
61696e696e67	1397
20636c617373	1398
e280a6	1399
204e6f	1400
20766172	1401
20736d616c6c	1402
616d706c65	1403
4154	1404
20696465	1405
20536f	1406
2072656365	1407
20706f6c6974	1408
206d6f76	1409
20706c616e	1410
2070657263656e74	1411
6976696e67	1412
2063616d70	1413
20706179	1414
3134	1415
7363	1416
69736564	1417
20756e74	1418
6f6e6579	1419
706c6f79	1420
3d3d3d3d	1421
206469646e	1422
20496e64	1423
656c73	1424
65727461696e	1425
20706f73	1426
5f5f5f5f	1427
69766572	1428
2070726f63657373	1429
2070726f6772616d	1430
6966696564	1431
20526570	1432
3136	1433
75726f	1434
6f6c6f6779	1435
6174746572	1436
696e61	1437
206e616d65	1438
20416c6c	1439
20666f7572	1440
2072657475726e	1441
76696f7573	1442
6273	1443
2063616c6c6564	1444
206d6f7665	1445
205363	1446
697264	1447
2067726f7570	1448
20627265	1449
206d656e	1450
20636170	1451
74656e	1452
6565	1453
20647269	1454
6c6567	1455
68657265	1456
7574686f72	1457
20706174	1458
2063757272656e74	1459
69646573	1460
20706f70	1461
746f	1462
656e74696f6e	1463
20616c77617973	1464
206d696c	1465
20776f6d656e	1466
203136	1467
206f6c64	1468
6976656e	1469
72617068	1470
204f72	1471
726f72	1472
656e746c79	1473
206e656172	1474
204578	1475
7265616d	1476
7368	1477
203134	1478
2066726565	1479
697373696f6e	1480
7374616e64	1481
20436f6e	1482
616c697479	1483
75736564	1484
3133	1485
2064657369676e	1486
206368616e6765	1487
206368616e67	1488
20626f	1489
20766973	1490
656d626572	1491
20626f6f6b	1492
7265616479	1493
206b696c6c	1494
3235	1495
70706564	1496
2061776179	1497
2061626c65	1498
20636f756e747279	1499
20636f6e7374	1500
61726e	1501
206f72646572	1502
4152	1503
696f72	1504
69756d	1505
6f727468	1506
3138	1507
61696c61626c65	1508
207377	1509
206d696c6c696f6e	1510
203133	1511
61746963	1512
746564	1513
20476f	1514
206f706572	1515
656e67	1516
207468696e67	1517
616a6f72	1518
636f6e6f6d	1519
20436f6d6d	1520
20776879	1521
75726564	1522
7572616c	1523
207363686f6f6c	1524
6279	1525
204d6172	1526
20616666	1527
2064617973	1528
20616e6e	1529
757368	1530
616e65	1531
4966	1532
6567	1533
2070726f66	1534
206865616c7468	1535
6f757468	1536
427574	1537
696f6e616c	1538
2e2c	1539
20736f6c	1540
20616c7265616479	1541
203330	1542
2063686172616374	1543
4865	1544
20667269656e64	1545
4553	1546
69616e73	1547
69636c65	1548
2764	1549
204f6e	1550
206c65617374	1551
2070726f6d	1552
206472	1553
2068697374	1554
6974686572	1555
20657374	1556
697175	1557
3137	1558
736f6e	1559
2074656c6c	1560
2074616c6b	1561
6f686e	1562
6f696e74	1563
6c656374696f6e	1564
414e	1565
20756e74696c	1566
61756768	1567
206c61746572	1568
207665	1569
2076696577	1570
656e64696e67	1571
69766564	1572
20776f7264	1573
77617265	1574
20636f7374	1575
20656e6f756768	1576
2067697665	1577
20556e69746564	1578
20746563686e	1579
6172656e74	1580
4f52	1581
20706172	1582
204472	1583
2032303136	1584
72697374	1585
6572696e67	1586
20c2	1587
206c61726765	1588
73696465	1589
616379	1590
6363657373	1591
2077696e	1592
20696d706f7274616e74	1593
20313939	1594
20646f65736e	1595
203137	1596
20627573696e657373	1597
20636c656172	1598
2072657365	1599
222c	1600
757279	1601
20657175	1602
6173746572	1603
616c66	1604
20416d65726963616e	1605
6e656374	1606
20657870656374	1607
6976657273697479	1608
206f6363	1609
20466c	1610
206b696e64	1611
206d65616e	1612
2070617374	1613
20646576	1614
20626173	1615
6c6574	1616
72616674	1617
206f7267616e	1618
2064656c	1619
20706572666f726d	1620
2073746f7279	1621
20736561736f6e	1622
20436f6c	1623
20636c61696d	1624
2063616d65	1625
2077697468696e	1626
206c696e65	1627
2070726f6a656374	1628
204174	1629
20636f6e74726f6c	1630
656e646564	1631
205379	1632
20616972	1633
697a6174696f6e	1634
202a	1635
6c6579	1636
206d6f6e6579	1637
696464	1638
596f75	1639
666f72	1640
2066616d696c79	1641
206d616b696e67	1642
20626974	1643
20706f6c696365	1644
2068617070656e	1645
2076657273	1646
6f6e79	1647
756666	1648
205768656e	1649
20736974	1650
6964656f	1651
6c66	1652
69736f6e	1653
2073757265	1654
67696e	1655
20617070656172	1656
206c69676874	1657
206573	1658
6f66	1659
207761746572	1660
2074696d6573	1661
6e6f74	1662
2067726f77	1663
20636f6d70616e79	1664
205465	1665
6f7773	1666
206d6172	1667
6f75726365	1668
696f6c	1669
61726d	1670
6272	1671
206578616d706c65	1672
20636f6e63	1673
20666f7265	1674
20546f	1675
70726f	1676
454e	1677
72696573	1678
203235	1679
2043616e	1680
6e6579	1681
2061637475616c6c79	1682
2065766572	1683
7572697479	1684
616b656e	1685
617073	1686
20746178	1687
206d616a6f72	1688
616d61	1689
206f6674656e	1690
6572616c	1691
2068756d616e	1692
206a6f62	1693
6973746572	1694
20617661696c61626c65	1695
6f6372	1696
656e6e	1697
616964	1698
69766964	1699
207265636f7264	1700
3f22	1701
2073696e67	1702
20416d	1703
6964656e6365	1704
206e657773	1705
73746572	1706
2065636f6e6f6d	1707
20666f6c6c6f77696e67	1708
204272	1709
6973696e67	1710
20686f7572	1711
6d6f7374	1712
756d656e74	1713
20736578	1714
2064657363	1715
206265636f6d65	1716
204564	1717
20746f6f6b	1718
20686176696e67	1719
2070726f64756374	1720
61756c74	1721
4173	1722
6172696e67	1723
206d65616e73	1724
20686f70	1725
756e65	1726
2063686f	1727
206365727461696e	1728
206e6f6e	1729
206465616c	1730
3234	1731
6c656d656e74	1732
6f6369	1733
656e65	1734
2073696465	1735
205072	1736
204d6179	1737
20726561736f6e	1738
756564	1739
63686564	1740
756c6174696f6e	1741
20656c656374	1742
206f6666696369616c	1743
20706f737369626c65	1744
20686f6c64	1745
616e6473	1746
6f7473	1747
2063697479	1748
6f72696573	1749
207365766572	1750
206368696c6472656e	1751
206f6e6365	1752
206163746976	1753
6c6572	1754
206e69676874	1755
6974696f6e73	1756
204a6f686e	1757
617065	1758
706c6179	1759
20646f6e65	1760
206c696d	1761
20776f726b696e67	1762
2050726573	1763
6f726c64	1764
6562	1765
20436f	1766
20626f6479	1767
61696c73	1768
75746573	1769
204d72	1770
2077686574686572	1771
20617574686f72	1772
726f70	1773
2070726f706572	1774
207365656e	1775
293b	1776
20666163	1777
205375	1778
20636f6e64	1779
6974696e67	1780
20636f75727365	1781
207d	1782
2d2d2d2d2d2d2d2d2d2d2d2d2d2d2d2d	1783
6169676e	1784
206576656e74	1785
20656e67	1786
20706f74	1787
20696e7465726e	1788
69616d	1789
2073686f7274	1790
656d7074	1791
e382	1792
20476f64	1793
696c6172	1794
3830	1795
206f726967	1796
4953	1797
6f75726e	1798
6162696c697479	1799
6974697665	1800
2064616d	1801
20313030	1802
207072657373	1803
20646f696e67	1804
2070726f74656374	1805
72696e67	1806
2074686f75676874	1807
207175657374696f6e	1808
726577	1809
20576172	1810
207365766572616c	1811
205374617465	1812
20676976656e	1813
2066756e64	1814
205477	1815
2077656e74	1816
616e636573	1817
776f726b	1818
706f72	1819
6d79	1820
3430	1821
20617267	1822
6172746d656e74	1823
7573746f6d	1824
20706f6c6963	1825
206d656574	1826
206372656174	1827
3232	1828
20537461746573	1829
2067616d6573	1830
726177	1831
7574757265	1832
20756e6465727374616e64	1833
757273	1834
204f62	1835
6c697368	1836
7379	1837
206d616b6573	1838
20776f6e	1839
61676f6e	1840
20687474	1841
206c6f7665	1842
656e7469616c	1843
20636f6d706c657465	1844
706172	1845
20496d	1846
414c	1847
206163636f756e74	1848
c2a0	1849
6f726564	1850
76657274	1851
206964656e74	1852
2032303135	1853
206f7468657273	1854
204d696e	1855
69626572	1856
766572616765	1857
5468657265	1858
6974696f6e616c	1859
6464	1860
2070726f62	1861
20796f756e67	1862
20616c6f6e67	1863
206163636f7264696e67	1864
20796574	1865
206d656d62657273	1866
2057686174	1867
6f6964	1868
204d616e	1869
416e64	1870
20616d6f6e67	1871
6169	1872
20656d706c6f79	1873
20526573	1874
203e	1875
20696e766f6c	1876
206c6f77	1877
6166	1878
20436172	1879
20686967	1880
204f6e65	1881
20536563	1882
696e6174696f6e	1883
206c696b656c79	1884
20616e74	1885
61676564	1886
2052757373	1887
2062656e	1888
2072656c65	1889
466f72	1890
6261636b	1891
204e6f74	1892
20707265736964656e74	1893
62616c6c	1894
20616363657373	1895
6976696475616c	1896
2044656d	1897
204575726f	1898
3630	1899
206b6e6f776e	1900
69726c	1901
204772	1902
206561726c79	1903
757365	1904
69657479	1905
e28093	1906
206669676874	1907
2073656e74	1908
20746f646179	1909
206d61726b6574	1910
222e	1911
206261736564	1912
207374726f6e67	1913
757274686572	1914
20646562	1915
6d626572	1916
2070726f626c656d	1917
206465617468	1918
20736f6369616c	1919
696d617465	1920
4153	1921
6f7274756e	1922
2063616d706169676e	1923
657279	1924
4368	1925
206579	1926
69616c6c79	1927
206d7573	1928
7768	1929
706f73	1930
206572	1931
20736166	1932
206d6f6e746873	1933
69726f6e	1934
2076696f6c	1935
2066697665	1936
2073747265	1937
20706c6179657273	1938
696e63	1939
616c64	1940
79656172	1941
61756e	1942
2073756363657373	1943
2070726573656e74	1944
6572656e6365	1945
2032303134	1946
2073756767	1947
20706172746963756c6172	1948
20747279	1949
2073756767657374	1950
20436872697374	1951
6f6e6573	1952
2070726976	1953
3233	1954
2063726974	1955
206c616e64	1956
206c6f63616c	1957
696679	1958
3239	1959
20617574	1960
4544	1961
204775	1962
206d756c74	1963
20706f6c69746963616c	1964
2061736b6564	1965
20666f726d6572	1966
6974746572	1967
72697074	1968
20636c6f7365	1969
207072616374	1970
20596f726b	1971
2067657474696e67	1972
206163726f7373	1973
20636f6d62	1974
2062656c69657665	1975
207a	1976
20746f676574	1977
20746f676574686572	1978
2043656e74	1979
697263	1980
20696e646976696475616c	1981
204d63	1982
3237	1983
69736b	1984
20456e67	1985
2066616365	1986
203234	1987
2076616c7565	1988
2061726561	1989
6576	1990
2077726974	1991
20507265736964656e74	1992
20766f74	1993
206b6579	1994
206d6f6d	1995
707574	1996
20616e797468696e67	1997
20657870657269656e6365	1998
6174746c65	1999
206d696e64	2000
616666	2001
6f6d6d	2002
20667574757265	2003
676564	2004
20637574	2005
20746f74	2006
69746368	2007
20766964656f	2008
20696e766573746967	2009
206e6574	2010
204d79	2011
72696374	2012
69656e	2013
2e29	2014
20696d70726f	2015
74686f756768	2016
7761726473	2017
20636f6e6e656374	2018
204d6564	2019
73656c766573	2020
656e73697665	2021
6d62	2022
6f626572	2023
61746f7273	2024
416e	2025
203530	2026
2072656475	2027
726573656e74	2028
2061626f7665	2029
20667265	2030
204575726f7065	2031
7377	2032
20616d6f756e74	2033
20417070	2034
20656974686572	2035
206d696c6974	2036
20616e616c	2037
206661696c	2038
20456e	2039
616c6573	2040
207370656369616c	2041
20626c61636b	2042
4954	2043
63686572	2044
206c6f6f6b696e67	2045
2066697265	2046
796e	2047
20616c6d6f7374	2048
6f6f6e	2049
207374756479	2050
206d697373	2051
63686573	2052
726f776e	2053
20747265	2054
20636f6d6d756e697479	2055
206d65646961	2056
20666f6f64	2057
20636f6d6573	2058
20556e6976657273697479	2059
2073696e676c65	2060
57686174	2061
756c79	2062
2068616c66	2063
61677565	2064
686f64	2065
2052657075626c6963	2066
2073746172746564	2067
20717569636b	2068
6f746f	2069
626f6f6b	2070
206973737565	2071
69746f72	2072
20656c7365	2073
20636f6e7369646572	2074
3236	2075
726f6475	2076
2074616b656e	2077
3238	2078
3939	2079
2057697468	2080
2074727565	2081
207761	2082
2074726164	2083
2061676f	2084
206d657373	2085
696566	2086
206164646564	2087
6f6b65	2088
20626164	2089
20666176	2090
3333	2091
2073696d696c6172	2092
61736b	2093
20446f6e	2094
20636861726163746572	2095
6f727473	2096
20486f757365	2097
207265706f72746564	2098
2074797065	2099
76616c	2100
696f64	2101
20486f7765766572	2102
2074617267	2103
20656e74697265	2104
7070696e67	2105
20686973746f7279	2106
206c697665	2107
66666963	2108
2e2e2e2e2e2e2e2e	2109
65646572616c	2110
20747279696e67	2111
2064697363757373	2112
20486172	2113
61636573	2114
6c6973686564	2115
2073656c66	2116
6f7370	2117
72657374	2118
20726f6f6d	2119
656c74	2120
2066616c6c	2121
6f6c7574696f6e	2122
206574	2123
2078	2124
2069736e	2125
2069646561	2126
626f	2127
20736f756e64	2128
20446570	2129
20736f6d656f6e65	2130
6369616c6c79	2131
756c6c79	2132
20666f63	2133
206f626a656374	2134
696674	2135
61706572	2136
20706c61796572	2137
20726174686572	2138
2073657276696365	2139
617368696e67	2140
20446f	2141
2050617274	2142
727567	2143
6d6f6e	2144
706c79	2145
206d6f72	2146
206e6f7468696e67	2147
2070726f76696465	2148
4943	2149
756e67	2150
207061727479	2151
206578697374	2152
206d6167	2153
3730	2154
2072756c	2155
20686f757365	2156
20626568696e64	2157
20686f7765766572	2158
20576f726c64	2159
2073756d	2160
206170706c6963	2161
203b	2162
2066756e6374696f6e	2163
6772	2164
20506f6c	2165
2066726f6e74	2166
323030	2167
20736572696573	2168
2074656d	2169
20747970	2170
696c6c73	2171
206f7074	2172
20706f696e7473	2173
2062656c6f77	2174
6974746564	2175
207370656369666963	2176
2032303137	2177
756d62	2178
207261	2179
2070726576696f7573	2180
2070726574	2181
72656d65	2182
20637573746f6d	2183
20636f757274	2184
204d65	2185
207265706c	2186
2077686f6c65	2187
676f	2188
636572	2189
207472656174	2190
20416374	2191
2070726f6261626c79	2192
206c6561726e	2193
656e646572	2194
20417373	2195
2076657273696f6e	2196
6e6f77	2197
20636865636b	2198
2043616c	2199
5245	2200
6d696e697374	2201
4f6e	2202
6f7572636573	2203
2062656e6566	2204
20646f63	2205
206465746572	2206
20656e63	2207
207375706572	2208
2061646472657373	2209
2076696374	2210
2032303133	2211
206d656173	2212
7472	2213
206669656c64	2214
5768656e	2215
207369676e69666963	2216
756765	2217
2066656174	2218
20636f6d6d6f6e	2219
6c6f6164	2220
20626567696e	2221
206272696e67	2222
20616374696f6e	2223
65726d616e	2224
2064657363726962	2225
20696e64757374	2226
2077616e746564	2227
72696564	2228
6d696e67	2229
20617474656d7074	2230
3435	2231
666572	2232
20647565	2233
72657373696f6e	2234
2323	2235
207368616c6c	2236
20736978	2237
6f6f	2238
2073746570	2239
20707562	2240
2068696d73656c66	2241
203233	2242
20636f70	2243
2064657374	2244
2073746f70	2245
4143	2246
6962696c697479	2247
206c6162	2248
6963756c74	2249
20686f757273	2250
20637265617465	2251
2066757274686572	2252
20416d6572696361	2253
2043697479	2254
20646f75	2255
68656164	2256
5354	2257
204e6f727468	2258
63696e67	2259
206e6174696f6e616c	2260
756c65	2261
20496e7374	2262
2074616b696e67	2263
205175	2264
697274	2265
20726564	2266
207265736561726368	2267
7669726f6e	2268
204765	2269
20627265616b	2270
616e61	2271
207370616365	2272
6174657269616c	2273
20726563656e74	2274
204162	2275
2067656e6572616c	2276
20686974	2277
20706572696f64	2278
2065766572797468696e67	2279
6976656c79	2280
2070687973	2281
20736179696e67	2282
616e6b73	2283
20636f75	2284
2063756c74	2285
61636564	2286
65616c	2287
756174696f6e	2288
20636f756e	2289
6c75	2290
20696e636c756465	2291
20706f736974696f6e	2292
204166746572	2293
2043616e6164	2294
20456d	2295
20696d6d	2296
20526564	2297
207069636b	2298
20636f6d706c	2299
206d6174746572	2300
726567	2301
657874	2302
616e6775	2303
697363	2304
6f6c65	2305
617574	2306
20636f6d706574	2307
656564	2308
66656374	2309
203231	2310
2053656e	2311
205468657365	2312
6173696e67	2313
2063616e6e6f74	2314
20696e6974	2315
2072656c6174696f6e73	2316
6163686564	2317
20626172	2318
203430	2319
205448	2320
2032303132	2321
20766f6c	2322
2067726f756e64	2323
207365637572697479	2324
20757064	2325
696c74	2326
3335	2327
20636f6e6365726e	2328
204a757374	2329
207768697465	2330
207365656d73	2331
20486572	2332
70656369616c6c79	2333
69656e7473	2334
20616e6e6f756e	2335
20666967	2336
6967687473	2337
2073747269	2338
6c696b65	2339
696473	2340
20737573	2341
207761746368	2342
20e2	2343
2077696e64	2344
20436f6e74	2345
20697473656c66	2346
206d617373	2347
416c	2348
796c65	2349
69717565	2350
204e6174696f6e616c	2351
20616273	2352
207061636b	2353
206f757473696465	2354
20616e696d	2355
207061696e	2356
65746572	2357
206d616e6167	2358
64756374	2359
6f676e	2360
205d	2361
2053657074	2362
736563	2363
6f6666	2364
204a616e	2365
20666f6f74	2366
61646573	2367
207468697264	2368
206d6f74	2369
2065766964656e6365	2370
696e746f6e	2371
20746872656174	2372
617074	2373
706c6573	2374
636c65	2375
206c6f	2376
206465636c	2377
206974656d	2378
6d656469	2379
20726570726573656e74	2380
6f6d62	2381
616d6572	2382
207369676e69666963616e74	2383
6f6772617068	2384
7375	2385
2063616c	2386
69726573	2387
30303030	2388
4944	2389
414d	2390
2073696d706c79	2391
206c6f6e676572	2392
2066696c65	2393
4f54	2394
636865	2395
536f	2396
61746567	2397
6f7267	2398
20486973	2399
20656e6572	2400
20646f6d	2401
2075706f6e	2402
696c69	2403
223a22	2404
207468656d73656c766573	2405
20636f6d696e67	2406
207175697465	2407
20646966666963756c74	2408
20426172	2409
696c6974696573	2410
72656c	2411
656e6473	2412
6369616c	2413
3634	2414
20776f6d616e	2415
726170	2416
7972	2417
206e6563657373	2418
697073	2419
2074657874	2420
2072657175697265	2421
206d696c6974617279	2422
20726576696577	2423
20726573706f6e73	2424
3735	2425
207375626a656374	2426
20696e7374656164	2427
20697373756573	2428
2067656e	2429
222c22	2430
206d696e75746573	2431
2077656170	2432
726179	2433
616d6564	2434
74696d65	2435
626c	2436
486f77	2437
20636f6465	2438
20536d	2439
20686967686572	2440
20537465	2441
726973	2442
2070616765	2443
2073747564656e7473	2444
20496e7465726e	2445
206d6574686f64	2446
20417567	2447
20506572	2448
204167	2449
20706f6c696379	2450
205377	2451
2065786563	2452
20616363657074	2453
756d65	2454
7269627574	2455
20776f726473	2456
2066696e616c	2457
206368616e676573	2458
2044656d6f6372	2459
20667269656e6473	2460
2072657370656374	2461
206570	2462
20636f6d70616e	2463
6976696c	2464
2064616d616765	2465
2a2a2a2a	2466
6f676c65	2467
7669726f6e6d656e74	2468
206e6567	2469
656e74616c	2470
206170	2471
20746f74616c	2472
6976616c	2473
2122	2474
6c696d	2475
206e65656473	2476
2061677265	2477
20646576656c6f706d656e74	2478
20616765	2479
69706c65	2480
3231	2481
20726573756c7473	2482
204166	2483
5368	2484
2067756e	2485
204f62616d61	2486
726f6c6c	2487
2040	2488
20726967687473	2489
2042726974	2490
2072756e6e696e67	2491
207761736e	2492
20706f7274	2493
2072617465	2494
20707265747479	2495
20746172676574	2496
20736177	2497
2063697263	2498
20776f726b73	2499
6963726f	2500
616c74	2501
6f766572	2502
777777	2503
54686174	2504
6c696572	2505
2065766572796f6e65	2506
756465	2507
20706965	2508
6964646c65	2509
7261656c	2510
20726164	2511
20626c6f636b	2512
2077616c6b	2513
546f	2514
e381	2515
6e6573	2516
2041757374	2517
61756c	2518
726f7465	2519
20536f757468	2520
657373696f6e	2521
6f7068	2522
2073686f7773	2523
2073697465	2524
206a6f	2525
207269736b	2526
636c7573	2527
6c74	2528
20696e6a	2529
6964696e67	2530
20537065	2531
206368616c6c	2532
69726d	2533
203232	2534
697474696e67	2535
737472	2536
206879	2537
4c45	2538
6b6579	2539
20626567616e	2540
61747572	2541
617368696e67746f6e	2542
6c616d	2543
20446176	2544
626974	2545
2073697a65	2546
20506172	2547
3338	2548
6f75726e616c	2549
66616365	2550
206465636973696f6e	2551
206c617267	2552
206a7564	2553
72656374	2554
20636f6e74696e7565	2555
204f6374	2556
6f7665726564	2557
20496e74	2558
3d3d3d3d3d3d3d3d	2559
20706172656e74	2560
2057696c6c	2561
2065617379	2562
2064727567	2563
616e676572	2564
2073656e7365	2565
206469	2566
69646179	2567
20656e65726779	2568
6973746963	2569
206173736f6369	2570
6172746572	2571
6f62616c	2572
656b73	2573
20456c	2574
75726368	2575
206769726c	2576
6f65	2577
69746c65	2578
203238	2579
20436865	2580
2072657175657374	2581
20736f6f6e	2582
20686f7374	2583
6b79	2584
20737461746573	2585
6f6d6573	2586
206d6174657269616c	2587
6c6578	2588
206d6f6d656e74	2589
20616e7377	2590
6f6e7365	2591
20657370656369616c6c79	2592
206e6f726d	2593
207365727669636573	2594
70697465	2595
72616e	2596
20726f6c65	2597
3434	2598
293a	2599
2063726564	2600
436c	2601
5f5f5f5f5f5f5f5f	2602
206d6174	2603
206c6f67	2604
20436c696e746f6e	2605
4f55	2606
206f6666696365	2607
203236	2608
206368617267	2609
20747261636b	2610
6d61	2611
206865617274	2612
2062616c6c	2613
20706572736f6e616c	2614
206275696c64696e67	2615
6e61	2616
736574	2617
626f6479	2618
20426c61636b	2619
20696e637265617365	2620
697474656e	2621
206e6565646564	2622
3336	2623
3332	2624
3d22	2625
206c6f7374	2626
20626563616d65	2627
2067726f757073	2628
204d7573	2629
2077726f7465	2630
205065	2631
2070726f70	2632
6a6f79	2633
c3a9	2634
205768697465	2635
2064656164	2636
2e27	2637
2068747470	2638
2077656273	2639
4f53	2640
20696e73696465	2641
2077726f6e67	2642
2073746174656d656e74	2643
202e2e2e	2644
796c	2645
2066696c6d	2646
206d75736963	2647
207368617265	2648
696669636174696f6e	2649
2072656c65617365	2650
20666f7277617264	2651
2073746179	2652
20636f6d707574	2653
69747465	2654
736572	2655
206f726967696e616c	2656
2063617264	2657
2063616e64	2658
20646976	2659
61747572616c	2660
206661766f72	2661
4f4d	2662
206361736573	2663
75736573	2664
2073656374696f6e	2665
206c65617665	2666
67696e67	2667
6f766564	2668
2057617368696e67746f6e	2669
3339	2670
20476c	2671
207265717569726564	2672
616374696f6e	2673
6170616e	2674
6f6f72	2675
69746572	2676
204b696e67	2677
20636f756e7472696573	2678
204765726d616e	2679
6c6c696e67	2680
203237	2681
3334	2682
207175657374696f6e73	2683
207072696d	2684
2063656c6c	2685
2073686f6f74	2686
20616e796f6e65	2687
2057657374	2688
20616666656374	2689
6570656e64	2690
206f6e6c696e65	2691
2049737261656c	2692
2053657074656d626572	2693
206162696c697479	2694
20636f6e74656e74	2695
69736573	2696
2072657665	2697
206c61756e	2698
20696e646963	2699
20666f726365	2700
63617374	2701
20736f6c64	2702
6176696e67	2703
666c	2704
20736f6674	2705
20636f6d70616e696573	2706
63656564	2707
2061727469636c65	2708
20617564	2709
20726576	2710
2065647563	2711
20706c6179696e67	2712
3035	2713
2068656c64	2714
63746f72	2715
2072656c6561736564	2716
206665646572616c	2717
3337	2718
2061646d696e697374	2719
20696e74657276696577	2720
20696e7374616c6c	2721
207265636569766564	2722
20736f75726365	2723
756b	2724
5068	2725
20736572696f7573	2726
2063726561746564	2727
206361757365	2728
20696d6d656469	2729
20646566696e	2730
75656c	2731
204465706172746d656e74	2732
6374696f6e73	2733
20436f7572	2734
204e6f77	2735
7a65	2736
69746573	2737
69747574696f6e	2738
206c617465	2739
20737065616b	2740
6e657273	2741
206c6567616c	2742
617269	2743
20436f72	2744
207765656b73	2745
206d6f64656c	2746
2070726564	2747
206578616374	2748
4243	2749
204279	2750
494e47	2751
6f73696e67	2752
2074616b6573	2753
20726567617264	2754
206f70706f7274756e	2755
207072696365	2756
20313938	2757
20417072	2758
66756c6c79	2759
206f7264	2760
2070726f626c656d73	2761
72756374696f6e	2762
68616d	2763
20436f756e74	2764
6c656765	2765
206c656164657273	2766
4554	2767
6c6576	2768
2064656570	2769
6f6c6f676963616c	2770
657365	2771
68617073	2772
20536f6d65	2773
2070657273	2774
20636f6e7472616374	2775
2072656c6174696f6e73686970	2776
7370	2777
6f7564	2778
2062617365	2779
3438	2780
6d6974	2781
4164	2782
616e6369616c	2783
20636f6e73756d	2784
20706f74656e7469616c	2785
206c616e6775	2786
72656d	2787
657468	2788
2072656c6967	2789
726573736564	2790
3636	2791
206c696e6b	2792
206c6f776572	2793
61796572	2794
204a756e65	2795
2066656d	2796
756e74	2797
657263	2798
757264	2799
20636f6e74616374	2800
20696c6c	2801
206d6f74686572	2802
206573746162	2803
687474	2804
204d61726368	2805
2042726f	2806
204368696e61	2807
203239	2808
20737175	2809
2070726f7669646564	2810
2061766572616765	2811
61736f6e73	2812
2032303131	2813
206578616d	2814
6c696e	2815
3535	2816
6e6564	2817
2070657266656374	2818
20746f75	2819
616c7365	2820
7578	2821
20627579	2822
2073686f74	2823
20636f6c6c656374	2824
2070686f74	2825
20706c61796564	2826
207375727072	2827
206f6666696369616c73	2828
2073696d706c65	2829
617679	2830
20696e647573747279	2831
2068616e6473	2832
67726f756e64	2833
2070756c6c	2834
20726f756e64	2835
2075736572	2836
2072616e6765	2837
75617279	2838
2070726976617465	2839
6f7073	2840
656573	2841
2077617973	2842
204d696368	2843
20766568	2844
20657863657074	2845
207465726d73	2846
696d756d	2847
70706572	2848
494f4e	2849
6f726573	2850
20447261676f6e	2851
6f756c	2852
2064656e	2853
20706572666f726d616e6365	2854
2062696c6c	2855
63696c	2856
3437	2857
20656e7669726f6e6d656e74	2858
20657863	2859
616464	2860
20776f727468	2861
2070696374	2862
206368616e6365	2863
2032303138	2864
626f72	2865
207370656564	2866
696374696f6e	2867
20616c6c6567	2868
204a6170616e	2869
61746f7279	2870
72656574	2871
206d61746368	2872
204949	2873
2073747275	2874
6f72646572	2875
20737465	2876
206c6976696e67	2877
20737472756374	2878
696e6f	2879
207365706172	2880
6865726e	2881
20726573706f6e7365	2882
20656e6a6f79	2883
20766961	2884
4144	2885
756d656e7473	2886
616365626f6f6b	2887
206d656d626572	2888
696272	2889
697a696e67	2890
20746f6f6c	2891
204d6f6e	2892
205768696c65	2893
686f6f64	2894
20416e67	2895
20446566	2896
206f66666572	2897
5472	2898
617572	2899
207475726e6564	2900
204a756c79	2901
646f776e	2902
616e636564	2903
20726563656e746c79	2904
20456172	2905
206365	2906
2053746172	2907
20436f6e67	2908
726f75676874	2909
20626c6f6f64	2910
20686f7065	2911
20636f6d6d656e74	2912
61696e74	2913
2061727269	2914
696c6573	2915
207061727469636970	2916
6f75676874	2917
72697074696f6e	2918
3038	2919
3439	2920
2067617665	2921
2073656c656374	2922
206b696c6c6564	2923
73796368	2924
20676f6573	2925
696a	2926
20636f6c6c	2927
20696d70616374	2928
617469766573	2929
20536572	2930
3039	2931
20417567757374	2932
20626f79	2933
6465	2934
20446573	2935
2066656c74	2936
5553	2937
206578706563746564	2938
20696d616765	2939
204d61726b	2940
63636f7264696e67	2941
6f696365	2942
4543	2943
204d6167	2944
656e6564	2945
686f6c64	2946
20506f7374	2947
2070726576656e74	2948
4e6f	2949
20696e766f6c766564	2950
2065796573	2951
20717569636b6c79	2952
4174	2953
756e6b	2954
206265686176	2955
207572	2956
206c6564	2957
636f6d65	2958
6579	2959
2063616e646964	2960
206561726c696572	2961
20666f637573	2962
657479	2963
50726f	2964
6c65646765	2965
69786564	2966
696c6c6564	2967
20706f70756c6172	2968
4150	2969
2073657474	2970
6c69676874	2971
20766172696f7573	2972
696e6b73	2973
206c6576656c73	2974
20726f6164	2975
656c6c6967	2976
61626c6573	2977
68656c	2978
6974746565	2979
2047656e6572	2980
797065	2981
206865617264	2982
69636c6573	2983
206d6973	2984
207573657273	2985
2053616e	2986
20696d70726f7665	2987
20666174686572	2988
20736561726368	2989
54686579	2990
76696c	2991
2070726f66657373	2992
206b6e6577	2993
206c6f7373	2994
206576656e7473	2995
3635	2996
2062696c6c696f6e	2997
3037	2998
3032	2999
204e657773	3000
20414d	3001
20636f766572	3002
7768657265	3003
656e73696f6e	3004
20626f7474	3005
206172656173	3006
656e636573	3007
6f7065	3008
2054776974746572	3009
61656c	3010
2067657473	3011
20476f6f676c65	3012
20736e	3013
69616e74	3014
20766f7465	3015
206e6561726c79	3016
20696e636c75646564	3017
207265636f676e	3018
7a7a	3019
6d6d	3020
616c6564	3021
2068617070656e6564	3022
3034	3023
20686f74	3024
2077686f7365	3025
20636976696c	3026
2073756666	3027
6f6573	3028
6974697a	3029
2053797269	3030
20726573706f6e64	3031
20686f6e	3032
206665617475726573	3033
2065636f6e6f6d6963	3034
20417072696c	3035
72696d	3036
20746563686e6f6c6f6779	3037
206f7074696f6e	3038
6167696e67	3039
207075726368	3040
5265	3041
206c6174	3042
63686965	3043
69736c	3044
207265636f6d6d	3045
7566	3046
20747261696e696e67	3047
2065666665637473	3048
2066617374	3049
2032303130	3050
206f63637572	3051
2077656273697465	3052
20656d61696c	3053
2073656e73	3054
656368	3055
206f696c	3056
20696e666c75	3057
2063757272656e746c79	3058
20536368	3059
20416464	3060
20676f616c	3061
20736369656e74	3062
20636f6e76	3063
313030	3064
656d79	3065
2064656369646564	3066
2074726176656c	3067
206d656e74696f6e	3068
4c4c	3069
3033	3070
20656c656374696f6e	3071
2070686f6e65	3072
206c6f6f6b73	3073
20736974756174696f6e	3074
206379	3075
20686f72	3076
626564	3077
20436f757274	3078
61696c79	3079
61766573	3080
207175616c697479	3081
20436f6d70	3082
77697365	3083
207461626c65	3084
207374616666	3085
2057696e64	3086
657474	3087
207472696564	3088
696465726564	3089
206164646974696f6e	3090
20626f78	3091
206c61636b	3092
6172696c79	3093
2077696465	3094
206d6964	3095
20626f617264	3096
79736973	3097
20616e7469	3098
6861	3099
20646967	3100
656e696e67	3101
2064726f	3102
436f6e	3103
3638	3104
20736c6f77	3105
6261736564	3106
73657175	3107
2070617468	3108
4578	3109
616b6572	3110
20776f726b6564	3111
2070656e	3112
20656e67696e65	3113
206c6f6f6b6564	3114
205375706572	3115
2053657276	3116
2076696374696d	3117
556e	3118
2070726f7065727479	3119
20696e74726f6475	3120
20657865637574	3121
20504d	3122
4c65	3123
20636f6c6f72	3124
204d6f7265	3125
203630	3126
206e6574776f726b	3127
2064617465	3128
63756c	3129
69646765	3130
206578747261	3131
3331	3132
20736c65	3133
3637	3134
20776f6e64	3135
207265706f727473	3136
6a757374	3137
204175737472616c	3138
206361706974616c	3139
20656e73	3140
20636f6d6d616e64	3141
20616c6c6f776564	3142
2070726570	3143
2063617074	3144
686962	3145
206e756d62657273	3146
6368616e	3147
2066616972	3148
6d70	3149
6f6d73	3150
207265616368	3151
57697468	3152
7461696e	3153
2062726f6164	3154
20636f75706c65	3155
656361757365	3156
6c79696e67	3157
20466562	3158
2073637265656e	3159
206c69766573	3160
207072696f72	3161
20436f6e6772657373	3162
4172	3163
20617070726f616368	3164
20656d6572	3165
6172696573	3166
20446973	3167
73657276	3168
204e65	3169
206275696c74	3170
63696573	3171
2072657065	3172
2072756c6573	3173
666f726365	3174
2050616c	3175
2066696e616e6369616c	3176
20636f6e73696465726564	3177
2043686172	3178
6e636573	3179
204953	3180
2062726f75676874	3181
206269	3182
69657273	3183
2053696d	3184
4f50	3185
2070726f6475637473	3186
207669736974	3187
20646f63756d656e74	3188
20636f6e64756374	3189
20636f6d706c6574656c79	3190
696e696e67	3191
2043616c6966	3192
69626c79	3193
207772697474656e	3194
205456	3195
656d656e7473	3196
2064726177	3197
4f6e65	3198
207075626c6973686564	3199
20736563726574	3200
7261696e	3201
686574	3202
2046616365626f6f6b	3203
6f6e646179	3204
205570	3205
2073657875616c	3206
2074686f7573	3207
20506174	3208
20657373	3209
207374616e64617264	3210
2061726d	3211
676573	3212
656374696f6e	3213
2066656c6c	3214
20666f726569676e	3215
616e69	3216
20467269646179	3217
20726567756c6172	3218
696e617279	3219
20696e63726561736564	3220
20757375616c6c79	3221
2064656d6f6e	3222
206461726b	3223
206164646974696f6e616c	3224
726f6c	3225
204f66	3226
2070726f64756374696f6e	3227
2121	3228
756e64726564	3229
20696e7465726e6174696f6e616c	3230
6964656e7473	3231
2046726565	3232
726f7570	3233
2072616365	3234
206d616368	3235
2068756765	3236
416c6c	3237
6c656172	3238
6f76656d626572	3239
20746f776e	3240
20617474656e74696f6e	3241
204f6666	3242
796f6e64	3243
205468656e	3244
6669656c64	3245
20746572726f72	3246
72617a	3247
20426f	3248
206d656574696e67	3249
205061726b	3250
20617272657374	3251
2066656172	3252
206177	3253
2056616c	3254
6f72696e67	3255
272c	3256
2065787472656d65	3257
617272	3258
20776f726b657273	3259
4166746572	3260
203331	3261
6e6574	3262
616d656e74	3263
206469726563746c79	3264
20706f70756c6174696f6e	3265
756265	3266
204f63746f626572	3267
20494e	3268
204a616e75617279	3269
3539	3270
204461766964	3271
2063726f7373	3272
63656d626572	3273
204669727374	3274
206d657373616765	3275
69726974	3276
206e6174696f6e	3277
20706f6c6c	3278
6973696f6e73	3279
20616e73776572	3280
6e79	3281
69736f6465	3282
206361727279	3283
20527573736961	3284
2068656172	3285
656e677468	3286
726f79	3287
206e61747572616c	3288
696e616c6c79	3289
20646f67	3290
6d6974746564	3291
207472616465	3292
207375627374	3293
206d756c7469706c65	3294
204166726963	3295
2066616e73	3296
20736f7274	3297
20676c6f62616c	3298
69636174696f6e	3299
20576564	3300
617261	3301
206163686965	3302
206c616e6775616765	3303
766579	3304
2074616c	3305
206e6563657373617279	3306
2064657461696c73	3307
2073656e	3308
2053756e64	3309
20526567	3310
20526563	3311
3036	3312
2073696c	3313
72657373697665	3314
206d65646963616c	3315
756e6368	3316
6f726e6961	3317
20756e64	3318
666f7274	3319
6f636b73	3320
204d6f6e646179	3321
756573646179	3322
6372616674	3323
3737	3324
757274	3325
20766572	3326
2048696c6c	3327
2072656365697665	3328
206d6f726e696e67	3329
65737465726e	3330
2062616e6b	3331
20736174	3332
69727468	3333
2048696768	3334
20646576696365	3335
20544845	3336
2043656e746572	3337
2073616665	3338
20706c65	3339
2043616e616461	3340
2073797374656d73	3341
20617373697374	3342
2073757276	3343
20626174746c65	3344
20536f63	3345
766572746973	3346
536865	3347
207061706572	3348
2067726f777468	3349
2063617374	3350
5363	3351
20706c616e73	3352
6c6c6564	3353
207061727473	3354
2077616c6c	3355
206d6f76656d656e74	3356
207072616374696365	3357
696d6174656c79	3358
20646973706c6179	3359
20736f6d6574696d6573	3360
6f6d70	3361
205061756c	3362
20596573	3363
6b696e67	3364
3538	3365
6f6c79	3366
20736f6e	3367
2061766f6964	3368
6f6b6573	3369
204a6577	3370
20746f7761726473	3371
617363	3372
202f2f	3373
204b6f7265	3374
2074616c6b696e67	3375
20636f7272656374	3376
207370656e74	3377
69636b73	3378
6961626c65	3379
6561726564	3380
207465726d	3381
2077616e7473	3382
6f6d696e67	3383
207574	3384
20646f7562	3385
20666f72636573	3386
20706c65617365	3387
3639	3388
204e6f76656d626572	3389
6174666f726d	3390
6f6e646f6e	3391
206f6e6573	3392
20696d6d6564696174656c79	3393
205275737369616e	3394
204d6574	3395
20646567	3396
20706172656e7473	3397
4348	3398
20416d65726963616e73	3399
616c79	3400
204d6f64	3401
2073686f776e	3402
20636f6e646974696f6e73	3403
207374756666	3404
20726562	3405
20596f7572	3406
20696e636c75646573	3407
6e6f776e	3408
2053616d	3409
20657870657269656e	3410
6d697373696f6e	3411
204576656e	3412
6175676874	3413
20616e6e6f756e636564	3414
2052657075626c6963616e	3415
2064657465726d696e	3416
20646573637269626564	3417
20436f756e7479	3418
2829	3419
20646f6f72	3420
206368616e676564	3421
206e65696768	3422
2048657265	3423
20636c65616e	3424
2070616e	3425
20446563656d626572	3426
204575726f7065616e	3427
6972696e67	3428
6170746572	3429
20636c7562	3430
2054756573646179	3431
2070616964	3432
204e6574	3433
2061747461636b73	3434
2063686172616374657273	3435
20616c6f6e65	3436
206469726563746f72	3437
646f6d	3438
203335	3439
206c6f6164	3440
20726f7574	3441
2043616c69666f726e6961	3442
2066696e616c6c79	3443
20726163	3444
20636f6e7472	3445
2065786163746c79	3446
72657368	3447
707269	3448
2049736c616d	3449
206e6174757265	3450
20636172656572	3451
206c6174657374	3452
20636f6e76657273	3453
20536c	3454
706f7365	3455
6369656e74	3456
20496e63	3457
6976697479	3458
3838	3459
20417474	3460
204d6f72	3461
6e6573646179	3462
20776569676874	3463
6b656e	3464
206e6f7465	3465
207465616d73	3466
205c	3467
61697273	3468
20477265656e	3469
2068756e64726564	3470
6f6e656e74	3471
20737472656e67	3472
20636f6e73697374	3473
696361746564	3474
20726567756c	3475
206c6963	3476
6173746963	3477
2074656e	3478
757273646179	3479
656c6c6967656e6365	3480
6f75736c79	3481
20554b	3482
4249	3483
20636f737473	3484
20696e646570656e64	3485
204150	3486
206e6f726d616c	3487
20686f6d	3488
206f6276696f7573	3489
20737765	3490
2073746172	3491
207265616479	3492
6163686572	3493
20696d706c656d656e74	3494
67657374	3495
20736f6e67	3496
20476574	3497
204c6162	3498
20696e746572657374696e67	3499
7573696e67	3500
20676976696e67	3501
2053756e646179	3502
20657463	3503
206d6964646c65	3504
2072656d656d626572	3505
7269676874	3506
6f736974696f6e	3507
7574696f6e73	3508
206d6178	3509
3436	3510
20796f757273656c66	3511
2064656d616e64	3512
2074726561746d656e74	3513
2064616e676572	3514
20436f6e73	3515
20677579	3516
2042726974697368	3517
20706879736963616c	3518
2072656c61746564	3519
2072656d61696e	3520
20636f756c646e	3521
207265666572	3522
20636974697a	3523
626f78	3524
454e54	3525
626f617264	3526
20696e6e	3527
4947	3528
65726f	3529
20537472656574	3530
6f73706974616c	3531
72656e6368	3532
6368657273	3533
2073747261	3534
4f4c	3535
61676572	3536
20414e	3537
20656173696c79	3538
4941	3539
656e6765	3540
696e79	3541
20636c6f73	3542
6f636b6564	3543
2075736573	3544
20436f756e	3545
496d	3546
75696c64	3547
3f3f	3548
6d6f7265	3549
20616e67	3550
207772697465	3551
6f6c757465	3552
3537	3553
206c6561646572	3554
2072656164696e67	3555
3c2f	3556
206175746f6d	3557
65737473	3558
3433	3559
206c656769736c	3560
20476f6c64	3561
2064657369676e6564	3562
205354	3563
204c6567	3564
61726573	3565
206265617574	3566
20546578	3567
2061707065617273	3568
20737472756767	3569
20526f6d	3570
203030	3571
2063686f696365	3572
20706172746963756c61726c79	3573
2046726f6d	3574
6f706572	3575
204c6f6e646f6e	3576
616e6e6564	3577
20616c6c6f7773	3578
6f62696c65	3579
20646966666572656e6365	3580
e280a2	3581
2056696577	3582
205765646e6573646179	3583
20616c74686f756768	3584
2072656c6174697665	3585
206170706c69636174696f6e	3586
617465766572	3587
206172656e	3588
206d7973656c66	3589
20696d6167	3590
2064697365	3591
20736f6369657479	3592
206672657175	3593
20456e676c697368	3594
20706f6f72	3595
20446179	3596
2077726974696e67	3597
20736576656e	3598
207374617274696e67	3599
20627564	3600
207072696e74	3601
205472616e73	3602
7566616374	3603
2053747564	3604
6e6577	3605
206372696d	3606
206769766573	3607
20636f6f6c	3608
6165	3609
69616e6365	3610
2047656e6572616c	3611
207468696e6b696e67	3612
2073617665	3613
206c696d69746564	3614
205061727479	3615
206d65616e696e67	3616
70656e	3617
6f77657273	3618
204a61636b	3619
454d	3620
206e696365	3621
72757074	3622
20676173	3623
206569676874	3624
2066656574	3625
206566666f7274	3626
2069676e	3627
69636974	3628
426c	3629
636f696e	3630
206f70696e	3631
20627261696e	3632
5768696c65	3633
68657374	3634
205468757273646179	3635
20776f756c646e	3636
61756768746572	3637
20746f756368	3638
6c656d656e7473	3639
2073747564696573	3640
2063656e746572	3641
636f6e74	3642
6f726765	3643
20636f6d7075746572	3644
20696e7665737469676174696f6e	3645
506c	3646
6f726b73	3647
2032303038	3648
20696e6372656173696e67	3649
2073746f7265	3650
20636f6d6d656e7473	3651
2062616c	3652
6d656e	3653
20646f6c6c	3654
206c69626572	3655
2077696665	3656
206c617773	3657
61747572646179	3658
69746e657373	3659
206d6f6465726e	3660
20536b	3661
2061646d696e697374726174696f6e	3662
206f70706f7274756e697479	3663
2073616c	3664
20706f77657266756c	3665
4d79	3666
20636c61696d73	3667
204561727468	3668
6f726473	3669
207469746c65	3670
20657363	3671
6e616d65	3672
4e6f74	3673
6f6d656e	3674
206265796f6e64	3675
2063616d6572	3676
2073656c6c	3677
6974757465	3678
6561726368	3679
206170706c	3680
696d656e74	3681
3432	3682
20417274	3683
20756e66	3684
2076696f6c656e6365	3685
757267	3686
2045617374	3687
20636f6d7061726564	3688
206f7074696f6e73	3689
207468726f7567686f7574	3690
207673	3691
696772	3692
2e5b	3693
6163686573	3694
3738	3695
2066696c6573	3696
464c	3697
454c	3698
617269616e	3699
204a616d6573	3700
20416972	3701
616e6368	3702
2064657461696c	3703
207069656365	3704
5053	3705
206e616d6564	3706
20656475636174696f6e	3707
206472697665	3708
206974656d73	3709
2073747564656e74	3710
69636564	3711
3a3a	3712
69636f	3713
207468726f77	3714
207363656e65	3715
20636f6d706c6578	3716
2032303039	3717
2070726563	3718
20427265	3719
3739	3720
20636f6e63657074	3721
20737461747573	3722
616d696e67	3723
2064696564	3724
206b6e6f776c65646765	3725
20626567696e6e696e67	3726
4f44	3727
7275617279	3728
206365727461696e6c79	3729
2067757973	3730
20736c69676874	3731
696e6e	3732
6f756e6473	3733
2066696e65	3734
20666174	3735
69636174696f6e73	3736
2070657268617073	3737
20416e74	3738
20696e636f6d65	3739
206874747073	3740
206d616a6f72697479	3741
706f727473	3742
73746f6e	3743
2067726561746572	3744
2066656564	3745
656e7469616c6c79	3746
20736166657479	3747
20756e69717565	3748
616e646f6d	3749
20676f6e65	3750
2073686f776564	3751
20686973746f72	3752
20636f756e746572	3753
697573	3754
696461	3755
206c656164696e67	3756
697065	3757
2073656e64	3758
20446f6e616c64	3759
65727665	3760
20646566656e7365	3761
696e657365	3762
20796573	3763
2046697265	3764
204d75736c696d	3765
726171	3766
20636f6e74696e756564	3767
6f7368	3768
2070726f7669646573	3769
20707269736f6e	3770
20507265	3771
206861707079	3772
2065636f6e6f6d79	3773
207472757374	3774
616773	3775
2047616d65	3776
20776561706f6e73	3777
756d616e	3778
20436c65	3779
69746174696f6e	3780
20616e616c79736973	3781
2054696d6573	3782
20736369656e6365	3783
2d3e	3784
20666967757265	3785
20646973617070	3786
656e7479	3787
20736f667477617265	3788
20756c74	3789
206f66666963657273	3790
4e6577	3791
4973	3792
2072656d61696e73	3793
20496e646961	3794
207073796368	3795
72696566	3796
20636174	3797
657363	3798
206f6273657276	3799
207374616765	3800
204461726b	3801
20656e746572	3802
6368616e6765	3803
20706173736564	3804
2064657370697465	3805
204f7574	3806
206d6f766965	3807
7273	3808
20766f696365	3809
6d696e65	3810
20506c6179	3811
20746f77617264	3812
20546572	3813
20726567696f6e	3814
2076616c756573	3815
6f7274657273	3816
206d6f756e74	3817
206f666669636572	3818
204f74686572	3819
62616e	3820
20686f7573	3821
776f6f64	3822
726f6f6d	3823
4956	3824
2053756e	3825
736565	3826
204f766572	3827
726f67	3828
3930	3829
206c6179	3830
20547572	3831
61776e	3832
207072657373757265	3833
20537562	3834
20626f6f6b73	3835
65646f6d	3836
2053616e64	3837
4141	3838
61676f	3839
20726561736f6e73	3840
666f7264	3841
206163746976697479	3842
5554	3843
4e6f77	3844
2053656e617465	3845
63656c6c	3846
6e69676874	3847
2063616c6c73	3848
696e746572	3849
206c6574746572	3850
20526f62	3851
204a65	3852
2063686f6f7365	3853
204c6177	3854
476574	3855
4265	3856
20726f62	3857
207479706573	3858
20706c6174666f726d	3859
2071756172746572	3860
5241	3861
2054696d65	3862
206d61796265	3863
204372	3864
3935	3865
707265	3866
206d6f76696e67	3867
206c6966	3868
20676f6c64	3869
20736f6d	3870
2070617469656e7473	3871
207472757468	3872
204b65	3873
7572616e6365	3874
616e746c79	3875
6d6172	3876
20636861726765	3877
204772656174	3878
2063656c65	3879
2d2d2d2d2d2d2d2d2d2d2d2d2d2d2d2d2d2d2d2d2d2d2d2d2d2d2d2d2d2d2d2d	3880
20726f636b	3881
726f6964	3882
616e6379	3883
20637265646974	3884
617564	3885
4279	3886
204576657279	3887
206d6f766564	3888
696e676572	3889
7269627574696f6e	3890
206e616d6573	3891
207374726169676874	3892
204865616c7468	3893
2057656c6c	3894
2066656174757265	3895
2072756c65	3896
2073636865	3897
696e61746564	3898
204d69636861656c	3899
62657267	3900
3431	3901
696c6564	3902
62616e64	3903
20636c69636b	3904
20416e67656c	3905
6f6e656e7473	3906
c2ad	3907
2049726171	3908
205361747572646179	3909
206177617265	3910
70617274	3911
207061747465726e	3912
4f57	3913
204c6574	3914
2067726164	3915
69676e6564	3916
206173736f636961746564	3917
207374796c65	3918
6e6f	3919
696174696f6e	3920
61697468	3921
696c696573	3922
2073746f72696573	3923
75726174696f6e	3924
20696e646976696475616c73	3925
20e280a6	3926
6d697373	3927
204173736f6369	3928
697368696e67	3929
616279	3930
2073756d6d6572	3931
2042656e	3932
203332	3933
2061726368	3934
757479	3935
205465786173	3936
686f6c	3937
2066756c6c79	3938
206d696c6c	3939
20666f6c6c6f776564	3940
2042696c6c	3941
20496e6469616e	3942
20536563726574	3943
2042656c	3944
204665627275617279	3945
206a6f6273	3946
207365656d6564	3947
20476f7665726e	3948
6970706564	3949
207265616c697479	3950
206c696e6573	3951
207061726b	3952
206d656173757265	3953
204f7572	3954
494d	3955
2062726f74686572	3956
2067726f77696e67	3957
2062616e	3958
20657374696d	3959
20637279	3960
205363686f6f6c	3961
206d656368616e	3962
204f46	3963
2057696e646f7773	3964
207261746573	3965
204f68	3966
20706f736974697665	3967
2063756c74757265	3968
697374696373	3969
696361	3970
20686172	3971
7961	3972
6974656c79	3973
697070	3974
206d6170	3975
656e63696573	3976
2057696c6c69616d	3977
4949	3978
616b657273	3979
3536	3980
204d617274	3981
2052656d	3982
20616c7465726e	3983
6974756465	3984
20636f616368	3985
726f7764	3986
446f6e	3987
206b696473	3988
206a6f75726e616c	3989
20636f72706f72	3990
2066616c7365	3991
20776562	3992
20736c656570	3993
20636f6e7461696e	3994
2073746f	3995
20626564	3996
697665727365	3997
2052696368	3998
204368696e657365	3999
2070756e	4000
206d65616e74	4001
6b6e6f776e	4002
206e6f74696365	4003
206661766f72697465	4004
6176656e	4005
20636f6e646974696f6e	4006
20707572706f7365	4007
2929	4008
206f7267616e697a6174696f6e	4009
206368616c6c656e67	4010
206d616e7566616374	4011
2073757370	4012
204163	4013
20637269746963	4014
756e6573	4015
75636c656172	4016
206d6572	4017
76656e74696f6e	4018
203830	4019
206d697374	4020
205573	4021
20546f72	4022
68747470	4023
6f6c66	4024
206c6172676572	4025
20616476616e74	4026
20726573656172	4027
20616374696f6e73	4028
6d6c	4029
206b657074	4030
2061696d	4031
2c27	4032
636f6c	4033
2062656e6566697473	4034
696679696e67	4035
2061637475616c	4036
20496e7465726e6174696f6e616c	4037
2076656869636c65	4038
206368696566	4039
206566666f727473	4040
204c6561677565	4041
204d6f7374	4042
2077616974	4043
206164756c74	4044
206f766572616c6c	4045
20737065656368	4046
20686967686c79	4047
2066656d616c65	4048
206572726f72	4049
20656666656374697665	4050
3534	4051
20656e636f7572	4052
77656c6c	4053
206661696c6564	4054
20636f6e73657276	4055
2070726f6772616d73	4056
2074726f75	4057
206168656164	4058
353030	4059
766572746973656d656e74	4060
4950	4061
20466f756e64	4062
706972	4063
2025	4064
206372696d65	4065
616e646572	4066
206c6f636174696f6e	4067
204972616e	4068
206265686176696f72	4069
617a696e67	4070
2072617265	4071
20656d62	4072
20636175736564	4073
2073686970	4074
20616374697665	4075
20636f6e747269627574	4076
20677265656e	4077
2061637175	4078
207265666c656374	4079
76656e7565	4080
206669726d	4081
206269727468	4082
5d2e	4083
20636c6561726c79	4084
20656d6f74	4085
206167656e6379	4086
7269616765	4087
206d656d6f7279	4088
3938	4089
5341	4090
20536565	4091
6163696e67	4092
4343	4093
2062696767657374	4094
20726170	4095
206261736963	4096
2062616e64	4097
656174	4098
2073757370656374	4099
204d6163	4100
203930	4101
6d61726b	4102
697374616e	4103
20737072656164	4104
616d73	4105
6b69	4106
617379	4107
726176	4108
20526f626572	4109
2064656d6f6e737472	4110
7261746564	4111
206162736f6c757465	4112
20706c61636573	4113
20696d706c	4114
696272617279	4115
206361726473	4116
2064657374726f79	4117
2076697274	4118
76657265	4119
206170706561726564	4120
79616e	4121
706f696e74	4122
20626567	4123
2074656d706572	4124
737065	4125
616e746564	4126
65617273	4127
20446972656374	4128
206c656e677468	4129
20626c6f67	4130
616d62	4131
20696e746567	4132
207265736f7572636573	4133
616363	4134
6966756c	4135
2073706f74	4136
20666f72636564	4137
2074686f7573616e6473	4138
204d696e6973746572	4139
207175616c	4140
204672656e6368	4141
61746963616c6c79	4142
2067656e6572616c6c79	4143
206472696e6b	4144
2074687573	4145
494c	4146
6f646573	4147
20617070726f707269	4148
2052656164	4149
2077686f6d	4150
20657965	4151
20636f6c6c656765	4152
203435	4153
6972656374696f6e	4154
20656e73757265	4155
206170706172656e74	4156
6964657273	4157
2072656c6967696f7573	4158
206d696e6f72	4159
6f6c6963	4160
2074726f	4161
20576879	4162
726962757465	4163
6d6574	4164
207072696d617279	4165
20646576656c6f706564	4166
207065616365	4167
20736b696e	4168
737465	4169
617661	4170
20626c7565	4171
2066616d696c696573	4172
206972	4173
206170706c79	4174
20696e666f726d	4175
20536d697468	4176
4354	4177
6969	4178
206c696d6974	4179
20726573697374	4180
2e2e2e2e2e2e2e2e2e2e2e2e2e2e2e2e	4181
756d6e	4182
20636f6e666c6963	4183
20747765	4184
756464	4185
20546f6d	4186
206c69746572	4187
717565	4188
626f6e	4189
2068616972	4190
206576656e7475616c6c79	4191
20707573	4192
2068656c706564	4193
20616767	4194
6f726e6579	4195
204170706c65	4196
20666974	4197
20537572	4198
207072656d	4199
2073616c6573	4200
207365636f6e6473	4201
20737472656e677468	4202
206665656c696e67	4203
bfbd	4204
20746f7572	4205
206b6e6f7773	4206
6f6f6d	4207
206578657263	4208
20736f6d6577	4209
efbfbd	4210
3e3e	4211
2073706f6b6573	4212
206964656173	4213
20726567697374	4214
736f6674	4215
2044656c	4216
205043	4217
2070726f706f73	4218
206c61756e6368	4219
20626f74746f6d	4220
5448	4221
20506c65617365	4222
76657374	4223
69747a	4224
20496e746572	4225
20736372697074	4226
20726174	4227
61726e696e67	4228
20696c	4229
204a6572	4230
20417265	4231
207768617465766572	4232
6f6b656e	4233
6369656e6365	4234
206d6f6465	4235
206167726565	4236
20736f7572636573	4237
20696e697469616c	4238
207265737472696374	4239
20776f6e646572	4240
7573696f6e	4241
23232323	4242
2053696c	4243
76696c6c65	4244
206275726e	4245
7477	4246
6173696f6e	4247
20c2a3	4248
206e6f72	4249
75696e67	4250
2072656163686564	4251
2073756e	4252
206361746567	4253
6967726174696f6e	4254
20636f6f6b	4255
2070726f6d6f74	4256
206d616c65	4257
20636c696d617465	4258
20666978	4259
20616c6c65676564	4260
5552	4261
616c6c6564	4262
20696d61676573	4263
436f6e74	4264
6f7461	4265
207363686f6f6c73	4266
696f73	4267
2064726f70	4268
2073747265616d	4269
204d6f	4270
2070726576696f75736c79	4271
616c696e67	4272
20706574	4273
20646f75626c65	4274
202840	4275
616e6e656c	4276
2064656661756c74	4277
74696573	4278
2072616e6b	4279
20446563	4280
20436f756e63696c	4281
20776561706f6e	4282
2073746f636b	4283
20616e616c79	4284
20537472	4285
2070696374757265	4286
20506f6c696365	4287
666572656e6365	4288
2063656e74757279	4289
20636974697a656e73	4290
206f6e746f	4291
20657870616e64	4292
206865726f	4293
20536f6c	4294
2077696c64	4295
20757064617465	4296
20637573746f6d657273	4297
726f6e74	4298
646566	4299
206c696b	4300
206372696d696e616c	4301
2043687269737469616e	4302
5350	4303
3736	4304
206c656176696e67	4305
206f7468657277697365	4306
2044697374	4307
206261736973	4308
3532	4309
3533	4310
69636970	4311
20426572	4312
207265636f6d6d656e64	4313
20666c6f6f72	4314
2063726f7764	4315
6f6c6573	4316
203730	4317
2063656e7472616c	4318
204576	4319
20647265616d	4320
20646f776e6c6f6164	4321
20636f6e666972	4322
2054686f6d	4323
2077696e646f77	4324
2068617070656e73	4325
20756e6974	4326
2074656e64	4327
2073706c	4328
206265636f6d6573	4329
206669676874696e67	4330
2070726564696374	4331
205072657373	4332
20506f776572	4333
206865617679	4334
616b6564	4335
2066616e	4336
6f72746572	4337
6174656779	4338
4241	4339
697a6573	4340
207370656e64	4341
48657265	4342
2032303037	4343
2061646f70	4344
2048616d	4345
20666f6f7462616c6c	4346
20506f7274	4347
6f646179	4348
3531	4349
616d70696f6e73	4350
207472616e73666572	4351
6874	4352
203338	4353
7465726d	4354
6163697479	4355
20627572	4356
5d2c	4357
7465726e616c	4358
726967	4359
627574	4360
207468657265666f7265	4361
2042656361757365	4362
72657370	4363
726579	4364
206d697373696f6e	4365
536f6d65	4366
206e6f746564	4367
20617373756d	4368
2064697365617365	4369
2065646974	4370
2070726f6772657373	4371
7264	4372
2042726f776e	4373
6f63616c	4374
20616464696e67	4375
20726169736564	4376
20416e79	4377
207469636b	4378
20736565696e67	4379
2050656f706c65	4380
2061677265656d656e74	4381
20736572766572	4382
20776174	4383
20646562617465	4384
20737570706f736564	4385
696c696e67	4386
206c617267657374	4387
207375636365737366756c	4388
20507269	4389
2044656d6f637261746963	4390
206a756d70	4391
205379726961	4392
206f776e657273	4393
206f6666657273	4394
2073686f6f74696e67	4395
206566666963	4396
736579	4397
20686176656e	4398
7665727365	4399
7465726564	4400
204c69676874	4401
696d616c	4402
20426967	4403
20646566656e64	4404
2062656174	4405
207265636f726473	4406
2529	4407
207363656e	4408
20656d706c6f79656573	4409
2064657669636573	4410
68656d	4411
20636f6d6d6572	4412
204d6578	4413
2062656e65666974	4414
2050726f66	4415
20696c6c6567	4416
2073757266616365	4417
20416c736f	4418
206861726d	4419
696e676c79	4420
77696465	4421
20416c6578	4422
2073687574	4423
20437572	4424
206c6f7365	4425
706d	4426
206368616c6c656e6765	4427
73656d62	4428
2073746174696f6e	4429
20696e74656c6c6967656e6365	4430
206163637572	4431
20466c6f72	4432
207265717569726573	4433
204d616c	4434
62756d	4435
20686f73706974616c	4436
20737069726974	4437
206f666665726564	4438
2070726f64756365	4439
20436f6d6d756e	4440
206372656174696e67	4441
2063726973	4442
7370656374	4443
20656e646564	4444
206461696c79	4445
20766f74657273	4446
6c616e6473	4447
696173	4448
6968	4449
6f6e61	4450
20736d617274	4451
204f6666696365	4452
204c6f7264	4453
7269616c	4454
20496e7465726e6574	4455
2063697263756d	4456
2065787472656d656c79	4457
272e	4458
206f70696e696f6e	4459
204d696c	4460
206761696e	4461
4253	4462
2046696e	4463
7970	4464
2075736566756c	4465
20627564676574	4466
20636f6d666f7274	4467
697366	4468
206261636b67726f756e64	4469
656c696e65	4470
20657069736f6465	4471
20656e656d79	4472
20747269616c	4473
2065737461626c697368	4474
64617465	4475
20436170	4476
20636f6e74696e756573	4477
2073686f77696e67	4478
20556e696f6e	4479
77697468	4480
20706f73746564	4481
2053797374656d	4482
20656174	4483
7269616e	4484
2072697365	4485
204765726d616e79	4486
696c73	4487
207369676e6564	4488
2076696c6c	4489
206772616e64	4490
6d6f72	4491
20456e676c616e64	4492
2070726f6a65637473	4493
756d626572	4494
20636f6e666572656e6365	4495
7a61	4496
20726573706f6e7369626c65	4497
2041726162	4498
206c6561726e6564	4499
e28094e28094	4500
697070696e67	4501
2047656f726765	4502
4f43	4503
2072657475726e6564	4504
204175737472616c6961	4505
206272696566	4506
5175	4507
206272616e64	4508
696c6c696e67	4509
61626c6564	4510
2068696768657374	4511
20747261696e	4512
20436f6d6d697373696f6e	4513
7768696c65	4514
206e6f6d	4515
63657074696f6e	4516
206d7574	4517
20426c7565	4518
20696e636964656e74	4519
76616e74	4520
3836	4521
204944	4522
206e75636c656172	4523
3734	4524
204c696b65	4525
205245	4526
204d6963726f	4527
6c69	4528
6d61696c	4529
2063686172676573	4530
3839	4531
2061646a757374	4532
61646f	4533
206561727468	4534
4e41	4535
20707269636573	4536
5041	4537
206472616674	4538
2072756e73	4539
2063616e646964617465	4540
656e736573	4541
206d616e6167656d656e74	4542
205068696c	4543
204d697373	4544
207465616368	4545
6772616d	4546
20756e6465727374616e64696e67	4547
616974	4548
696361676f	4549
416464	4550
204570	4551
7365637574	4552
207365706172617465	4553
20696e7374616e6365	4554
20657468	4555
20756e6c657373	4556
2a2a2a2a2a2a2a2a	4557
20466f7265	4558
696e617465	4559
206f7065726174696f6e73	4560
5370	4561
206661697468	4562
676172	4563
20436875726368	4564
726f6e6963	4565
20636f6e666967	4566
6f73757265	4567
2061637469766974696573	4568
20747261646974696f6e616c	4569
203336	4570
20646972656374696f6e	4571
206d616368696e65	4572
20737572726f756e64	4573
2070757368	4574
756e6374696f6e	4575
204555	4576
20656173696572	4577
20617267756d656e74	4578
4742	4579
206d6963726f	4580
207370656e64696e67	4581
697a6174696f6e73	4582
207468656f7279	4583
61646f77	4584
2063616c6c696e67	4585
204c617374	4586
20646572	4587
20696e666c75656e6365	4588
20636f6d6d6974	4589
2070686f746f	4590
20756e63	4591
6973747279	4592
676e	4593
61737465	4594
61636b73	4595
2064697370	4596
616479	4597
646f	4598
20476f6f64	4599
2060	4600
2077697368	4601
2072657665616c6564	4602
c2a0c2a0	4603
6c6967	4604
20656e666f726365	4605
20436f6d6d6974746565	4606
206368656d	4607
206d696c6573	4608
20696e7465726573746564	4609
20736f6c7574696f6e	4610
696379	4611
696e6374	4612
202d3e	4613
20446574	4614
2072656d6f766564	4615
20636f6d706172	4616
656168	4617
20706c616e74	4618
2053696e6365	4619
2061636869657665	4620
20616476616e74616765	4621
20736c696768746c79	4622
62696e67	4623
20706c61636564	4624
756e646572	4625
32303135	4626
204d6164	4627
2074696d	4628
6f736573	4629
20637275	4630
20526f636b	4631
206d6f73746c79	4632
206e65676174697665	4633
2073657474696e67	4634
2070726f6475636564	4635
206d7572	4636
20636f6e6e656374696f6e	4637
204d6572	4638
20647269766572	4639
20657865637574697665	4640
2061737361756c74	4641
20626f726e	4642
20566572	4643
7461696e6564	4644
20737472756374757265	4645
20726564756365	4646
2064656361646573	4647
20646564	4648
756b65	4649
204d616e79	4650
696464656e	4651
206c6561677565	4652
5365	4653
206a6f696e	4654
20646973636f	4655
20646965	4656
636b73	4657
616374696f6e73	4658
20617373657373	4659
61676e	4660
20676f616c73	4661
6f757273	4662
4952	4663
2073656e696f72	4664
696c6c6572	4665
6d6f64	4666
69706d656e74	4667
6f636f6c	4668
7579	4669
20517565	4670
2070617274696573	4671
697267696e	4672
206c6561726e696e67	4673
697461626c65	4674
20737472656574	4675
2063616d657261	4676
417070	4677
20736b696c6c73	4678
627265	4679
63696f7573	4680
2063656c656272	4681
204672616e63	4682
206578697374696e67	4683
2077696c6c696e67	4684
6c6f72	4685
206964	4686
205370616365	4687
20637269746963616c	4688
204c61	4689
6f7274756e6174656c79	4690
207365727665	4691
20636f6c64	4692
2073706563696573	4693
5453	4694
20616e696d616c73	4695
20426179	4696
206f6c646572	4697
20556e646572	4698
6573746963	4699
20547265	4700
2074656163686572	4701
20707265666572	4702
766973	4703
20746872656164	4704
204d617474	4705
206d616e61676572	4706
e383bb	4707
2070726f66657373696f6e616c	4708
20566f6c	4709
206e6f746573	4710
5468657365	4711
756c61	4712
206672657368	4713
656e746564	4714
757a7a	4715
656479	4716
636c7573696f6e	4717
2052656c	4718
20646f756274	4719
454f	4720
206f70656e6564	4721
20426974	4722
4164766572746973656d656e74	4723
206775657373	4724
20554e	4725
2073657175	4726
206578706c61696e	4727
6f7474656e	4728
2061747472616374	4729
616b73	4730
20737472696e67	4731
20636f6e74657874	4732
6f737369626c65	4733
2052657075626c6963616e73	4734
20736f6c6964	4735
20636974696573	4736
2061736b696e67	4737
2072616e646f6d	4738
757073	4739
7572696573	4740
6172616e74	4741
6464656e	4742
676c	4743
20466c6f72696461	4744
20646570656e64	4745
2053636f7474	4746
203333	4747
206954	4748
69636f6e	4749
206d656e74696f6e6564	4750
2032303030	4751
20636c61696d6564	4752
20646566696e6974656c79	4753
756c66	4754
20636f7265	4755
206f70656e696e67	4756
20436f6e7374	4757
7768696368	4758
20547261	4759
4147	4760
3732	4761
2062656c6965766564	4762
616461	4763
203438	4764
205365637572697479	4765
797269676874	4766
20506574	4767
204c6f75	4768
20686f6c64696e67	4769
3d3d3d3d3d3d3d3d3d3d3d3d3d3d3d3d	4770
20696365	4771
2062726f77	4772
20617574686f726974696573	4773
686f7374	4774
776f7264	4775
2073636f7265	4776
20446976	4777
2063656c6c73	4778
207472616e736c	4779
206e65696768626f72	4780
2072656d6f7665	4781
756374	4782
206469737472696374	4783
204163636f7264696e67	4784
20776f727365	4785
20636f6e6365726e73	4786
20707265736964656e7469616c	4787
20706f6c6963696573	4788
2048616c6c	4789
3733	4790
20687573	4791
4159	4792
2032303036	4793
204a7564	4794
20696e646570656e64656e74	4795
204a757374696365	4796
696c696172	4797
7072696e74	4798
696768746572	4799
2070726f74656374696f6e	4800
7a656e	4801
2073756464656e	4802
686f757365	4803
204a6573	4804
5052	4805
20496e66	4806
2062756c	4807
205f	4808
2053657276696365	4809
205052	4810
207374726174656779	4811
6666656374	4812
206769726c73	4813
206d697373696e67	4814
6f79616c	4815
205465616d	4816
756c61746564	4817
20646174	4818
20706f6c6974696373	4819
61626f72	4820
4163636f7264696e67	4821
207370656c6c	4822
206772617068	4823
6f72746865726e	4824
5443	4825
4162	4826
206c61626f72	4827
6973686572	4828
206b69636b	4829
206954756e6573	4830
207374657073	4831
706f736573	4832
20736d616c6c6572	4833
456e	4834
62657274	4835
20726f6c6c	4836
207265736561726368657273	4837
20636c6f736564	4838
207472616e73706f7274	4839
206c617779	4840
5f5f5f5f5f5f5f5f5f5f5f5f5f5f5f5f	4841
204368696361676f	4842
20617370656374	4843
206e6f6e65	4844
206d61727269616765	4845
3936	4846
20656c656d656e7473	4847
20467265	4848
2053616c	4849
206472616d	4850
4643	4851
746f70	4852
657175	4853
2068656172696e67	4854
20737570706f72746564	4855
2074657374696e67	4856
636f686f6c	4857
206d617373697665	4858
20737469636b	4859
206775617264	4860
6973636f	4861
70686f6e65	4862
46726f6d	4863
486f7765766572	4864
20626f72646572	4865
20636f7079	4866
6f677261706879	4867
6c697374	4868
3731	4869
206f776e6572	4870
636c617373	4871
72756974	4872
72617465	4873
204f6e6365	4874
206469676974616c	4875
207461736b	4876
455253	4877
20696e63726564	4878
746573	4879
2b2b	4880
204672616e6365	4881
206272656174	4882
6f776c	4883
20697373756564	4884
205765737465726e	4885
20646574656374	4886
20706172746e657273	4887
20736861726564	4888
2043616c6c	4889
2063616e636572	4890
61636865	4891
72696265	4892
206578706c61696e6564	4893
2068656174	4894
7b22	4895
20696e766573746d656e74	4896
20426f6f6b	4897
20776f6f64	4898
20746f6f6c73	4899
20416c74686f756768	4900
2062656c696566	4901
20637269736973	4902
206765	4903
204d50	4904
206f7065726174696f6e	4905
74797065	4906
7e7e	4907
6761	4908
20636f6e7461696e73	4909
616e7461	4910
2065787072657373	4911
2047726f7570	4912
204a6f75726e616c	4913
6b61	4914
20616d62	4915
20555341	4916
2066696e64696e67	4917
2066756e64696e67	4918
686f77	4919
2065737461626c6973686564	4920
6964656f73	4921
20646567726565	4922
2064616e6765726f7573	4923
616e67696e67	4924
2066726565646f6d	4925
70706f7274	4926
6f75746865726e	4927
20636875726368	4928
206361746368	4929
2054776f	4930
2070726573656e6365	4931
204775617264	4932
5570	4933
20617574686f72697479	4934
2050726f6a656374	4935
20627574746f6e	4936
20636f6e73657175	4937
2076616c6964	4938
207765616b	4939
20737461727473	4940
207265666572656e6365	4941
204d656d	4942
2229	4943
554e	4944
6f72616765	4945
204f70656e	4946
20636f6c6c656374696f6e	4947
796d	4948
67656e6379	4949
2062656175746966756c	4950
726f73	4951
2074656c6c73	4952
2077616974696e67	4953
6e656c	4954
2070726f766964696e67	4955
2044656d6f6372617473	4956
206461756768746572	4957
206d6173746572	4958
20707572706f736573	4959
204a6170616e657365	4960
20657175616c	4961
207475726e73	4962
20646f63756d656e7473	4963
207761746368696e67	4964
526573	4965
2072616e	4966
32303134	4967
2072656a656374	4968
204b6f726561	4969
2076696374696d73	4970
4c6576656c	4971
6572656e636573	4972
207769746e657373	4973
203334	4974
207265666f726d	4975
636f6d696e67	4976
206f63637570	4977
20636175676874	4978
2074726166666963	4979
6164696e67	4980
206d6f64656c73	4981
6172696f	4982
20736572766564	4983
20626174746572	4984
75617465	4985
20536563726574617279	4986
20616772656564	4987
207472756c79	4988
796e616d	4989
20526574	4990
20756e697473	4991
205265736561726368	4992
68616e64	4993
617a696e65	4994
204d696b65	4995
2076617269657479	4996
6f74616c	4997
20616d617a696e67	4998
20636f6e6669726d6564	4999
20656e746972656c79	5000
207075726368617365	5001
20656c656d656e74	5002
2063617368	5003
2064657465726d696e65	5004
4465	5005
2063617273	5006
2057616c6c	5007
e296	5008
207669657773	5009
206472756773	5010
206465706172746d656e74	5011
2053746570	5012
756974	5013
203339	5014
6173757265	5015
20436c617373	5016
20636f7665726564	5017
2042616e6b	5018
206d657265	5019
75616e61	5020
206d756c7469	5021
206d6978	5022
20756e6c696b65	5023
6c65766973696f6e	5024
2073746f70706564	5025
2073656d	5026
2047616c	5027
756c6573	5028
2077656c	5029
204a6f686e736f6e	5030
6c61	5031
20736b696c6c	5032
206265636f6d696e67	5033
726965	5034
20617070726f707269617465	5035
6665	5036
656c6c6f77	5037
2050726f74	5038
756c617465	5039
6f636174696f6e	5040
207765656b656e64	5041
6f64696573	5042
207369746573	5043
20616e696d616c	5044
2054696d	5045
207363616c65	5046
2063686172676564	5047
20696e737472756374	5048
696c6c61	5049
206d6574686f6473	5050
2063657274	5051
206a75646765	5052
2048656c	5053
20646f6c6c617273	5054
207374616e64696e67	5055
20537175	5056
2064656274	5057
6c69616d	5058
2064726976696e67	5059
2053756d	5060
2045646974696f6e	5061
20616c62756d	5062
616e646f6e	5063
4946	5064
20556b	5065
3633	5066
61646572	5067
20636f6d6d65726369616c	5068
657368	5069
20476f7665726e6d656e74	5070
20646973636f7665726564	5071
206f7574707574	5072
2048696c6c617279	5073
204361726f6c	5074
2032303035	5075
206162757365	5076
616e63696e67	5077
20737769746368	5078
20616e6e75616c	5079
5477	5080
20737461746564	5081
6167656d656e74	5082
696e6e6572	5083
2064656d6f6372	5084
207265736964656e7473	5085
20616c6c6f77696e67	5086
20666163746f7273	5087
6f6464	5088
206675636b	5089
656d696573	5090
206f63637572726564	5091
6f7469	5092
206e6f727468	5093
205075626c6963	5094
20696e6a757279	5095
20696e737572616e6365	5096
434c	5097
6f6c6c79	5098
e380	5099
207265706561746564	5100
2061726d73	5101
616e676564	5102
20636f6e737472756374696f6e	5103
20666c65	5104
5055	5105
696369616e73	5106
20666f726d73	5107
204d6343	5108
616e746963	5109
206d656e74616c	5110
70697265	5111
2065717569706d656e74	5112
2066616e74	5113
2064697363757373696f6e	5114
20726567617264696e67	5115
6b696e	5116
617270	5117
206368616972	5118
6f677565	5119
2070726f63656564	5120
204964	5121
4f7572	5122
206d7572646572	5123
4d616e	5124
203439	5125
617370	5126
20737570706c79	5127
20696e707574	5128
207765616c7468	5129
6c69616d656e74	5130
2070726f636564	5131
6f7269616c	5132
2053746174	5133
204e464c	5134
68656e73	5135
20496e73746974757465	5136
2070757474696e67	5137
6f75726e616d656e74	5138
65746963	5139
206c6f6361746564	5140
206b6964	5141
65726961	5142
72756e	5143
207072696e63	5144
2021	5145
676f696e67	5146
20426574	5147
20636c6f74	5148
2074656c6c696e67	5149
2070726f706f736564	5150
696f74	5151
6f727279	5152
2066756e6473	5153
676d656e74	5154
204c696665	5155
2062616279	5156
204261636b	5157
2073706f6b65	5158
496d616765	5159
206561726e	5160
204154	5161
6775	5162
2065786368616e6765	5163
204c696e	5164
6f76696e67	5165
2070616972	5166
4d6f7265	5167
617a6f6e	5168
206172726573746564	5169
206b696c6c696e67	5170
63616e	5171
2043617264	5172
7964	5173
206964656e746966696564	5174
206d6f62696c65	5175
207468616e6b73	5176
6f6e796d	5177
20466f726d	5178
2068756e6472656473	5179
204368726973	5180
20436174	5181
207472656e64	5182
686174	5183
204176	5184
6f6d616e	5185
20656c656374726963	5186
2057696c	5187
5345	5188
4f66	5189
2072657374617572	5190
6f746564	5191
2074726967	5192
206e696e65	5193
20626f6d62	5194
576879	5195
c2af	5196
20636f766572616765	5197
2061707065616c	5198
20526f62657274	5199
20537570	5200
2066696e6973686564	5201
20666c6f77	5202
2064656c69766572	5203
2063616c63756c	5204
2070686f746f73	5205
207068696c	5206
20706965636573	5207
206170707265	5208
6b6573	5209
20726f756768	5210
446f	5211
20706172746e6572	5212
20636f6e6365726e6564	5213
203337	5214
2047656e	5215
436f6c	5216
63746f7273	5217
203d3e	5218
7374617465	5219
20737567676573746564	5220
20466f726365	5221
4345	5222
2068657273656c66	5223
20506c616e	5224
776f726b73	5225
6f6f7468	5226
72656e6379	5227
20636f726e6572	5228
2068757362616e64	5229
20696e7465726e6574	5230
20417574	5231
656d73	5232
6f73656e	5233
2041746c	5234
67656e	5235
2062616c616e6365	5236
3632	5237
20736f756e6473	5238
74657874	5239
20617272	5240
6f766573	5241
206d696c6c696f6e73	5242
20726164696f	5243
20736174697366	5244
2044616d	5245
4d72	5246
476f	5247
537065	5248
20636f6d626174	5249
72616e74	5250
2047726565	5251
206675656c	5252
2064697374616e6365	5253
207465737473	5254
206465637265	5255
204572	5256
206d616e61676564	5257
4453	5258
20746974	5259
206d65617375726573	5260
204c69626572	5261
20617474656e64	5262
6173686564	5263
204a6f7365	5264
204e69676874	5265
646974	5266
204e6f76	5267
20456e64	5268
6f757473	5269
2067656e65726174696f6e	5270
206164766f63	5271
797468	5272
20636f6e766572736174696f6e	5273
20536b79	5274
616374697665	5275
63656c	5276
72696572	5277
204672616e6b	5278
2067656e646572	5279
20636f6e63656e74	5280
2063617272696564	5281
616e6461	5282
2056697267696e	5283
2061727269766564	5284
6963696465	5285
61646564	5286
206661696c757265	5287
206d696e696d756d	5288
6c657473	5289
20776f727374	5290
206b656570696e67	5291
20696e74656e646564	5292
20696c6c6567616c	5293
207375627363	5294
2064657465726d696e6564	5295
2074726970	5296
596573	5297
207261697365	5298
207e	5299
206665656c73	5300
207061636b616765	5301
204a6f	5302
6869	5303
32303136	5304
7265616c	5305
20667261	5306
2073796d62	5307
4d65	5308
75636b79	5309
70726574	5310
204b68	5311
2045646974	5312
20576562	5313
656d6963	5314
20436f6c6f72	5315
206a757374696365	5316
496e74	5317
206661726d	5318
636b6e6f77	5319
223e	5320
656c657373	5321
2072656475636564	5322
20353030	5323
7878	5324
20526164	5325
20576f6f64	5326
20636c696e	5327
20687970	5328
696c6572	5329
757261	5330
6b696e73	5331
3835	5332
3631	5333
205468656972	5334
204d617279	5335
2073616e	5336
206e6f76656c	5337
2057686f	5338
206361706163697479	5339
20696d706f737369626c65	5340
20706c617973	5341
206d696e6973746572	5342
696a75616e61	5343
6963617465	5344
20536574	5345
206672616d	5346
20696e67	5347
20636f6d6d756e6974696573	5348
20464249	5349
697461	5350
20626f6e	5351
2073747261746567	5352
20696e74657265737473	5353
6c6f636b	5354
67657273	5355
6d6173	5356
20414e44	5357
20636f6e666c696374	5358
20726571756972656d656e7473	5359
20736163	5360
206f7065726174696e67	5361
696e69	5362
72656c61746564	5363
20636f6d6d6974746564	5364
2072656c61746976656c79	5365
20736f757468	5366
c2afc2af	5367
206166666f7264	5368
206964656e74697479	5369
206465636973696f6e73	5370
2061636375736564	5371
706c616365	5372
20766963746f7279	5373
6f6368	5374
696174	5375
4e616d65	5376
436f6d	5377
74696f6e	5378
656473	5379
207365656b	5380
207469676874	5381
20496d61676573	5382
20696e697469	5383
2068756d616e73	5384
2066616d696c696172	5385
2061756469656e6365	5386
20696e7465726e616c	5387
76656e74757265	5388
207369646573	5389
20544f	5390
2064696d	5391
20636f6e636c7564	5392
206170706f696e74	5393
20656e666f7263656d656e74	5394
204a696d	5395
204173736f63696174696f6e	5396
2063697263756d7374	5397
2043616e616469616e	5398
206a6f696e6564	5399
20646966666572656e636573	5400
204c6f73	5401
2070726f74657374	5402
207477696365	5403
77696e	5404
20676c617373	5405
61727368	5406
2041726d79	5407
2065787072657373696f6e	5408
20646563696465	5409
20706c616e6e696e67	5410
616e6961	5411
2068616e646c65	5412
204d6963726f736f6674	5413
204e6f72	5414
206d6178696d756d	5415
20526576	5416
20736561	5417
206576616c	5418
2068656c7073	5419
726566	5420
20626f756e64	5421
206d6f757468	5422
207374616e6461726473	5423
20636c696d	5424
2043616d70	5425
20466f78	5426
636c6573	5427
2061726d79	5428
20546563686e	5429
61636b696e67	5430
7879	5431
5353	5432
203432	5433
20627567	5434
20556b7261696e	5435
204d6178	5436
204a6f6e6573	5437
2053686f77	5438
6c6f	5439
20706c616e6574	5440
203735	5441
2077696e6e696e67	5442
20666173746572	5443
207370656374	5444
2062726f6b656e	5445
5452	5446
20646566696e6564	5447
206865616c746879	5448
20636f6d7065746974696f6e	5449
6874747073	5450
2049736c616e64	5451
204665	5452
20616e6e6f756e6365	5453
20437570	5454
20496e7374656164	5455
20636c69656e74	5456
20706f737369626c79	5457
73656374696f6e	5458
6f636b6574	5459
6c6f6f6b	5460
2066696e697368	5461
2063726577	5462
20726573657276	5463
20656469746f72	5464
2068617465	5465
2073616c65	5466
20636f6e74726f76657273	5467
207061676573	5468
77696e67	5469
206e756d6572	5470
206f70706f736974696f6e	5471
2032303034	5472
20726566756765	5473
20666c69676874	5474
206170617274	5475
204c6174	5476
416d65726963	5477
20416672696361	5478
206170706c69636174696f6e73	5479
2050616c657374	5480
20427572	5481
20676172	5482
20536f6369616c	5483
2075706772	5484
207368617065	5485
20737065616b696e67	5486
616e73696f6e	5487
616f	5488
20536e	5489
20776f727279	5490
204272697461696e	5491
506c65617365	5492
726f7564	5493
2068756e	5494
20696e74726f6475636564	5495
2064696574	5496
496e64	5497
205365636f6e64	5498
2066756e6374696f6e73	5499
757473	5500
2045616368	5501
204a656666	5502
20737472657373	5503
206163636f756e7473	5504
2067756172616e74	5505
20416e6e	5506
65646961	5507
20686f6e657374	5508
2074726565	5509
204166726963616e	5510
2042757368	5511
7d2c	5512
20736368	5513
204f6e6c79	5514
20666966	5515
6967616e	5516
206578657263697365	5517
20457870	5518
20736369656e7469737473	5519
206c656769736c6174696f6e	5520
20576f726b	5521
20537072	5522
c382	5523
2048756d616e	5524
20e8	5525
20737572766579	5526
2072696368	5527
726970	5528
206d61696e7461696e	5529
20666c6f	5530
206c656164657273686970	5531
73747265616d	5532
2049736c616d6963	5533
203031	5534
20436f6c6c656765	5535
206d61676963	5536
205072696d65	5537
2066696775726573	5538
32303137	5539
696e646572	5540
7875616c	5541
2044656164	5542
206162736f6c7574656c79	5543
20666f75727468	5544
2070726573656e746564	5545
726573706f6e64	5546
7269626c65	5547
20616c636f686f6c	5548
61746f	5549
204445	5550
706f72617279	5551
2067726162	5552
2076617269	5553
207175616e74	5554
2050686f746f	5555
20706c7573	5556
7269636b	5557
61726b73	5558
20616c7465726e6174697665	5559
2070696c	5560
20617070726f78	5561
74686174	5562
206f626a65637473	5563
20526f	5564
20416e64726f6964	5565
207369676e69666963616e746c79	5566
20526f6164	5567
6b6179	5568
52656164	5569
61766f72	5570
2061636b6e6f77	5571
204844	5572
2053696e67	5573
4f72	5574
204d6f6e74	5575
20756e73	5576
70726f66	5577
206e65676f7469	5578
2041726368	5579
696b69	5580
2074656c65766973696f6e	5581
204a6577697368	5582
20636f6d6d6974746565	5583
206d6f746f72	5584
20617070656172616e6365	5585
2073697474696e67	5586
20737472696b65	5587
20446f776e	5588
636f6d70	5589
2048697374	5590
20666f6c64	5591
6163656d656e74	5592
204c6f756973	5593
2062656c6f6e67	5594
20e280a2	5595
206d6f7274	5596
207072657061726564	5597
203634	5598
204d6173746572	5599
20696e64656564	5600
2044656e	5601
2072656e74	5602
5441	5603
6f75726e6579	5604
617263	5605
5375	5606
3937	5607
20616476696365	5608
206368616e67696e67	5609
206c6973746564	5610
206c61756e63686564	5611
69736174696f6e	5612
205065746572	5613
6973686573	5614
206c69766564	5615
204d656c	5616
2053757072656d65	5617
204665646572616c	5618
20293b	5619
72756374757265	5620
2073657473	5621
207068696c6f73	5622
756f7573	5623
20c2a0	5624
206170706c696564	5625
204e4f54	5626
20686f7573696e67	5627
204d6f756e74	5628
206f6464	5629
2073757374	5630
4441	5631
6666696369656e74	5632
203f	5633
6f6c766564	5634
20706f77657273	5635
20746872	5636
2072656d61696e696e67	5637
205761746572	5638
4c43	5639
20636175736573	5640
e381ae	5641
206d616e6e6572	5642
616473	5643
207375676765737473	5644
20656e6473	5645
7374616e64696e67	5646
666967	5647
2044756e	5648
69647468	5649
20676179	5650
207465726d696e	5651
20416e67656c6573	5652
4d53	5653
20736369656e7469666963	5654
20636f616c	5655
6170657273	5656
626172	5657
2054686f6d6173	5658
2073796d	5659
2052756e	5660
74686973	5661
5043	5662
696772616e7473	5663
206d696e757465	5664
204469737472696374	5665
63656c6c656e74	5666
206c6561766573	5667
20636f6d706c65746564	5668
616d696e	5669
20666f6375736564	5670
206d6f6e69746f72	5671
2076656869636c6573	5672
4d41	5673
204d617373	5674
204772616e64	5675
206166666563746564	5676
69747574696f6e616c	5677
20636f6e737472756374	5678
20666f6c6c6f7773	5679
20746f6e	5680
7265656e73	5681
20686f6d6573	5682
20457874	5683
204c6576656c	5684
72617374	5685
204972	5686
20656c696d	5687
206c617267656c79	5688
204a6f65	5689
20766f746573	5690
616c6c73	5691
20627573696e6573736573	5692
20466f756e646174696f6e	5693
2043656e7472616c	5694
207961726473	5695
206d6174657269616c73	5696
756c6e6572	5697
206775696465	5698
20636c6f736572	5699
756d73	5700
2073706f727473	5701
65646572	5702
4a757374	5703
207461786573	5704
3834	5705
204f6c64	5706
20646563616465	5707
6f6c61	5708
20766972	5709
2064726f70706564	5710
2064656c6179	5711
6974656374	5712
20736563757265	5713
737465696e	5714
6c6576656c	5715
2074726561746564	5716
2066696c6564	5717
61696e65	5718
2076616e	5719
206d6972	5720
20636f6c756d6e	5721
6963746564	5722
65706572	5723
20726f74	5724
20636f6e73756c74	5725
20656e747279	5726
206d6172696a75616e61	5727
20446f75	5728
206170706172656e746c79	5729
6f6b696e67	5730
636c7573697665	5731
20696e63726561736573	5732
616e6f	5733
207370656369666963616c6c79	5734
2074656c65	5735
656e73696f6e73	5736
2072656c6967696f6e	5737
6162696c6974696573	5738
206672616d65	5739
204e6f7465	5740
204c6565	5741
2068656c70696e67	5742
2065646765	5743
6f73746f6e	5744
206f7267616e697a6174696f6e73	5745
c383	5746
20426f7468	5747
68697073	5748
20626967676572	5749
20626f6f7374	5750
205374616e64	5751
20726f77	5752
756c73	5753
6162617365	5754
20726964	5755
4c6574	5756
6172656e	5757
72617665	5758
207374726574	5759
5044	5760
20766973696f6e	5761
2077656172696e67	5762
2061707072656369	5763
206177617264	5764
20557365	5765
20666163746f72	5766
776172	5767
756c6174696f6e73	5768
2928	5769
20676f64	5770
20746572726974	5771
20706172616d	5772
61737473	5773
3837	5774
20656e656d696573	5775
2047616d6573	5776
4646	5777
206163636964656e74	5778
57656c6c	5779
204d617274696e	5780
544552	5781
20617468	5782
2048656c6c	5783
20666f7267	5784
207665746572	5785
204d65646963	5786
66726565	5787
207374617273	5788
20657870656e73697665	5789
2061636164	5790
7261776e	5791
20576865	5792
206c6f636b	5793
20666f726d6174	5794
20736f6c6469657273	5795
736d	5796
206167656e74	5797
20726573706f6e736962696c697479	5798
6f7261	5799
20536369656e6365	5800
207261706964	5801
20746f756768	5802
204a65737573	5803
2062656c6965766573	5804
4d4c	5805
2077656172	5806
6c657465	5807
c383c382	5808
20447269	5809
20636f6d6d697373696f6e	5810
20426f62	5811
4f68	5812
61706564	5813
207761726d	5814
c383c382c383c382	5815
2032303033	5816
6f7274696f6e	5817
206861736e	5818
7573746572	5819
20756e6976657273	5820
20496c6c	5821
206b696e67	5822
6f6c6f67696573	5823
3934	5824
2054656d	5825
204d6f73	5826
2070617469656e74	5827
204d657869636f	5828
6365616e	5829
204465617468	5830
2053616e64657273	5831
796f75	5832
2043617374	5833
20436f6d70616e79	5834
707479	5835
2068617070656e696e67	5836
4650	5837
20426174746c65	5838
20626f75676874	5839
416d	5840
4d6f64	5841
5573	5842
7574657273	5843
20437265	5844
2054686f7365	5845
203434	5846
69736572	5847
20736f756c	5848
20546f70	5849
204861727279	5850
204177	5851
2073656174	5852
66666565	5853
207265766f6c7574696f6e	5854
202822	5855
20447572696e67	5856
65747465	5857
2072696e67	5858
206f6666656e73697665	5859
2072657475726e73	5860
20766964656f73	5861
20646973636c	5862
2066616d6f7573	5863
656e636564	5864
205369676e	5865
205269766572	5866
20333030	5867
504d	5868
20427573	5869
204348	5870
2063616e64696461746573	5871
617264656e	5872
2070657263656e74616765	5873
2076697375616c	5874
207468616e6b	5875
2074726f75626c65	5876
6e65726779	5877
2032303031	5878
2070726f7665	5879
617368696f6e	5880
20656e68	5881
204c6f6e67	5882
554d	5883
20636f6e6e6563746564	5884
20706f73736962696c697479	5885
4f766572	5886
20657870657274	5887
206c696272617279	5888
61727473	5889
204469726563746f72	5890
2066656c6c6f77	5891
3932	5892
69727479	5893
20647279	5894
207369676e73	5895
204c6f7665	5896
207175696574	5897
666f6f74	5898
2070757265	5899
2048756e	5900
2066696c6c6564	5901
70686173	5902
20456c656374	5903
656e646d656e74	5904
204578706c	5905
20756e61626c65	5906
6e73	5907
6d6f	5908
2076617374	5909
6f6265	5910
206964656e74696679	5911
617070696e67	5912
204361726f6c696e61	5913
6772657373	5914
2070726f7465	5915
2066697368	5916
2063697263756d7374616e636573	5917
72617a79	5918
2050686f74	5919
20626f64696573	5920
204d7572	5921
20646576656c6f70696e67	5922
204152	5923
20657870657269656e636564	5924
207375627374616e74	5925
20426f617264	5926
65736f6d65	5927
20646f6d6573746963	5928
20636f6d62696e6564	5929
20507574	5930
206368656d6963616c	5931
204368696c64	5932
20706f6f6c	5933
204379	5934
20656767	5935
636f6e73	5936
7374657273	5937
2068757274	5938
206d61726b657473	5939
20636f6e736572766174697665	5940
20737570706f7274657273	5941
206167656e63696573	5942
6964656c	5943
4f62	5944
757262	5945
203433	5946
20446566656e7365	5947
7965	5948
204170	5949
64756c65	5950
2074656d7065726174757265	5951
20636f6e647563746564	5952
204368696566	5953
2070756c6c6564	5954
20666f6c	5955
4c617374	5956
6f6e746f	5957
6f736973	5958
564552	5959
446573	5960
2050616e	5961
4669727374	5962
20616476616e6365	5963
206c6963656e7365	5964
726f7273	5965
204a6f6e	5966
20696d6167696e65	5967
2068656c6c	5968
206669786564	5969
20696e636f72	5970
6f73697465	5971
204c6f67	5972
69636b656e	5973
5d3a	5974
207375727072697365	5975
686162	5976
206372616674	5977
6f6c74	5978
204a756c	5979
206469616c	5980
2072656c6576616e74	5981
20656e7465726564	5982
206c65616473	5983
204144	5984
20436c65616e	5985
207069637475726573	5986
6573736f72	5987
20616c74	5988
20706179696e67	5989
506572	5990
204d61726b6574	5991
2075706461746573	5992
616d696c79	5993
2054797065	5994
20486f6d65	5995
203535	5996
73656d626c79	5997
726f6d65	5998
3833	5999
206772656174657374	6000
20686569676874	6001
2068656176	6002
61696e7473	6003
206c697374656e	6004
61736572	6005
205348	6006
2063617061626c65	6007
61636c65	6008
207065727370656374	6009
696e6174696e67	6010
206f66666572696e67	6011
72797074	6012
20446576656c6f70	6013
6162696e	6014
7263	6015
20627269676874	6016
616c7479	6017
6172726f77	6018
20737570706c	6019
696e64696e67	6020
61636b6564	6021
67797074	6022
20416e6f74686572	6023
7067	6024
2056697267696e6961	6025
204c75	6026
20706c616e6e6564	6027
20706974	6028
207377656574	6029
54797065	6030
204469	6031
207479706963616c6c79	6032
204672616e636973636f	6033
2070726f7370656374	6034
2044616e	6035
207465656e	6036
72656573	6037
207363686564	6038
20686f6c	6039
20736372	6040
206c6f7473	6041
6c696665	6042
206e65777370	6043
20666f72676574	6044
204e6f6e65	6045
204d6964646c65	6046
205279616e	6047
656464	6048
20736576657265	6049
2073756974	6050
6c6c6572	6051
3933	6052
20636f72726573706f6e64	6053
206578706c6f73	6054
756174696f6e73	6055
20666c6167	6056
67616d65	6057
726964	6058
207072696e	6059
2044617461	6060
206465706c6f79	6061
20456e746572	6062
73756974	6063
6768616e	6064
204d656e	6065
2074686f7567687473	6066
206d617474657273	6067
206164617074	6068
20417269	6069
2066696c6c	6070
20666f727468	6071
2073616d	6072
203431	6073
207061796d656e74	6074
20486f72	6075
20737072696e67	6076
647563	6077
206c6f73696e67	6078
206272696e67696e67	6079
464f	6080
616c61	6081
20646973747269627574696f6e	6082
6865726564	6083
626f7572	6084
2049737261656c69	6085
6f6d61	6086
20636f6d62696e6174696f6e	6087
20706c656e7479	6088
5645	6089
43616e	6090
20486177	6091
207065726d616e	6092
205370656369616c	6093
20746f77	6094
207365656b696e67	6095
206578616d706c6573	6096
20636c6173736573	6097
6372	6098
2062656572	6099
206d6f766573	6100
204950	6101
204b6e	6102
2070616e656c	6103
4576656e	6104
2070726f7065726c79	6105
20726973	6106
20706c7567	6107
20657374696d61746564	6108
4576657279	6109
20646566656e73697665	6110
616772617068	6111
20707265676e	6112
20696e73746974	6113
2056696374	6114
20766f6c756d65	6115
20706f736974696f6e73	6116
206c696e6b73	6117
2050726f6772616d	6118
205765656b	6119
6167756573	6120
207472616e73666f726d	6121
6b6572	6122
2043454f	6123
20636173	6124
206f70706f6e656e74	6125
207477656574	6126
20436f6465	6127
2073686f70	6128
20666c79	6129
2074616c6b73	6130
20626167	6131
50686f6e65	6132
20616964	6133
20706c616e7473	6134
203635	6135
206174746f726e6579	6136
617274657273	6137
7175657374	6138
204d61676963	6139
20626567696e73	6140
206d7973746572	6141
20656e7669726f6e6d656e74616c	6142
2073746f72616765	6143
4e4e	6144
206d617267	6145
20736b65	6146
206d6574616c	6147
656c6c79	6148
206f726465726564	6149
2072656d61696e6564	6150
206c6f766564	6151
2070726f6d7074	6152
2075706461746564	6153
2065787065727473	6154
2077616c6b696e67	6155
20616e6369656e74	6156
20706572666f726d6564	6157
415445	6158
206e656974686572	6159
69656e6379	6160
206d616e7566616374757265	6161
2050616b	6162
2073656c6563746564	6163
206d696e65	6164
20756c74696d6174656c79	6165
206578706c616e	6166
206c6162656c	6167
205365727669636573	6168
72696275746564	6169
5472756d70	6170
2073796e	6171
20556c74	6172
5343	6173
206d656174	6174
206769616e74	6175
2057617273	6176
204f4e	6177
2061646d	6178
20696e74657270726574	6179
206576656e696e67	6180
206576696c	6181
20426f73746f6e	6182
2057696c64	6183
20c3	6184
20426974636f696e	6185
20416d617a6f6e	6186
4472	6187
20496e666f726d6174696f6e	6188
206f6276696f75736c79	6189
20616476616e636564	6190
50686f746f	6191
6f6c6172	6192
2077656174686572	6193
2073796d626f6c	6194
20736f6c65	6195
20706f74656e7469616c6c79	6196
6f73746572	6197
206f726967696e616c6c79	6198
6d756e	6199
333030	6200
617a65	6201
657373696f6e73	6202
206465636b	6203
2073746f6f64	6204
20796f757468	6205
204265726e	6206
526570	6207
2054657374	6208
206261736963616c6c79	6209
6f746963	6210
20696e766f6c7665	6211
6f6c6974	6212
6c796e	6213
536565	6214
206169726372616674	6215
20636f6e6669726d	6216
4557	6217
206d65737361676573	6218
2052696368617264	6219
206b6974	6220
2070726f686962	6221
2076756c6e6572	6222
697374657273	6223
206578697374656e6365	6224
207475726e696e67	6225
205350	6226
20646573697265	6227
20666c6174	6228
206d656e74	6229
736561736f6e	6230
616e676573	6231
206e65696768626f72686f6f64	6232
204c616b65	6233
4154494f4e	6234
20706f696e746564	6235
627572	6236
20696e6e6f76	6237
75636b73	6238
554c	6239
2070726f666573736f72	6240
20657870726573736564	6241
4142	6242
6963696f7573	6243
2032303032	6244
20446576	6245
2073657373696f6e	6246
2062617265	6247
73656e	6248
2064697373	6249
2043617468	6250
2050617373	6251
20506f696e74	6252
20646f63746f72	6253
6f72726f77	6254
61696c6564	6255
20527562	6256
204443	6257
20436861726c	6258
706572736f6e	6259
20777269746572	6260
69676874657273	6261
7572656175	6262
206f626c6967	6263
207265636f72646564	6264
2062726f6b65	6265
206f7264657273	6266
696c7479	6267
206d6f74696f6e	6268
696e697479	6269
6c6177	6270
616469756d	6271
20696d6d6967726174696f6e	6272
20636f6e7472617374	6273
2062617474	6274
20657863656c6c656e74	6275
20746563686e6963616c	6276
616d69	6277
2074756e	6278
20636c6f7564	6279
2059656172	6280
67656f6e	6281
206372656174696f6e	6282
20737472616e6765	6283
2061757468	6284
20666f7274	6285
626f726e	6286
20657874656e74	6287
20546f646179	6288
20436c7562	6289
207261696e	6290
2073616d706c65	6291
206163636570746564	6292
2074616374	6293
206669726564	6294
20536f6e	6295
207374616e6473	6296
20626f6f74	6297
203437	6298
2073746174656d656e7473	6299
2076657273696f6e73	6300
2073656c6c696e67	6301
6f756e646564	6302
2031393930	6303
20776572656e	6304
205761746368	6305
206578706572696d656e74	6306
506f7374	6307
2072657461696c	6308
756c6564	6309
496e7374	6310
756e7465	6311
e383bc	6312
20646570617274	6313
20626f6e64	6314
6976657279	6315
6f6d706c	6316
207265616374696f6e	6317
2053797269616e	6318
20506163	6319
6170706564	6320
616e69656c	6321
4450	6322
207265736f6c7574696f6e	6323
207265616374	6324
20617070726f766564	6325
6f6e6f6d	6326
6d6f6e64	6327
204f66666963	6328
2d2d2d	6329
207265706c616365	6330
207461636b	6331
2073706f7274	6332
20636861696e	6333
20656d657267656e6379	6334
726164	6335
2050616c657374696e	6336
203436	6337
206175746f6d61746963616c6c79	6338
20726f757465	6339
2070616c	6340
2062616e6b73	6341
205061726973	6342
204d65646961	6343
726f6164	6344
6963696e67	6345
697874	6346
6973746564	6347
2067726577	6348
20636f6f7264	6349
205768657265	6350
6f6d696e	6351
2073756273	6352
efbfbdefbfbd	6353
20c2b1	6354
20636f72706f72617465	6355
2073656c656374696f6e	6356
6e6f6f6e	6357
205265706f7274	6358
6373	6359
636c7564696e67	6360
6f7264657273	6361
616e636865	6362
20497473	6363
20736c6f776c79	6364
204567797074	6365
20416363	6366
20636f6c6c65	6367
6971756573	6368
4558	6369
20617474656d707473	6370
75726c	6371
2043726f7373	6372
2066696e64696e6773	6373
205343	6374
204f52	6375
20696e646578	6376
656e73697479	6377
20576179	6378
204c616e64	6379
2073686f636b	6380
646973	6381
2064796e616d	6382
2063617274	6383
6d6f7370	6384
53696e6365	6385
69657374	6386
20426f79	6387
2073746f726d	6388
20436f6e74696e	6389
32303133	6390
686577	6391
696c6974	6392
20657373656e7469616c	6393
6971756964	6394
4f74686572	6395
697665726564	6396
20726561736f6e61626c65	6397
416374	6398
2073756273657175	6399
205061636b	6400
20466f7274	6401
20636f6e7369646572696e67	6402
20756e6976657273697479	6403
6c6f67	6404
206d617272696564	6405
20696c6c757374	6406
2054727565	6407
a38f	6408
206e756d65726f7573	6409
7261737472756374757265	6410
20736572696f75736c79	6411
207265666572726564	6412
7561	6413
20636f6e73697374656e74	6414
6f6e6e61	6415
205265616c	6416
72757074696f6e	6417
6369706c6573	6418
206661637473	6419
3931	6420
6f746573	6421
657267	6422
5468656e	6423
206163636f6d706c	6424
4e6f7465	6425
20726576656e7565	6426
2070617373696e67	6427
206d616c	6428
65656e	6429
20596574	6430
20676174686572	6431
746572646179	6432
65776f726b	6433
20417574686f72	6434
5065	6435
206f7074696d	6436
20727562	6437
20e8a38f	6438
20756e6b6e6f776e	6439
73746f6e65	6440
20756e696f6e	6441
6f6c7665	6442
206f70706f7274756e6974696573	6443
2062726f77736572	6444
2057616c	6445
20436f7374	6446
207265706f7274696e67	6447
737473	6448
706574	6449
2073616e64	6450
2073756464656e6c79	6451
2073757270726973696e67	6452
205652	6453
20736f6d6577686174	6454
20426173	6455
756c74757265	6456
697a7a	6457
204344	6458
206368616c6c656e676573	6459
2073657474696e6773	6460
20657870657269656e636573	6461
2046756c6c	6462
2063616e6e	6463
20726563656976696e67	6464
455354	6465
206a6f696e74	6466
2063756c747572616c	6467
20617374	6468
3832	6469
61737465726e	6470
636569766564	6471
20437275	6472
2062756c6c	6473
7069726564	6474
616d6d	6475
20666163696e67	6476
706f776572	6477
20626f7373	6478
20486f6c	6479
20696e737472	6480
20696e6372656173696e676c79	6481
207368696674	6482
2073747265657473	6483
2057696c6c69616d73	6484
616262	6485
206c6965	6486
206c61756768	6487
204361	6488
504c	6489
206164756c7473	6490
20637573746f6d6572	6491
206f627461696e6564	6492
20737570706f7274696e67	6493
68746d6c	6494
66697265	6495
2064657461696c6564	6496
207069636b6564	6497
205269676874	6498
6c646572	6499
4545	6500
73746f6f64	6501
204b696d	6502
2077697265	6503
207369676874	6504
20646576656c6f70657273	6505
20706572736f6e73	6506
20736164	6507
20637570	6508
207761726e696e67	6509
20626f7973	6510
6c6f6e67	6511
2062697264	6512
666f	6513
2077616c	6514
206f62736572766564	6515
207a6f6e65	6516
6976656e657373	6517
206368616e6e656c	6518
6372697074	6519
2072656675736564	6520
20416761696e	6521
20737563	6522
2073706f6b65736d616e	6523
20526566	6524
72697465	6525
6f7573746f6e	6526
e383b3	6527
2053686572	6528
2061637473	6529
204e616d65	6530
207374727567676c65	6531
61727279	6532
6f6d6574696d6573	6533
206469736372696d	6534
4854	6535
2063617465676f7279	6536
207265616c697a65	6537
20656d706c6f796565	6538
2041666768616e	6539
656e676572	6540
2067756e73	6541
205374657665	6542
204d6f74	6543
204f6c	6544
6f6b6564	6545
20746869636b	6546
20666169726c79	6547
696c6c79	6548
207375727665	6549
204d6174	6550
776569676874	6551
e294	6552
2074726f6f7073	6553
206167656e7473	6554
2062617474657279	6555
206d6f746976	6556
c3a1	6557
536563	6558
64656e	6559
6f76657279	6560
4c53	6561
20666c75	6562
20636f6e666964656e74	6563
204f706572	6564
20656d707479	6565
207068656e	6566
20736563746f72	6567
2065786369746564	6568
2072656d6f7465	6569
617068	6570
6f656e	6571
2064657374726f796564	6572
206d6f72616c	6573
204850	6574
20526f6e	6575
206472657373	6576
20426174	6577
206c6974	6578
204d53	6579
206166	6580
484c	6581
72756d	6582
69736d73	6583
2073686f756c646e	6584
2073796d7074	6585
20546f726f6e746f	6586
6865746963	6587
20636172626f6e	6588
20696e7374616c6c6564	6589
2076696f6c656e74	6590
20736f6c6172	6591
6a61	6592
20707261637469636573	6593
2072696465	6594
2050656e6e	6595
20696d70726f766564	6596
20617564696f	6597
20626568617669	6598
205053	6599
20656174696e67	6600
44617461	6601
20526576696577	6602
70617373	6603
636c61696d	6604
7561746564	6605
616e67657273	6606
6368656e	6607
2070726f70657274696573	6608
20616e797768657265	6609
416e6f74686572	6610
20626c6f77	6611
204a61636b736f6e	6612
2070726f7564	6613
20706c616e65	6614
6c696e6573	6615
20737175617265	6616
2070726f6f66	6617
616e736173	6618
2074616c6b6564	6619
6d616b657273	6620
20736973746572	6621
20686f6c6473	6622
207265736964656e74	6623
203d3d	6624
20726573697374616e6365	6625
2073706c6974	6626
2070726f7365637574	6627
20636f6e666964656e6365	6628
726573656e7473	6629
2063757473	6630
20657863657074696f6e	6631
207a65726f	6632
4765747479	6633
20636f70797269676874	6634
20746f74616c6c79	6635
6f726d616c	6636
696669636174696f6e73	6637
204175737472616c69616e	6638
207369636b	6639
20313530	6640
20686f757365686f6c64	6641
2066656573	6642
2064726976657273	6643
6f67656e	6644
204e59	6645
206e65636573736172696c79	6646
20726567756c6174696f6e73	6647
656172696e67	6648
736c	6649
207065727370656374697665	6650
63617265	6651
696369616c	6652
486973	6653
20657363617065	6654
20737572707269736564	6655
2056616e	6656
757272656e74	6657
20766163	6658
3831	6659
2054687573	6660
20656d70686173	6661
204368616d70696f6e73	6662
20496365	6663
206e617272	6664
206865616473	6665
2063617573696e67	6666
62656c	6667
666f7274756e6174656c79	6668
204d61	6669
2074617267657473	6670
6369706c	6671
2061667465726e6f6f6e	6672
2061646473	6673
204d61796265	6674
20466f7572	6675
6573736564	6676
706c657465	6677
20757375616c	6678
63686f	6679
696e6775	6680
207769746864	6681
20456e65726779	6682
2045636f6e6f6d	6683
4f4f	6684
2061727469636c6573	6685
20696e6a75726564	6686
206d616e616765	6687
206578706c61696e73	6688
20646961676e	6689
526563	6690
617475726573	6691
206c696e6b6564	6692
20646973637573736564	6693
206578706c6f	6694
206f63636173696f6e	6695
617468616e	6696
206f70706f73697465	6697
206661636573	6698
2064656e696564	6699
204b6e69676874	6700
206e7574	6701
20617070726f78696d6174656c79	6702
206469736170706f696e74	6703
6f6e796d6f7573	6704
2042657374	6705
204c6f	6706
204879	6707
20416666	6708
20766f74696e67	6709
616e7768696c65	6710
20494949	6711
20696e737469747574696f6e73	6712
616772616d	6713
204461696c79	6714
2064726167	6715
206e6561726279	6716
206775696c7479	6717
20636f6e766572	6718
507265	6719
73686970	6720
20726577617264	6721
207068696c6f736f7068	6722
205353	6723
756768	6724
2061707073	6725
667269656e64	6726
207570706572	6727
20616476657274	6728
20736e6f77	6729
206672757374	6730
206f757273656c766573	6731
4672	6732
20446965	6733
616d70696f6e	6734
206469736d697373	6735
2063657265	6736
207369676e616c	6737
66726f6d	6738
20292e	6739
203532	6740
206372696d6573	6741
69746f7273	6742
6573746976616c	6743
757365756d	6744
20636f756e63696c	6745
2053617564	6746
4d6179	6747
2047756e	6748
696369616e	6749
6574686572	6750
2073756666696369656e74	6751
2048656e	6752
736f6c65	6753
20686973746f726963616c	6754
20466172	6755
205475726e	6756
2070696e	6757
2073756363656564	6758
6d6174	6759
6c796d70	6760
20747261646974696f6e	6761
204f6b	6762
2063726f	6763
206465736372697074696f6e	6764
616c6c65	6765
20736b79	6766
5465	6767
20776964656c79	6768
2077617665	6769
20646566696e6974696f6e	6770
204a657773	6771
206379636c65	6772
20726566657265	6773
206272696e6773	6774
7573616c	6775
20616c697665	6776
206672657175656e746c79	6777
20696e74656e74696f6e	6778
20436f6e74726f6c	6779
6c76	6780
797374656d	6781
2070726976616379	6782
67656e74	6783
72656e6365	6784
205175657374	6785
204368726973746d6173	6786
207261696c	6787
20636f6f706572	6788
20746573746564	6789
2043617074	6790
61736b73	6791
20636f6d666f727461626c65	6792
2064656c697665726564	6793
7363617065	6794
206465707468	6795
20474f50	6796
20777269746573	6797
20617373657473	6798
20736176	6799
696d656e7473	6800
207472616e736974696f6e	6801
20617274697374	6802
204c6f6f6b	6803
206c6f62	6804
20636f6d706f6e656e7473	6805
6172697479	6806
2077616c6b6564	6807
20726f6f74	6808
207061727469636970616e7473	6809
206e6f7469636564	6810
2072657363	6811
206e6176	6812
2041646d696e697374	6813
6461	6814
757472616c	6815
706c617465	6816
20696d706f7274616e6365	6817
20617373657274	6818
696f75736c79	6819
6372697074696f6e	6820
20696e6a7572696573	6821
20436865636b	6822
2072656769737465726564	6823
20696e74656e74	6824
206d6973736564	6825
6f67726170686963	6826
2073656e74656e6365	6827
6f756e746572	6828
20617373697374616e6365	6829
6576696e	6830
206461746162617365	6831
206275696c64696e6773	6832
20636c6173736963	6833
207468696e6b73	6834
204f68696f	6835
5072	6836
756767	6837
20666565	6838
70616e	6839
206566666563746976656c79	6840
20666163696c697479	6841
2062656172	6842
2063686170746572	6843
20646f6773	6844
20436f6c756d62	6845
206c6174746572	6846
697469616c	6847
2061646d6974746564	6848
5456	6849
2047656f7267	6850
20706f737473	6851
5c5c	6852
206c6177796572	6853
206571756976616c	6854
206d616e64	6855
20636f6e74726f6c6c6564	6856
2057616c6b	6857
20416e64726577	6858
206d656e75	6859
616d656e74616c	6860
2070726f746563746564	6861
7661	6862
2061646d696e69737472	6863
6f72616c	6864
207265696e	6865
20536172	6866
20616d6f756e7473	6867
206e6174697665	6868
204d6f6f6e	6869
20726570726573656e7473	6870
206162616e646f6e	6871
206361727279696e67	6872
2074616e6b	6873
6d617279	6874
206465636c61726564	6875
54756265	6876
20686174	6877
2070756e697368	6878
656c6c656374	6879
6d6573	6880
20756e697665727365	6881
20526f64	6882
706879	6883
20696e667261737472756374757265	6884
203531	6885
206f70706f736564	6886
6f776e74	6887
6361	6888
204d616b65	6889
206861726477617265	6890
20636f66666565	6891
52656c	6892
62616c	6893
776f726c64	6894
20536166	6895
20536561	6896
696e616c73	6897
206f776e6564	6898
2068616c6c	6899
657273696f6e	6900
206465736372696265	6901
20506f74	6902
20706f7274696f6e	6903
2061746d6f7370	6904
20676f7665726e6d656e7473	6905
20646570656e64696e67	6906
206f6666656e7365	6907
20747269636b	6908
617761	6909
204c696e65	6910
20566973	6911
2048617264	6912
204f726967	6913
20436c69636b	6914
206465736b	6915
2056616c6c6579	6916
20536f76	6917
206d6f76696573	6918
2072656d61726b	6919
206d61696c	6920
20636f6e7363696f7573	6921
2072756c696e67	6922
20526967687473	6923
206d65646963	6924
68656e74	6925
20576f6d656e	6926
3e3c	6927
207265706c61636564	6928
205072656d	6929
205468616e6b73	6930
2072656e6577	6931
2042616c6c	6932
69666f726d	6933
2073686f7473	6934
436f6d6d	6935
2061726d6564	6936
20636f6e7374616e74	6937
207461737465	6938
207265616c697a6564	6939
2062756666	6940
206d6f	6941
20656666696369656e74	6942
4d6f7374	6943
6f726174696f6e	6944
6966696573	6945
20636f6d6d756e69636174696f6e	6946
20666c6f6f64	6947
20636f6e73657175656e636573	6948
20616e79776179	6949
696767	6950
20474d	6951
205468616e6b	6952
2069726f6e	6953
2065766f6c7574696f6e	6954
20436f70	6955
74776974746572	6956
203935	6957
2072656c6174696f6e7368697073	6958
6164656c	6959
20596f756e67	6960
2070726f706f73616c	6961
6179657273	6962
75696c64696e67	6963
20486f74	6964
4f5245	6965
636f73	6966
20636f6c6c61626f72	6967
5047	6968
617879	6969
206b6e6f77696e67	6970
20737570706f727473	6971
6f776564	6972
20636f6e74726f6c73	6973
206d6572656c79	6974
756d6572	6975
206174686c6574	6976
2066617368696f6e	6977
70617468	6978
2067696674	6979
20657261	6980
414e44	6981
206b696e6473	6982
204b6f7265616e	6983
206c65676974	6984
756c6f7573	6985
20657373656e7469616c6c79	6986
20746865726170	6987
6e6963	6988
207375666665726564	6989
20687572	6990
2070726f6d697365	6991
20657863657373	6992
206f76657277	6993
207072696d65	6994
20486f7573746f6e	6995
65727279	6996
204d73	6997
5253	6998
32303132	6999
2073746f726573	7000
204f6c796d70	7001
206a6f75726e6579	7002
416c74686f756768	7003
537562	7004
2045647563	7005
2043686170746572	7006
207265717565737473	7007
20636f6e73756d657273	7008
2074696e79	7009
2069736f6c	7010
2046616972	7011
6261	7012
20594f55	7013
206372617368	7014
63656c6572	7015
20656d6f74696f6e616c	7016
20676f6f6473	7017
20656c6563746564	7018
206d6f646572	7019
204c696e7578	7020
20626c6f636b73	7021
2069736c616e64	7022
20536f6369657479	7023
20656c656374696f6e73	7024
2062726f616463617374	7025
206368656170	7026
206e6174696f6e73	7027
20736561736f6e73	7028
343030	7029
207761737465	7030
20536174	7031
206669656c6473	7032
656d706c6f79	7033
2070726f66696c65	7034
20617574686f7273	7035
414c4c	7036
20477261	7037
77657374	7038
205479	7039
20646561746873	7040
2076616363	7041
20666f726d6564	7042
206475	7043
206f6e676f696e67	7044
204d75736c696d73	7045
656c66	7046
6967757265	7047
20617373756d65	7048
20556b7261696e65	7049
7761746572	7050
20636f617374	7051
20766f746564	7052
676f72	7053
204153	7054
204d6963686967616e	7055
617a61	7056
2041726d	7057
69726f	7058
20666c6578	7059
617374657273	7060
2727	7061
2077656c636f6d65	7062
61726c	7063
206c6f636174696f6e73	7064
69676174696f6e	7065
2046696c	7066
20627579696e67	7067
20617263686974656374	7068
20686172646572	7069
20437562	7070
20696e74657266616365	7071
2072657374617572616e74	7072
20646973636f766572	7073
20657863656564	7074
206661766f7572	7075
67657279	7076
2064757479	7077
207069746368	7078
61646f72	7079
204d616368	7080
626f79	7081
20726573706f6e646564	7082
20657874656e646564	7083
68657273	7084
4d616e79	7085
72616964	7086
69666572	7087
20496e73	7088
536572	7089
206d656469756d	7090
736865	7091
2053706f727473	7092
206d6167617a696e65	7093
75746174696f6e	7094
206c696d697473	7095
2047616c6c	7096
2065787465726e616c	7097
72617a696c	7098
20796f756e676572	7099
746c65	7100
2072656d696e64	7101
20434f4e	7102
20696d6d656469617465	7103
2068696464656e	7104
20766f6c756e7465	7105
2073696d706c	7106
6f6463617374	7107
207068617365	7108
6472	7109
20706c6f74	7110
206578706f73757265	7111
5249	7112
6f67726170	7113
76696e	7114
616e697368	7115
2041636164	7116
20456e67696e65	7117
20657870616e73696f6e	7118
20506179	7119
596f7572	7120
20707573686564	7121
20456c6c	7122
2048656164	7123
206d61726b6574696e67	7124
204143	7125
6b6574	7126
2068697473	7127
2067726f	7128
20416765	7129
2053636f74	7130
5d5b	7131
207374696d	7132
206950686f6e65	7133
8892	7134
206e6172726f77	7135
204765747479	7136
205475726b6579	7137
20706572666563746c79	7138
20656e61626c65	7139
75746368	7140
2070726563697365	7141
20726567696d65	7142
2073686966	7143
20636f6d70656e73	7144
67756e	7145
646976	7146
2063686f73656e	7147
204b656e	7148
416e79	7149
207472656573	7150
207265636f6d6d656e646564	7151
2052656e	7152
7561626c65	7153
204854	7154
466f6c6c6f77	7155
4547	7156
2048616e64	7157
204b656e6e	7158
20617267756d656e7473	7159
20657869737473	7160
2062696b65	7161
20436f6e73657276	7162
20627265616b696e67	7163
20476172	7164
206372617a79	7165
207669727475616c	7166
61796c6f72	7167
6978656c	7168
2031393830	7169
207065726d697373696f6e	7170
20536572696573	7171
20636f6e73756d6572	7172
20636c6f73656c79	7173
63616c6c6564	7174
203534	7175
20686f706573	7176
206172726179	7177
2057696e	7178
204c61626f7572	7179
2073706f6e73	7180
20497265	7181
20706f77	7182
2072656164657273	7183
20656d706c6f796d656e74	7184
206372656174757265	7185
20726573756c74696e67	7186
206163637572617465	7187
206d6f6d656e7473	7188
20617267756564	7189
20706564	7190
447572696e67	7191
203533	7192
2054616c	7193
20736f75676874	7194
20737566666572696e67	7195
2069636f6e	7196
6c6565	7197
202824	7198
616c69616e	7199
c2b0	7200
20707261	7201
20626f6e7573	7202
2822	7203
6b6f	7204
20616374696e67	7205
4445	7206
66616c6c	7207
20636f6d70617269736f6e	7208
20736d6f6f7468	7209
204e4153	7210
757070	7211
204a6f73657068	7212
6570696e67	7213
2054616b65	7214
204d6964	7215
2073656e64696e67	7216
66617374	7217
2046616c6c	7218
206465616c696e67	7219
75736572	7220
204f7267616e	7221
436f	7222
206174746163686564	7223
2073656573	7224
252e	7225
207479706963616c	7226
415254	7227
2066696e6473	7228
2041736961	7229
756d696e	7230
20436f7265	7231
20456e74	7232
696e656e74	7233
756365	7234
20426c6f6f64	7235
204e65766572	7236
20656d61696c73	7237
20686967686c69676874	7238
20636f6e66726f6e74	7239
61747573	7240
75746564	7241
20756e7573	7242
20746f706963	7243
204164616d	7244
20626c65	7245
617469	7246
20756e64657273746f6f64	7247
536574	7248
737472756374	7249
5450	7250
206d6f62	7251
6161	7252
205374617274	7253
706563746564	7254
73656c6c	7255
20646564696361746564	7256
204341	7257
75616e	7258
20736f6e6773	7259
65736372697074696f6e	7260
2074656368	7261
2072617065	7262
206173696465	7263
206772616e74	7264
203536	7265
737562	7266
206172677565	7267
20636f6e7461696e696e67	7268
207363686564756c65	7269
206c69626572616c	7270
207075626c69636c79	7271
2068656176696c79	7272
205574	7273
696e6572	7274
2053656374696f6e	7275
2043617265	7276
77656574	7277
6c73	7278
446973	7279
e29480	7280
20466f6c6c6f77	7281
4261636b	7282
204954	7283
20626573	7284
6a69	7285
20486974	7286
6573746564	7287
206576657279626f6479	7288
2053776564	7289
2066656d696e	7290
20666163696c6974696573	7291
20636f6e76656e	7292
436f6d70	7293
204f53	7294
636f7265	7295
20616e78	7296
206469766973696f6e	7297
2043616d	7298
205374616e	7299
6d61746573	7300
206578706c6f7265	7301
706c6f6d	7302
20736861726573	7303
706c6f6164	7304
616e6573	7305
20696465616c	7306
6574657273	7307
2042617365	7308
20706c6173746963	7309
2064697374696e6374	7310
204e6574776f726b	7311
2053656174746c65	7312
2074726164696e67	7313
656e737573	7314
696e74656e64	7315
206578686962	7316
20696e697469616c6c79	7317
20466f6f64	7318
2074686f7573616e64	7319
20427573696e657373	7320
6163746572	7321
20706172616772617068	7322
20726f7567686c79	7323
20777777	7324
206372656174697665	7325
20436f6e66	7326
20636f6e73756d7074696f6e	7327
2066696c6d73	7328
6167616e	7329
206f627461696e	7330
2074616c6c	7331
20746f72	7332
2061636b6e6f776c6564	7333
2067726f776e	7334
616c6f	7335
4b45	7336
20343030	7337
656e64657273	7338
7461696e696e67	7339
5547	7340
2073756963696465	7341
2077617463686564	7342
204c697374	7343
616c69	7344
726568656e73	7345
20737572726f756e64696e67	7346
20706970	7347
20666c79696e67	7348
204a617661	7349
6f7264616e	7350
2073657276696e67	7351
696e6174696f6e73	7352
706f7374	7353
2073686f	7354
4176	7355
206a61696c	7356
7a79	7357
2031393939	7358
203c2f	7359
206c69746572616c6c79	7360
20536972	7361
206578706f736564	7362
206c696573	7363
73746172	7364
20626174	7365
206561726e6564	7366
20446967	7367
20737065636966696564	7368
20536561736f6e	7369
2064656772656573	7370
446f6e616c64	7371
2063656e747265	7372
2073686172696e67	7373
2077696e746572	7374
20434f	7375
436865	7376
20ce	7377
4d50	7378
20756e77	7379
206665776572	7380
204d6972	7381
20736f6d657768657265	7382
204b6579	7383
2061747461636b6564	7384
204b6972	7385
20646f6d61696e	7386
207374726f6e676572	7387
203939	7388
2070656e616c7479	7389
4964	7390
536372697074	7391
206465636c696e6564	7392
206e65636b	7393
206672617564	7394
2063757272656e6379	7395
20726973696e67	7396
5243	7397
e280a6e280a6	7398
487a	7399
20746162	7400
2074616c656e74	7401
6e616d	7402
204e4241	7403
2076696c6c616765	7404
206c656773	7405
204e657874	7406
4564	7407
2061636964	7408
20687964	7409
383030	7410
20696e766f6c76696e67	7411
20496d616765	7412
204265666f7265	7413
466c	7414
20796573746572646179	7415
536f75726365	7416
20746572726f72697374	7417
20737570	7418
2073796e74	7419
205361756469	7420
2077657374	7421
207275	7422
62757267	7423
2076697369626c65	7424
2073747275636b	7425
7269736f6e	7426
20617765736f6d65	7427
20647261776e	7428
20616e7377657273	7429
204769726c	7430
2052616d	7431
2074687265617473	7432
20646566656174	7433
6f736974	7434
2076656e74	7435
61747572616c6c79	7436
416d65726963616e	7437
656e6461	7438
20486f6c79	7439
2072756d	7440
252c	7441
63617365	7442
20486973746f7279	7443
20596f7554756265	7444
20736974756174696f6e73	7445
20444e41	7446
537465	7447
207361766564	7448
4974656d	7449
207265636970	7450
6f6c6f67697374	7451
206661636564	7452
20656c6967	7453
4f6e6365	7454
204c69	7455
7568	7456
206d697374616b65	7457
204469766973696f6e	7458
2042656c6c	7459
2073796d70746f6d73	7460
c2ae	7461
20646f6d696e	7462
2066616c6c696e67	7463
20656e64696e67	7464
6173686573	7465
206d617463686573	7466
204f6e6c696e65	7467
206578706c616e6174696f6e	7468
446566	7469
7265646974	7470
20616e796d6f7265	7471
20546f74616c	7472
20464f52	7473
7573686564	7474
206c657474657273	7475
207269736b73	7476
204f4b	7477
207265706f727465646c79	7478
3a5c	7479
20706c617465	7480
207375626a65637473	7481
20617474656d70746564	7482
6966696572	7483
69616e61	7484
20756e6c696b656c79	7485
2054686f756768	7486
756d61	7487
20496e76657374	7488
205072696e	7489
6963616e	7490
20446172	7491
20436f6c6f7261646f	7492
617567	7493
207665676574	7494
616f73	7495
726961	7496
207368656c	7497
206d61726b6564	7498
202829	7499
20737072	7500
706f	7501
204c696e6b	7502
2064656665	7503
204a72	7504
207468656d65	7505
2070617373696f6e	7506
2050656e	7507
20696e666f	7508
697a6572	7509
2073686974	7510
20436976696c	7511
61707365	7512
637265	7513
20706f6c79	7514
20636f6d706f6e656e74	7515
20436861726c6573	7516
204972656c616e64	7517
2050726f76	7518
20646f63746f7273	7519
206772616e746564	7520
207061696e74	7521
20686f6e6f72	7522
20736d6f6b65	7523
207061796d656e7473	7524
207072696d6172696c79	7525
204b696e67646f6d	7526
72696368	7527
6174656c6c	7528
206465616c73	7529
207363686564756c6564	7530
2066756e64616d656e74616c	7531
2070726f7465696e	7532
206e6577737061706572	7533
20636c69656e7473	7534
7974686f6e	7535
2044617465	7536
687573	7537
20666565646261636b	7538
2073747265746368	7539
20636f636b	7540
20686f74656c	7541
20517565656e	7542
207375676172	7543
206a75	7544
206d696c6b	7545
20617070726f76616c	7546
204c697665	7547
206571756976616c656e74	7548
6566756c6c79	7549
20696e73657274	7550
7a6f6e61	7551
20657874656e73696f6e	7552
647269	7553
4a6f686e	7554
206163636f6d70	7555
536d	7556
2046756e64	7557
20636f6e7374616e746c79	7558
206060	7559
2067656e657261746564	7560
20416374696f6e	7561
205073796368	7562
20547269	7563
207265636f676e697a65	7564
2076617279	7565
706861	7566
205261	7567
6466	7568
65746368	7569
20536f76696574	7570
54776f	7571
207061747465726e73	7572
2070726f66657373696f6e	7573
616e696e67	7574
54696d65	7575
204c696d	7576
20636f6c6f7273	7577
20417a	7578
205452	7579
20696e66656374	7580
207068656e6f6d656e	7581
207368656c6c	7582
416c736f	7583
2070757473	7584
2064656c6976657279	7585
2062726f776e	7586
2070726f63657373696e67	7587
206c6967687473	7588
657373616765	7589
2042726f6f6b	7590
20417564	7591
6c6174696f6e	7592
20696e647573747269616c	7593
4c696b65	7594
204272617a696c	7595
726f7573	7596
455353	7597
204c7563	7598
20736f6d65686f77	7599
203835	7600
2070726f706f7274	7601
20706f6c6974696369616e73	7602
20696e646963617465	7603
20686f6c65	7604
20746563686e6971756573	7605
20636f6d7065746974697665	7606
20706872	7607
20766f	7608
697374656e74	7609
20447265616d	7610
2063616d707573	7611
2061737065637473	7612
2068656c7066756c	7613
20736869656c64	7614
6f727365	7615
2074726967676572	7616
6d616c	7617
203538	7618
20746f7274	7619
20706572736f6e616c6c79	7620
20746167	7621
206b65657073	7622
20566964656f	7623
2062656e6368	7624
20676170	7625
61697265	7626
2065617374	7627
207265636f76657279	7628
70657269616c	7629
2070726f666974	7630
204d6963	7631
203537	7632
20636f6c6f6e	7633
207374726f6e676c79	7634
7374796c65	7635
20616c6c65676174696f6e73	7636
68616e	7637
207265706f7274657273	7638
6a6f	7639
72696e65	7640
6172676574	7641
616e64616c	7642
203033	7643
20666c617368	7644
7472616e73	7645
20737472696374	7646
207061726b696e67	7647
2050616b697374616e	7648
206c69	7649
207765697264	7650
2045726963	7651
20726567696f6e73	7652
204a756e	7653
20696e74656c6c656374	7654
205748	7655
6f64696e67	7656
72696275746573	7657
75706964	7658
20546974	7659
2066696e676572	7660
6f726961	7661
20656c6576	7662
204669656c64	7663
20636f6e636c7573696f6e	7664
3b3b	7665
206665656c696e6773	7666
20657874656e73697665	7667
206d69786564	7668
206e6575726f	7669
7679	7670
20686172617373	7671
2043697263	7672
6f756368	7673
207465727269746f7279	7674
207375636365737366756c6c79	7675
4d6172	7676
20696e67726564	7677
206f7665727768656c	7678
206c61796572	7679
56696577	7680
20616c6c696573	7681
696c6c616e6365	7682
205468726565	7683
2062756e6368	7684
206e6f726d616c6c79	7685
206e6574776f726b73	7686
2073616372	7687
20434941	7688
626c6573	7689
2063686f7365	7690
206f70706f6e656e7473	7691
207265676172646c657373	7692
206672616e6368	7693
2070726566	7694
20506f	7695
20627269646765	7696
616e6e61	7697
2053696c766572	7698
2077616765	7699
70616765	7700
72696f72	7701
207261646963616c	7702
204c6974746c65	7703
206d616e6970	7704
20736563726574617279	7705
2067616e67	7706
4452	7707
4641	7708
20646563656e74	7709
20537069726974	7710
20756e636c65	7711
20446576656c6f706d656e74	7712
20696e766573746f7273	7713
2077616c6c73	7714
207075626c697368	7715
2067656e6572617465	7716
697373696f6e73	7717
636172	7718
2070726f6d6f7465	7719
2063757474696e67	7720
206368657374	7721
206472696e6b696e67	7722
20636f6c6c6563746564	7723
203732	7724
20686f70696e67	7725
20656d6272	7726
676f72697468	7727
207761726e6564	7728
20696e737472756374696f6e73	7729
4f47	7730
20446964	7731
204167656e6379	7732
2067656172	7733
2063726974696369736d	7734
2046757274686572	7735
207574696c	7736
616e6e79	7737
526564	7738
20636f756e73656c	7739
20417369616e	7740
20726564756374696f6e	7741
706f6f6c	7742
207465616368696e67	7743
20646565706c79	7744
6979	7745
20657374696d61746573	7746
2063686f69636573	7747
207065726d616e656e74	7748
696e656d	7749
6b656c	7750
2066617363	7751
707365	7752
66696c65	7753
204c6f77	7754
20506572736f6e	7755
20746f75726e616d656e74	7756
7374616c	7757
206d656c	7758
555354	7759
20526179	7760
617a69	7761
56616c	7762
20636f6e7461696e6564	7763
20486f6c6c79	7764
2077616b65	7765
2072657665616c	7766
2070726f636573736573	7767
2049534953	7768
203039	7769
20626c696e64	7770
20737465656c	7771
20426164	7772
206361726566756c6c79	7773
61707079	7774
726f6974	7775
2067616d696e67	7776
20686f75736573	7777
20436f6c6c	7778
20747275636b	7779
65726d	7780
2073636f726564	7781
206f63636173	7782
72657475726e	7783
626f756e64	7784
766172	7785
207368617270	7786
20616672616964	7787
204558	7788
616d626572	7789
6369666963	7790
20736368656d65	7791
4e43	7792
20506f6c6974	7793
206465636c696e65	7794
2031393938	7795
2070757368696e67	7796
20706f7373657373696f6e	7797
2070726976696c65	7798
207465616368657273	7799
207969656c64	7800
4841	7801
204461766973	7802
69746c6564	7803
2323232323232323	7804
20726967	7805
2044616e69656c	7806
61636f6e	7807
2068696465	7808
7574656e	7809
20636f6c6c656167756573	7810
207072696e6369706c6573	7811
206c6f7564	7812
2073696e	7813
2044656d6f6e	7814
2073746f6e65	7815
203032	7816
20746175676874	7817
207465727269626c65	7818
20737475636b	7819
20506f6c696379	7820
7465656e	7821
20696d706c656d656e746174696f6e	7822
20424243	7823
20415049	7824
20776865656c	7825
616c6c6173	7826
206368616d70696f6e73	7827
6f6c617273	7828
706c61796572	7829
2072657065617465646c79	7830
205374696c6c	7831
206c696b6573	7832
61737479	7833
6573746572	7834
20436174686f6c6963	7835
524c	7836
2062617468	7837
206e6f697365	7838
7469746c65	7839
206e6f72746865726e	7840
50617274	7841
206d61676e	7842
20666162	7843
20417368	7844
20646973706c	7845
207469636b6574	7846
206d757264	7847
20616c6f6e6773696465	7848
204d75736963	7849
207269766572	7850
20537465656c	7851
20434c	7852
20506c61796572	7853
204d756c74	7854
6f77696e67	7855
726570	7856
73697a65	7857
20747572	7858
2047656f72676961	7859
697363616c	7860
72616374696f6e	7861
206361626c65	7862
203539	7863
2077696e73	7864
207570636f6d696e67	7865
2073757276697665	7866
20696e737069726564	7867
20456475636174696f6e	7868
2073746174697374696373	7869
20466f6f74	7870
69616d69	7871
2079656c6c6f77	7872
2050616765	7873
2e2d	7874
20486173	7875
20757262616e	7876
206178	7877
657373656c	7878
5c22	7879
20717561727465726261636b	7880
207265676973746572	7881
204c61626f72	7882
206162696c6974696573	7883
2046616d696c79	7884
207661726961626c65	7885
205072696365	7886
20636f6e74656d	7887
207468696e	7888
20457175	7889
64617461	7890
20676f7474656e	7891
20636f6e73746974	7892
2061736b73	7893
207461696c	7894
206578636974696e67	7895
20456666656374	7896
205370616e697368	7897
20656e636f7572616765	7898
696e736f6e	7899
204168	7900
20636f6d6d69746d656e74	7901
4353	7902
2072616c6c79	7903
203a3a	7904
20737562736964	7905
207370696e	7906
206361707475726564	7907
32303138	7908
20696e6e6f63	7909
20616c6c656765646c79	7910
20436f6d65	7911
2061727469737473	7912
204e756d626572	7913
20656c656374726f6e6963	7914
20726567696f6e616c	7915
61706573	7916
20777261	7917
206d797468	7918
7072697365	7919
204d696c6c6572	7920
204372656174	7921
20457069736f6465	7922
62656c6c	7923
206469726563746564	7924
2065787472616374	7925
20736f727279	7926
2076696365	7927
6167676572	7928
20537570706f7274	7929
203636	7930
2049726f6e	7931
20776f6e64657266756c	7932
20677261	7933
4e6574	7934
696f6e65	7935
456e67	7936
207368697073	7937
696b6573	7938
204b6576696e	7939
69746172	7940
20616374697669737473	7941
74727565	7942
204172697a6f6e61	7943
656e7468	7944
2044657370697465	7945
205345	7946
206861626974	7947
65726e656c	7948
20696e7175	7949
2061626f7274696f6e	7950
20766f6964	7951
206578706c69636974	7952
20656e6761676564	7953
20616e677279	7954
20726174696e67	7955
2066726167	7956
62726f	7957
69636b696e67	7958
646576	7959
20776f7272696564	7960
206f62736572	7961
2061706172746d656e74	7962
204754	7963
20657374617465	7964
20436f6e737469747574696f6e	7965
656d6f6e	7966
20536e6f77	7967
20636f756e7479	7968
206469736167	7969
205374657068656e	7970
20696d6d696772616e7473	7971
77696e64	7972
204e6174696f6e73	7973
20666f6c6b73	7974
4f7574	7975
2067616c6c	7976
207461726765746564	7977
207374656164	7978
20426f6e	7979
204c6962	7980
20696e666f726d6564	7981
20313230	7982
636861696e	7983
6964656c696e6573	7984
6f726f756768	7985
2064726976656e	7986
20726567756c61726c79	7987
206261736b6574	7988
207072696e6369706c65	7989
6f63756d656e74	7990
207374756e	7991
6962696c6974696573	7992
20526f6d616e	7993
2041626f7574	7994
20616c657274	7995
2064656d6f6372616379	7996
20726570726573656e746564	7997
4853	7998
63657273	7999
706172656e74	8000
417274	8001
7061636b	8002
206469706c6f6d	8003
72657473	8004
204e4f	8005
2063617074757265	8006
20416476	8007
84a2	8008
20616e6e6f756e63656d656e74	8009
204c656172	8010
20686f6f6b	8011
2070757273	8012
2053756368	8013
2043616d6572	8014
207265667567656573	8015
205665	8016
506f6c	8017
207265636f676e697a6564	8018
6c6962	8019
206861646e	8020
417373	8021
2070696c6f74	8022
757368696e67	8023
2072657475726e696e67	8024
20747261696c	8025
2053746f6e65	8026
20726f7574696e65	8027
20636f75727473	8028
20646573706572	8029
20667269656e646c79	8030
204974616c79	8031
20706c6564	8032
20627265617468	8033
2073747564696f	8034
4e53	8035
20696d7072657373697665	8036
2041666768616e697374616e	8037
2066696e67	8038
20646f776e74	8039
696e6b696e67	8040
20526f67	8041
69617279	8042
636f6c6f72	8043
736578	8044
61726f6e	8045
206661756c74	8046
204e69636b	8047
446f776e	8048
20526f7365	8049
20536f75746865726e	8050
5858	8051
69736f646573	8052
4c697374	8053
363030	8054
206f7574636f6d65	8055
657272	8056
20656c73657768657265	8057
20726574697265	8058
20706f756e6473	8059
20476c6f62616c	8060
50656f706c65	8061
20636f6d6d756e69636174696f6e73	8062
206c6f616e	8063
20726174696f	8064
20456d70697265	8065
20676f6e6e61	8066
20696e76656e74	8067
4446	8068
2031393730	8069
20436f6d6d6f6e	8070
706174	8071
2070726f6d69736564	8072
2064696e6e6572	8073
20486f6d	8074
2063726561746573	8075
206f706572617465	8076
7665727479	8077
204a6f7264616e	8078
6574696d65	8079
207375737461696e	8080
526567	8081
20696e6372656469626c65	8082
696d61	8083
2077617272616e74	8084
206d6d	8085
417474	8086
206c617773756974	8087
2072657669657773	8088
6974757265	8089
20536f75726365	8090
6c6967687473	8091
20466f7264	8092
203633	8093
67726f7570	8094
73746f7265	8095
206665617475726564	8096
20666f7265766572	8097
20706f7665727479	8098
20506f70	8099
20434e4e	8100
617a7a	8101
61626973	8102
616368696e67	8103
206c616964	8104
2053757070	8105
2066696c746572	8106
656e61	8107
20436f6d6d756e697479	8108
20637265617475726573	8109
756374696f6e	8110
20526f79616c	8111
206173736f63696174696f6e	8112
20436f6e6e656374	8113
2042726164	8114
e29688	8115
6c657273	8116
7468657265	8117
204769	8118
2076616c7561626c65	8119
41434b	8120
205461796c6f72	8121
206c6971756964	8122
204174746f726e6579	8123
204361726c	8124
2046696e616c	8125
616761	8126
2057696c736f6e	8127
42656361757365	8128
2050726f666573736f72	8129
616b61	8130
20696e6372656469626c79	8131
72616e6365	8132
2129	8133
526566	8134
736b	8135
20736f6c7574696f6e73	8136
2061746d6f737068657265	8137
20626c616d65	8138
756d6573	8139
204e6f62	8140
4341	8141
756d7073	8142
726963616c	8143
20507574696e	8144
2044657374	8145
6f726963	8146
205041	8147
20726573706563746976656c79	8148
77616e	8149
206669667468	8150
e284a2	8151
20437279	8152
20676f7665726e6f72	8153
7265736964656e74	8154
20707572636861736564	8155
206861636b	8156
20696e74656e7365	8157
6f6273	8158
206f726967696e	8159
20646566696e65	8160
206361726566756c	8161
2a2a2a	8162
2073686f756c646572	8163
436c69636b	8164
2074696564	8165
206465737472756374696f6e	8166
6f75726564	8167
206e6f626f6479	8168
20686f	8169
204578706572	8170
20746970	8171
223b	8172
20746563686e69717565	8173
206a7572	8174
20506f6b	8175
626f77	8176
206c6567656e64	8177
206163636f7264	8178
2062757379	8179
20496e74656c	8180
2068616e67	8181
616b69	8182
2e5d	8183
e28094e28094e28094e28094	8184
2073757267657279	8185
20726570726f6475	8186
20756e69666f726d	8187
207363656e6573	8188
636f6465	8189
203632	8190
6c6973686572	8191
2048617665	8192
70686961	8193
206372797074	8194
207265636f6e	8195
2073637265616d	8196
2061646f70746564	8197
2073636f726573	8198
4e65	8199
204974616c69616e	8200
696e636c7564696e67	8201
424f	8202
20696e64696361746564	8203
20656e7465727461696e	8204
4775	8205
54657874	8206
69656c	8207
207477656e7479	8208
20656e67616765	8209
6f666673	8210
2050616369666963	8211
20736d696c65	8212
20706572736f6e6e656c	8213
20746f6c6572	8214
20646f6f7273	8215
20746f6e65	8216
206d616368696e6573	8217
20656e746572696e67	8218
74656e616e6365	8219
434f	8220
204a6572736579	8221
20666f72657374	8222
20686f727365	8223
20636f6d706c61696e74	8224
20537072696e67	8225
796f	8226
20506c7573	8227
6564696e67	8228
2052657475726e	8229
7175617274657273	8230
69616c73	8231
636f77	8232
2061636164656d6963	8233
206672756974	8234
2031393936	8235
6f676574686572	8236
2077696e65	8237
207075727375	8238
2053746576656e	8239
206c6963656e73	8240
57686f	8241
20636c6f74686573	8242
72656374696f6e	8243
207371756164	8244
20737461626c65	8245
20726177	8246
7a656e73	8247
53746172	8248
7574696573	8249
616e636572	8250
206b657973	8251
204d75	8252
20636f6d706c696361746564	8253
69676572	8254
2054657874	8255
206162736f72	8256
203638	8257
2066756e6e79	8258
2072656c696566	8259
204c6577	8260
20436f6f6b	8261
206368617274	8262
2064726177696e67	8263
4745	8264
206d6f64756c65	8265
2042756c6c	8266
494c4c	8267
2073616c74	8268
3030303030303030	8269
696c6c65	8270
207265736f75726365	8271
61776179	8272
6164656c70686961	8273
20427275	8274
203637	8275
20736f6d65626f6479	8276
207061727469636970617465	8277
20726f7365	8278
7765726564	8279
206d7573636c65	8280
20636f6e73656e74	8281
20636f6e74696e75696e67	8282
20477561726469616e	8283
204f72646572	8284
7265676f6e	8285
2072656172	8286
2070726f766973696f6e	8287
206c696b6564	8288
7269656e74	8289
20627261	8290
5472616e73	8291
206d656574696e6773	8292
20746f78	8293
20636f6e76656e74	8294
206175746f	8295
207265636f7264696e67	8296
20536f6674	8297
303031	8298
20526f6c6c	8299
2070726f6772616d6d696e67	8300
20706963	8301
2070726f766564	8302
2073746162	8303
20417374	8304
2063617074696f6e	8305
756c6174696e67	8306
2041747461636b	8307
206e65776c79	8308
2031393937	8309
6672	8310
206469736369706c	8311
20477265656b	8312
2065646974696f6e	8313
20446f6573	8314
20426f78	8315
69666c65	8316
61636b6574	8317
20706173736573	8318
206775657374	8319
20616363656c6572	8320
6974616c73	8321
5544	8322
2061757468656e74	8323
2052657374	8324
6f76616c	8325
7461	8326
75696e65	8327
2061726d6f72	8328
20546f776e	8329
20636f6d706174	8330
20696e63686573	8331
44657370697465	8332
2061737369676e	8333
686572656e74	8334
2070726570617265	8335
204d6567	8336
6f636b6579	8337
20646570656e6473	8338
20747261636b73	8339
7761746368	8340
206c69737473	8341
204e6f72746865726e	8342
20616c746572	8343
726563	8344
204561737465726e	8345
20636f6e64656d	8346
2065766572797768657265	8347
3f27	8348
20616666696c69	8349
20666f75676874	8350
223a7b22	8351
206d6163	8352
6974617269616e	8353
2073636f7065	8354
20414c	8355
617773	8356
61726d73	8357
20717565	8358
20656e6a6f796564	8359
6e65736f7461	8360
2061676772657373697665	8361
2053746f7279	8362
204956	8363
20726563697065	8364
20726172656c79	8365
204d65646963616c	8366
76616c7565	8367
616e67656c	8368
6179696e67	8369
6f6d657468696e67	8370
2073756273656374696f6e	8371
20736f75746865726e	8372
206672657175656e6379	8373
72657465	8374
726f6c6c6564	8375
756c7473	8376
204e6963	8377
20626568616c66	8378
2073657175656e6365	8379
61626574	8380
20636f6e74726f7665727369616c	8381
20636f6d70726f6d	8382
20776f726b6572	8383
206d61696e6c79	8384
20616c676f72697468	8385
204d616a6f72	8386
6f726365	8387
67656e646572	8388
206f7267616e697a6564	8389
2066616b65	8390
20636f6e636c75646564	8391
204544	8392
2045786563	8393
72616765	8394
206368616e636573	8395
6265727279	8396
2054726164	8397
20636f6e66696775726174696f6e	8398
207769746864726177	8399
2066726f	8400
75646573	8401
2042726f74686572	8402
20427269616e	8403
207472696573	8404
2073616d706c6573	8405
20626964	8406
20476f6c64656e	8407
2070686f746f6772617068	8408
6966657374	8409
20444f	8410
205061726c69616d656e74	8411
2a2a2a2a2a2a2a2a2a2a2a2a2a2a2a2a	8412
52656d	8413
20636f6e74657374	8414
207369676e696e67	8415
7078	8416
205a65616c	8417
e29480e29480	8418
456172	8419
2065786974	8420
4265666f7265	8421
20436f72706f72	8422
6e756c6c	8423
6d6f6e7468	8424
2072616369616c	8425
6f74746564	8426
20566567	8427
2052657574657273	8428
2073776f7264	8429
70736f6e	8430
20526f6d6e6579	8431
616564	8432
2074726962	8433
20696e6e6572	8434
2070726f746f636f6c	8435
204269	8436
204d69616d69	8437
65766572616c	8438
7072657373	8439
207368697070696e67	8440
20416d656e646d656e74	8441
20486f77617264	8442
636f6e6e656374	8443
2044697363	8444
204a6163	8445
69616d6f6e64	8446
205468657265666f7265	8447
736573	8448
205072696e63657373	8449
20555342	8450
20416e7468	8451
207375727665696c6c616e6365	8452
2061706f6c6f67	8453
203631	8454
6f7761	8455
2066756c66	8456
6a73	8457
206c75636b	8458
7573746564	8459
20c2a7	8460
6e69	8461
20616e7469636970	8462
656d616e	8463
2077696e6e6572	8464
2073696c766572	8465
6c6c61	8466
6963697479	8467
20756e757375616c	8468
20637261636b	8469
2074696573	8470
657a	8471
2070726163746963616c	8472
2070726f76696e6365	8473
20506c616365	8474
207072696f72697479	8475
494345	8476
20646573637269626573	8477
206272616e6368	8478
466f726d	8479
61736b61	8480
6d697373696f6e73	8481
6269	8482
20706f726e	8483
205475726b	8484
20656e74687573	8485
206669676874657273	8486
203038	8487
20446574726f6974	8488
20666f756e646174696f6e	8489
61766964	8490
417265	8491
206a7564676d656e74	8492
636c696e67	8493
20736f6c7665	8494
2044657369676e	8495
5768657265	8496
6865736973	8497
2054726f	8498
6166746572	8499
206e65757472616c	8500
2050616c657374696e69616e	8501
20486f6c6c79776f6f64	8502
206164766973	8503
204e6f6e	8504
796573	8505
6f6c6973	8506
2072657075746174696f6e	8507
20736d656c6c	8508
206272656164	8509
2042756c	8510
204265616368	8511
20636c61696d696e67	8512
2067656e65746963	8513
20746563686e6f6c6f67696573	8514
2075706772616465	8515
726f7773	8516
20646576656c6f706572	8517
204a6f7368	8518
204469736e6579	8519
6572766564	8520
6970616c	8521
20756e6578	8522
20626172656c79	8523
7468656e	8524
20507562	8525
20696c6c6e657373	8526
6574617279	8527
2042616c	8528
207061746368	8529
2062757474	8530
20737475706964	8531
20446f67	8532
2044616c6c6173	8533
66726f6e74	8534
69656365	8535
2070726f7465737473	8536
2063686174	8537
6f656e6978	8538
2077696e67	8539
207061726c69616d656e74	8540
203737	8541
6f73657875616c	8542
2072656e646572	8543
7074696f6e73	8544
20436f617374	8545
6f7361	8546
2047726567	8547
686f70	8548
204d616e6167656d656e74	8549
20626974636f696e	8550
207265636f766572	8551
20696e636f72706f72	8552
6f726e65	8553
205573696e67	8554
20707265636564	8555
20746872656174656e6564	8556
2073706972697475616c	8557
204576656e74	8558
2046726564	8559
206164766572746973696e67	8560
20696d70726f76656d656e7473	8561
20437573746f6d	8562
206572726f7273	8563
2073656e736974697665	8564
204e617679	8565
20637265616d	8566
4c6f6f6b	8567
206578636c7573697665	8568
20636f6d70726568656e73	8569
2064656c6567	8570
20636f6e6365	8571
2072656d656d	8572
2073747275637475726573	8573
2073746f726564	8574
4e44	8575
2031303030	8576
5550	8577
2042756464	8578
4146	8579
776f6d616e	8580
2041636164656d79	8581
f09f	8582
736561	8583
2074656d706f72617279	8584
41626f7574	8585
657374657273	8586
207469636b657473	8587
20706f7373657373	8588
696e6368	8589
6f7a	8590
206c61	8591
20636f6e747261637473	8592
20756e70	8593
20636967	8594
204b6174	8595
756c747572616c	8596
61736d	8597
206d6f756e7461696e	8598
204361707461696e	8599
53746570	8600
6d616b696e67	8601
20537061696e	8602
20657175616c6c79	8603
206c616e6473	8604
6174657273	8605
2072656a6563746564	8606
657261	8607
696d6d	8608
726978	8609
4344	8610
207472616e73616374696f6e	8611
67656e6572	8612
6c6573736c79	8613
207c7c	8614
20636f73	8615
2048656e7279	8616
2070726f766973696f6e73	8617
206761696e6564	8618
206469726563746f7279	8619
2072616973696e67	8620
20536570	8621
6f6c656e	8622
6f6e646572	8623
20636f6e736f6c65	8624
696e7374	8625
20626f6d	8626
20756e6365727461696e	8627
313530	8628
6f636b696e67	8629
206d65617375726564	8630
20706c61696e	8631
207365617473	8632
2064696374	8633
534c	8634
616665	8635
20657374696d617465	8636
697a6f6e	8637
61746865726564	8638
20636f6e7472696275746564	8639
20657069736f646573	8640
6f6d6d6f64	8641
4772	8642
414e54	8643
203639	8644
47656e6572	8645
20323530	8646
76696f75736c79	8647
726f67656e	8648
20746572726f7269736d	8649
206d6f76656d656e7473	8650
656e746c65	8651
6f756e6365	8652
20536f756c	8653
2070726576	8654
205461626c65	8655
61637473	8656
72696f7273	8657
746162	8658
20737566666572	8659
206e657276	8660
206d61696e73747265616d	8661
20576f6c66	8662
206672616e6368697365	8663
626174	8664
2064656d616e6473	8665
206167656e6461	8666
20646f7a656e	8667
20636c696e6963616c	8668
697a617264	8669
204f70	8670
7464	8671
2076697369746564	8672
2050657268617073	8673
206163746f72	8674
2064656c6963	8675
20636f6e74726962757465	8676
20696e6a656374	8677
204573	8678
6163636f	8679
206c697374656e696e67	8680
20636f6e6772657373	8681
6570656e64656e74	8682
207072656d69756d	8683
203736	8684
204972697368	8685
2061737369676e6564	8686
2050687973	8687
20776f726c6477696465	8688
206e6172726174697665	8689
6f74797065	8690
6d6f6e74	8691
62617365	8692
20426f776c	8693
2041646d696e697374726174696f6e	8694
2072656c6174696f6e	8695
204556	8696
4350	8697
20636f76657273	8698
203738	8699
206365727469666963	8700
206772617373	8701
203034	8702
706972616379	8703
697261	8704
20656e67696e656572696e67	8705
204d617273	8706
20756e656d706c6f79	8707
20466f726569676e	8708
737472616374	8709
2076656e	8710
20737465616c	8711
207265706c696564	8712
20756c74696d617465	8713
207469746c6573	8714
6461746564	8715
206a6f79	8716
617573	8717
206879706572	8718
616b75	8719
206f6666696369616c6c79	8720
2050726f64756374	8721
20646966666963756c7479	8722
7065726f72	8723
20726573756c746564	8724
7269626564	8725
6c696e6b	8726
77686f	8727
7e7e7e7e	8728
205370656564	8729
2056696574	8730
57696e64	8731
2042617261636b	8732
207265737472696374696f6e73	8733
205368617265	8734
2031393935	8735
6974696f6e616c6c79	8736
20626561757479	8737
6f7074	8738
206d617073	8739
204352	8740
204e6174696f6e	8741
204372757a	8742
57696c6c	8743
20656c656374726963697479	8744
206f7267	8745
2062757264	8746
2076696f6c6174696f6e	8747
207573616765	8748
207065726d6974	8749
204368726f6e	8750
2046616e74	8751
206e61747572616c6c79	8752
203037	8753
207468726f776e	8754
2041776f6b656e	8755
20616c69656e	8756
204865726f	8757
204b656e74	8758
205269636b	8759
72696b65	8760
2070616365	8761
7d2c7b22	8762
474c	8763
20706f69736f6e	8764
20546f776572	8765
20666f726d616c	8766
616c79736973	8767
2067656e75696e65	8768
206b696c	8769
61766572	8770
2070726f636564757265	8771
2050726f70	8772
696e74656e646f	8773
204d61696e	8774
6173616e74	8775
20747261696e6564	8776
47616d65	8777
204c6f6164	8778
204d41	8779
206372756369616c	8780
206c657473	8781
204652	8782
206368616d70696f6e	8783
313031	8784
20436f6e666572656e6365	8785
2077726974657273	8786
20636f6e6e656374696f6e73	8787
206f6b6179	8788
69726d73	8789
2052616e64	8790
20656e636f756e746572	8791
2042756666	8792
206163686965766564	8793
20636865636b73	8794
6973636f6e73	8795
20617373697374616e74	8796
207768656e65766572	8797
20416363657373	8798
205572	8799
62696e	8800
20636c6f636b	8801
697370	8802
6f70686572	8803
20626f72726f77	8804
206d6164	8805
20706572736f6e616c697479	8806
6f6e6c79	8807
495354	8808
6162616d61	8809
206761696e73	8810
20636f6d6d6f6e6c79	8811
2074657272	8812
206879706f74	8813
2072656c79	8814
2074697373	8815
6973636f6e73696e	8816
207269646963	8817
66756e6374696f6e	8818
204f7265676f6e	8819
20756e636f6d	8820
726174696e67	8821
656c616e64	8822
204e43	8823
206d6f6f6e	8824
616e6e6f6e	8825
2076756c6e657261626c65	8826
7574697665	8827
c2a0c2a0c2a0c2a0	8828
20526164696f	8829
207765737465726e	8830
73656374	8831
20546f6e79	8832
206f6363757273	8833
204f73	8834
20486f6e	8835
c3ad	8836
2076657373656c	8837
2053636f746c616e64	8838
206469736372696d696e6174696f6e	8839
2073756273657175656e74	8840
737472696e67	8841
2066616e74617379	8842
20536861646f77	8843
2074657374696d	8844
5745	8845
697469	8846
726173	8847
20626f6174	8848
206d61726b73	8849
206f7264696e617279	8850
2072656e	8851
20726570726573656e746174697665	8852
207065746974696f6e	8853
203733	8854
20616476656e74757265	8855
2069676e6f7265	8856
205068696c6164656c70686961	8857
20536176	8858
5650	8859
20666163746f7279	8860
207461736b73	8861
2064657072657373696f6e	8862
7a6564	8863
2e2e2e2e2e2e2e2e2e2e2e2e2e2e2e2e2e2e2e2e2e2e2e2e2e2e2e2e2e2e2e2e	8864
2053746f726d	8865
20636f676e	8866
20656c696769626c65	8867
207265647563696e67	8868
766961	8869
203035	8870
20737472696b696e67	8871
20646f6c6c6172	8872
686f	8873
4f56	8874
20696e737472756d656e74	8875
207068696c6f736f706879	8876
204d6f6f7265	8877
204176656e7565	8878
2072756c6564	8879
2046726f6e74	8880
494e45	8881
204d6168	8882
207363656e6172696f	8883
204e415341	8884
20656e6f726d	8885
206465627574	8886
20746561	8887
546f646179	8888
20616273656e6365	8889
53696d	8890
2068616d	8891
6c656570	8892
207461626c6573	8893
204865617274	8894
4d49	8895
4b65	8896
72657175	8897
5644	8898
6d6170	8899
2063686169726d616e	8900
2070756d70	8901
2072617069646c79	8902
7669	8903
207375627374616e7469616c	8904
4550	8905
646573	8906
6368616e74	8907
696c697070	8908
2053616e7461	8909
7269657273	8910
616e63686573746572	8911
4c6f6164	8912
2043617365	8913
20736176696e67	8914
203734	8915
20414650	8916
65726e696e67	8917
6f756e636564	8918
204d696e6e65736f7461	8919
20576173	8920
207265637275	8921
206173736573736d656e74	8922
2042726f6e	8923
5545	8924
2064796e616d6963	8925
206675726e	8926
756c61746f72	8927
2070726f706167	8928
68696768	8929
206163636f6d6d6f64	8930
20737461636b	8931
20537573	8932
77726974	8933
20726576656e	8934
20476f6464	8935
205a65616c616e64	8936
616273	8937
2062727574	8938
20706572706574	8939
686f74	8940
20686172646c79	8941
204275726e	8942
e382b9	8943
20737479	8944
207472616e73616374696f6e73	8945
2067617465	8946
2073637265656e73	8947
207375626d6974746564	8948
20313031	8949
206c616e677561676573	8950
75676874	8951
656d656e	8952
2066616c6c73	8953
20636f63	8954
82ac	8955
20737472696b6573	8956
7061	8957
2064656c69626572	8958
20494d	8959
2072656c6178	8960
616e6e656c73	8961
2053656e61746f72	8962
2065787472656d	8963
207d2c	8964
20446562	8965
2062656c6c	8966
206469736f72646572	8967
637574	8968
20694f53	8969
206c6f636b6564	8970
20656d697373696f6e73	8971
2073686f72746c79	8972
225d	8973
204a75646765	8974
20536f6d6574696d6573	8975
20726976616c	8976
2064757374	8977
207265616368696e67	8978
46696c65	8979
c2afc2afc2afc2af	8980
696e6f6973	8981
204a61736f6e	8982
20736174656c6c	8983
61726574	8984
2073746174696f6e73	8985
206167726963	8986
20546563686e6f6c6f6779	8987
636f6d6573	8988
20556e666f7274756e6174656c79	8989
204368696c6472656e	8990
206170706c696573	8991
6173746564	8992
20616e676572	8993
61696c6162696c697479	8994
2044616d616765	8995
20636f6d70617265	8996
205374616e64617264	8997
2061696d6564	8998
204261	8999
616e6775616765	9000
20726567756c6174696f6e	9001
206a757279	9002
20616972706f7274	9003
2073656374696f6e73	9004
205072696e6365	9005
656d6564	9006
206d65646963696e65	9007
2068697474696e67	9008
20737061726b	9009
6f6c766573	9010
20616473	9011
5374617465	9012
20666f6f6473	9013
207265706c6163656d656e74	9014
20636869636b656e	9015
206c6f77657374	9016
206d696e6473	9017
20696e766f6c766573	9018
7569	9019
20617272616e67	9020
2070726f63656475726573	9021
205768696368	9022
6976657273617279	9023
2062696c6c73	9024
20696d70726f76656d656e74	9025
20696e6576	9026
206578706563746174696f6e73	9027
20696e74656c6c65637475616c	9028
20737061636573	9029
206d656368616e69736d	9030
323530	9031
627265616b	9032
205a65	9033
2054656e6e	9034
2042616c74	9035
2062617272656c	9036
20737461746963	9037
6d616e6e	9038
506f6c696365	9039
2074697073	9040
2068616e646c696e67	9041
637573	9042
6f646564	9043
696c746f6e	9044
697279	9045
206a6f75726e616c69737473	9046
6f75727365	9047
20636f6d6963	9048
206e6f6d696e65	9049
495459	9050
20766572737573	9051
206c6f6f70	9052
2073757266	9053
20496e64757374	9054
2048756e746572	9055
2062656c69656673	9056
6973616e	9057
207365747570	9058
2062726577	9059
696d616765	9060
20636f6d707574657273	9061
666f6c	9062
7d2c22	9063
204d6564616c	9064
2074617870	9065
20646973706c61796564	9066
2067726176	9067
2066697363616c	9068
4d6f6e	9069
204d6f73636f77	9070
204b6f6e67	9071
2043656e747265	9072
2063616d65726173	9073
204d7273	9074
20486179	9075
2061766572	9076
204b656c6c79	9077
7079	9078
20726571756972656d656e74	9079
20656e7469746c6564	9080
6f6d626965	9081
20736861646f77	9082
61676963	9083
20416b	9084
20656c697465	9085
2064697669646564	9086
2068656164696e67	9087
20636f70696573	9088
206c6f73736573	9089
20766974	9090
6b6564	9091
20427279	9092
20616e73	9093
20537465616d	9094
207265706f72746572	9095
6865696d	9096
204974656d	9097
207375706572696f72	9098
646f6e	9099
6572656e74	9100
c3b6	9101
2074686572617079	9102
207065616b	9103
204d6f64656c	9104
206c79696e67	9105
2067616d	9106
7a6572	9107
72697474656e	9108
20726573706f6e736573	9109
20636f6e73696465726174696f6e	9110
204269626c65	9111
206c6f79616c	9112
20696e7374616e74	9113
20706d	9114
20466f72657374	9115
c3bc	9116
20657874656e64	9117
20636f6e766963746564	9118
20666f756e646572	9119
20636f6e76696e	9120
204f616b	9121
636865636b	9122
207363686f6c617273	9123
706564	9124
206f7665727365	9125
546f70	9126
636f756e74	9127
2041726b	9128
c2b7	9129
203036	9130
204c41	9131
6d64	9132
204c6174696e	9133
696d656e74616c	9134
20435055	9135
207375627374616e6365	9136
206d696e6f72697479	9137
206d616e75666163747572696e67	9138
4572	9139
6f636f6c617465	9140
20617474656e646564	9141
204d616e61676572	9142
726174696f6e73	9143
2061707072656369617465	9144
6f6d79	9145
474254	9146
6964656e6379	9147
424c	9148
2067756172616e746565	9149
706f736974696f6e	9150
206f6365616e	9151
636c756465	9152
20686561646564	9153
2074617065	9154
206c6f6f7365	9155
206c6f676963	9156
2070726f76656e	9157
2073706972	9158
2061646d6974	9159
697361	9160
20696e766573746967617465	9161
2031393934	9162
73796c76	9163
204c6f7374	9164
63657374	9165
203731	9166
20726571756573746564	9167
2077696e646f7773	9168
20506f6bc3a9	9169
20576974686f7574	9170
4d6574	9171
206265686176696f7572	9172
20726561646572	9173
2068756e67	9174
204b656570	9175
20726f6c6573	9176
20696d706c656d656e746564	9177
20626c616e6b	9178
20736572766573	9179
204a6179	9180
206369746564	9181
20467269656e64	9182
70726f666974	9183
61706f6e	9184
20726570616972	9185
6974656d	9186
617272617373	9187
2063726974696373	9188
616469	9189
20466174686572	9190
2073686f7574	9191
20666f6f6c	9192
203838	9193
2070726f647563696e67	9194
206c6962	9195
20726f756e6473	9196
20636972636c65	9197
20707265706172	9198
207375626d6974	9199
206e6963	9200
6d6f72726f77	9201
e383ab	9202
556e646572	9203
20766974616c	9204
617465726e	9205
2070617373776f7264	9206
207075626c69636174696f6e	9207
2070726f6d696e656e74	9208
20737065616b73	9209
2062617273	9210
20646565706572	9211
204d696c6c	9212
706f72746564	9213
20776964	9214
20627574746572	9215
20736d6f6b696e67	9216
20696e64696361746573	9217
4b6579	9218
726f707269	9219
2046696c65	9220
616c6c696e67	9221
617374696e67	9222
20527573	9223
2061646a	9224
203739	9225
6176616c	9226
2070726573756d	9227
6275726768	9228
6f6e6963	9229
20667572	9230
20706f6c6c73	9231
696b61	9232
207365636f6e64617279	9233
206d6f6e73746572	9234
696773	9235
2043757272656e74	9236
4576656e74	9237
206f776e657273686970	9238
656e646172	9239
20617272697665	9240
20546178	9241
206e756c6c	9242
2050726976	9243
207468726f	9244
206b697373	9245
636174	9246
207570736574	9247
616e676c65	9248
697463686573	9249
6563746f72	9250
6f6c6f6769737473	9251
2047616c617879	9252
20636f7272757074696f6e	9253
2068696e74	9254
656e746572	9255
20486f73706974616c	9256
2067726561746c79	9257
20626567756e	9258
657379	9259
20736f696c	9260
20416e746f6e	9261
206d61696e74656e616e6365	9262
e383a9	9263
20646f7a656e73	9264
2068756d616e697479	9265
20416c6162616d61	9266
20726f6d	9267
776f727468	9268
6170696e67	9269
73796c76616e6961	9270
6c6168	9271
206761746865726564	9272
4741	9273
2061747461636b696e67	9274
666f756e64	9275
20537175617265	9276
206172626974	9277
696374696f6e73	9278
20576973636f6e73696e	9279
2064616e6365	9280
205361696e74	9281
6172636879	9282
206261736562616c6c	9283
20636f6e747269627574696f6e73	9284
206c697465726174757265	9285
2065786861	9286
7065727479	9287
74657374	9288
20626162	9289
20636f6e7461696e6572	9290
6c6574746572	9291
2066616c6c656e	9292
207765627369746573	9293
20626f74746c65	9294
20536163	9295
20627265617374	9296
20504c	9297
207665746572616e	9298
20696e7465727669657773	9299
20416c65	9300
2062616e6e6564	9301
656e67657273	9302
205265766f6c7574696f6e	9303
696e7468	9304
20636f6e6365726e696e67	9305
495645	9306
20657870656e736573	9307
204d617474686577	9308
20436f6c756d626961	9309
6473	9310
697374616e6365	9311
20656e74697479	9312
2e2e2e22	9313
2072656c6961626c65	9314
20706172616c6c65	9315
2043687269737469616e73	9316
206f70696e696f6e73	9317
20696e6475	9318
6c6f77	9319
20636f6d70657465	9320
2074686f726f756768	9321
20656d706c6f796564	9322
2065737461626c6973686d656e74	9323
6967656e	9324
2043726f	9325
206c617779657273	9326
2053746174696f6e	9327
5445	9328
204c696e64	9329
20507572	9330
6974617279	9331
20656666696369656e6379	9332
e28090	9333
204c79	9334
206d61736b	9335
206469736173746572	9336
2061676573	9337
455245	9338
65736973	9339
20486f6c64	9340
2063617375616c	9341
626c6564	9342
20656e61626c6564	9343
20456e7669726f6e6d656e74	9344
20496e74656c6c6967656e6365	9345
69706572	9346
204d6170	9347
204245	9348
20656d6572676564	9349
6973646f6d	9350
20636162696e	9351
20726567697374726174696f6e	9352
2066696e67657273	9353
20726f73746572	9354
206672616d65776f726b	9355
20446f63746f72	9356
65747473	9357
207472616e73706f72746174696f6e	9358
2061776172656e657373	9359
486572	9360
20617474656d7074696e67	9361
4f6666	9362
2053746f7265	9363
c383c382c383c382c383c382c383c382	9364
204b6e6f77	9365
20646566656e6365	9366
207363616e	9367
2054656e	9368
204368616972	9369
205048	9370
2041746c616e7461	9371
206675636b696e67	9372
20616e737765726564	9373
626e	9374
204b6172	9375
2063617465676f72696573	9376
20726174696f6e616c	9377
2063757374	9378
20726f626f74	9379
20636f72726563746c79	9380
20676966	9381
206772617068696373	9382
6d6963	9383
2067726f756e6473	9384
204f7070	9385
69617465	9386
206469737472696275746564	9387
2073616e6374696f6e73	9388
206368616c6c656e67696e67	9389
75746f	9390
20696e6772656469656e7473	9391
20696e7669746564	9392
20666f756e646564	9393
2052657175	9394
646564	9395
20626f776c	9396
2062726f7468657273	9397
204861	9398
494f	9399
207761676573	9400
696d6f7265	9401
6f6369616c	9402
2073656564	9403
61746976656c79	9404
20616464726573736573	9405
20496f7761	9406
6162657468	9407
206174746974756465	9408
697364	9409
6368696c64	9410
206d6f6c65	9411
20646973636f76657279	9412
79617264	9413
4272	9414
203832	9415
20737570706c696573	9416
656c6c696e67	9417
2064697374696e6775	9418
4352	9419
20726563657074	9420
2076657274	9421
207377696d	9422
626563	9423
646f6f72	9424
2059656168	9425
2067616c	9426
20696e746572616374	9427
20455350	9428
204353	9429
616d7073	9430
20636f6e76696e636564	9431
206f626a656374697665	9432
2064697368	9433
2050686f746f73	9434
6c6164	9435
20646f776e746f776e	9436
6f696c	9437
696e6374696f6e	9438
20746f6d6f72726f77	9439
20434f4d	9440
20737572766976616c	9441
73686f74	9442
20736574746c656d656e74	9443
436f6e73	9444
2058626f78	9445
696e746572657374	9446
20534d	9447
6172676f	9448
656e657373	9449
206574686e6963	9450
6265726564	9451
4d696e	9452
20546f6b	9453
20696e63656e74	9454
20436f6d6d616e64	9455
206d61696e7461696e6564	9456
20627265616b73	9457
627269646765	9458
61746172	9459
616767	9460
2046696e616c6c79	9461
756e69636970	9462
204f6e74	9463
6c656674	9464
207265636f676e6974696f6e	9465
202a2f	9466
2050657273	9467
2077656c66	9468
20616464726573736564	9469
204b616e736173	9470
207669727573	9471
2077686572656173	9472
20706170657273	9473
72616d73	9474
204d696e6973747279	9475
20706c656173757265	9476
206163717569726564	9477
206475726174696f6e	9478
6a7067	9479
2063616c6d	9480
204e484c	9481
206275726e696e67	9482
20666f6c646572	9483
69636b6564	9484
205079	9485
20496c6c696e6f6973	9486
436c617373	9487
20476f6464657373	9488
20706572666f726d696e67	9489
2077656c66617265	9490
6a6172	9491
496e746572	9492
206c696e	9493
20656e68616e6365	9494
206e6f74696f6e	9495
66617265	9496
79706573	9497
2041726561	9498
2063616e6e61626973	9499
20446965676f	9500
6673	9501
204d616e63686573746572	9502
636f6d6d	9503
696e697465	9504
20636f766572696e67	9505
20536f756e64	9506
2031393630	9507
203834	9508
656c656374	9509
7a696e67	9510
20636974697a656e	9511
2070686f6e6573	9512
2072616964	9513
2069676e6f726564	9514
204f626a656374	9515
2075706c6f6164	9516
63617264	9517
206d6f646966696564	9518
20726f6f6d73	9519
696168	9520
72616e6765	9521
6865617374	9522
6163687573	9523
2073756767657374696e67	9524
e2808b	9525
6772616465	9526
456c	9527
20636c6f7468696e67	9528
207268	9529
2048616e	9530
756e697479	9531
656e63696e67	9532
2041757374696e	9533
7365637574696f6e	9534
747261	9535
64656d	9536
205175616c	9537
2068656176656e	9538
20737461676573	9539
2077656464	9540
706c7573	9541
6966696369616c	9542
20496d6d	9543
20486f	9544
696574696573	9545
20706872617365	9546
206272696c6c	9547
6163746f7279	9548
2070726f766964657273	9549
2073696c656e6365	9550
20616572	9551
204149	9552
20416476656e74757265	9553
20706c6174666f726d73	9554
2064656d6f6e73747261746564	9555
20696e74657266	9556
696e67746f6e	9557
207261636573	9558
206772616465	9559
756c74616e65	9560
205468726f756768	9561
66616c7365	9562
20626f77	9563
204142	9564
20666c61766f72	9565
20686973746f726963	9566
676f76	9567
20636f6c6f7572	9568
20766965776564	9569
20456d61696c	9570
656c636f6d65	9571
20696e74657276656e74696f6e	9572
20646976657273697479	9573
20706572696f6473	9574
2072657665727365	9575
2056657279	9576
2071756f7465	9577
204c656674	9578
7468726f756768	9579
207363726577	9580
206c616e64696e67	9581
2070696c6c	9582
20776574	9583
2070726f74657374657273	9584
20726570656174	9585
61766564	9586
65726b	9587
2073616c617279	9588
2050656e6e73796c76616e6961	9589
5374696c6c	9590
206d61796f72	9591
206b69746368656e	9592
20666561747572696e67	9593
204d757365756d	9594
20546f75726e616d656e74	9595
2046616c	9596
2073657276657273	9597
5543	9598
20616e79626f6479	9599
696d67	9600
205472616465	9601
697874757265	9602
7468656c657373	9603
2066696e616e6365	9604
20636c6f73696e67	9605
205061747269	9606
696163	9607
6162656c	9608
203e3e	9609
6f726f7573	9610
206669726d73	9611
73637265656e	9612
756e61	9613
20656d62617272617373	9614
756c7365	9615
206c657474696e67	9616
207468726577	9617
696c6579	9618
206368616e6e656c73	9619
6c616e	9620
205665676173	9621
2073656172	9622
2066616e746173746963	9623
61727265	9624
757a7a6c65	9625
20446572	9626
54686f7365	9627
207377696e67	9628
207368656574	9629
696e646578	9630
636f766572	9631
6f67616e	9632
207661726961626c6573	9633
2054656368	9634
2073706f6b656e	9635
616368656c	9636
204461	9637
204d6f756e7461696e	9638
206c6f61646564	9639
20666f6f74616765	9640
76657273696f6e	9641
20756e6c	9642
2050686f656e6978	9643
207468726f77696e67	9644
20666972696e67	9645
20747261636b696e67	9646
207769647468	9647
207374727567676c696e67	9648
726f6f6d73	9649
6f74696f6e	9650
206d6f6e74686c79	9651
20536572766572	9652
2065676773	9653
6f70656e	9654
4d43	9655
2031393933	9656
206869726564	9657
20737461796564	9658
20416c6c656e	9659
207374726f	9660
203938	9661
73746570	9662
205475726b697368	9663
20666162726963	9664
697374696e67	9665
20446f6d	9666
206461746573	9667
2070726f6e	9668
206261736b657462616c6c	9669
206c75636b79	9670
20417261626961	9671
20617373756d6564	9672
65737479	9673
2061666661697273	9674
20676c6164	9675
20496e64656564	9676
204641	9677
20576f7264	9678
206a6f696e696e67	9679
6966696365	9680
7072656164	9681
69727473	9682
2053656c656374	9683
20706f70756c6174696f6e73	9684
6177617265	9685
206e6f7365	9686
20636f6d706c61696e7473	9687
7374617274	9688
2073636f72696e67	9689
5468616e6b73	9690
206d696e696e67	9691
2076697369746f7273	9692
5348	9693
2064616d61676564	9694
20636861726163746572697374696373	9695
2050656e74	9696
4443	9697
203833	9698
20536978	9699
7261746573	9700
20666c616773	9701
2042726577	9702
646f67	9703
4d61726b	9704
2f2f2f2f	9705
20657865637574696f6e	9706
206a6f6b65	9707
70686f6e6573	9708
2074657374696d6f6e79	9709
206f627374	9710
514c	9711
20437574	9712
2073747564696564	9713
204e696e74656e646f	9714
69636b6574	9715
204e4243	9716
206c6164	9717
20427261	9718
204d6f68	9719
206b65726e656c	9720
206f7665727768656c6d696e67	9721
2061676564	9722
206170706c696361626c65	9723
20436f6e64	9724
20726f616473	9725
20426c6f636b	9726
6d616465	9727
6f646765	9728
20636f6d6d616e6473	9729
206f666669636573	9730
76656c616e64	9731
20747574	9732
207265636569766572	9733
2046726f	9734
2073686f7070696e67	9735
206950	9736
2053747265	9737
20414243	9738
20656e7465727461696e6d656e74	9739
20426f77	9740
6f72746564	9741
4d63	9742
207265616473	9743
67726164	9744
20436f6c6c656374	9745
20e28892	9746
204361706974616c	9747
656465726174696f6e	9748
20656d706c6f796572	9749
20696e766f6c76656d656e74	9750
20616e7869657479	9751
616c6961	9752
20726f6f66	9753
20416d6f6e67	9754
2044656d6f63726174	9755
207374617473	9756
2056696c6c	9757
20636f6e737469747574696f6e616c	9758
20726566657272696e67	9759
69747479	9760
207461636b6c65	9761
6f7574756265	9762
206261636b6564	9763
20486f6e67	9764
2042726f6164	9765
20656c65	9766
204f7474	9767
2031393932	9768
686f7572	9769
616368757365747473	9770
43616c	9771
206465666561746564	9772
203831	9773
657370	9774
207365656d696e676c79	9775
776173	9776
204a656e6e	9777
204b757264	9778
2067656e65	9779
20646973636f756e74	9780
526574	9781
454354	9782
28293b	9783
20636c756273	9784
20736964	9785
204d61727368	9786
436865636b	9787
207070	9788
20456167	9789
696465737072656164	9790
206265696e6773	9791
4654	9792
20696e74726f64756374696f6e	9793
204368616e6765	9794
415244	9795
20313130	9796
61646f7773	9797
6965726365	9798
206d65616c	9799
617574686f72	9800
2042616e67	9801
6c61686f6d61	9802
2072616e6b73	9803
32303131	9804
3f3f3f3f	9805
6d6178	9806
20636f6c6c61707365	9807
206f70656e73	9808
206563686f	9809
20736f7068	9810
20726163697374	9811
20656e6f726d6f7573	9812
207761766573	9813
20746170	9814
20636f6d70726568656e73697665	9815
2e2d2d	9816
20526f79	9817
206661726d657273	9818
52656c61746564	9819
6169726564	9820
726f6e6573	9821
204372696d	9822
2070726f706f7274696f6e	9823
2064657369676e73	9824
206e65676f74696174696f6e73	9825
207669727475616c6c79	9826
204261746d616e	9827
207761726e	9828
206c65676974696d617465	9829
6d617465	9830
20636f6e76656e74696f6e	9831
2c2c	9832
6e65746963	9833
205344	9834
20636f6e73697374656e746c79	9835
20636f6d70656e736174696f6e	9836
2070756e6973686d656e74	9837
207965	9838
20746965	9839
20427572656175	9840
69726c66	9841
204275	9842
204172656e	9843
205068696c697070	9844
206b6e696665	9845
206d656d6f72696573	9846
20526f7373	9847
20616e676c65	9848
203836	9849
205468756e646572	9850
2072656e64	9851
20546f7572	9852
20636f756e7473	9853
73756e67	9854
20496d70	9855
20656475636174696f6e616c	9856
2061636365737369626c65	9857
434f4d	9858
2064726577	9859
796572	9860
476c	9861
616d696e65	9862
4f5254	9863
4f42	9864
4942	9865
6d6173746572	9866
20747269616c73	9867
6f6779	9868
686172	9869
205472757374	9870
20707265666572726564	9871
69726c667269656e64	9872
204e6576	9873
2062696e	9874
20636f77	9875
50616765	9876
207369676e6174757265	9877
20424c	9878
373030	9879
2072657469726564	9880
206279746573	9881
206e6569676862	9882
204c6567656e64	9883
20646576617374	9884
20737573706563746564	9885
69736f6e73	9886
20506f6bc3a96d6f6e	9887
7363616c65	9888
206361706162696c6974696573	9889
20726576656c	9890
20636865657365	9891
6479	9892
696772616e74	9893
206661696c696e67	9894
62697473	9895
204865726f6573	9896
2047686f7374	9897
20536369656e74	9898
206170706f696e746564	9899
757269	9900
20696e737469747574696f6e	9901
20657870616e646564	9902
67726567	9903
206d6f6e69746f72696e67	9904
20706f6463617374	9905
20636f616c6974696f6e	9906
203936	9907
4a6f	9908
2073746f6c656e	9909
20536162	9910
2073746f7073	9911
20686f6c69646179	9912
20696e7472	9913
436172	9914
426c61636b	9915
204c474254	9916
207761726d696e67	9917
20416e646572736f6e	9918
203839	9919
2070726f6475636572	9920
4d6564	9921
206163637572616379	9922
204d617276656c	9923
697a6162657468	9924
205061747269636b	9925
6d6f6e79	9926
206d696e69	9927
61636c6573	9928
206f76657274	9929
74686579	9930
206d656d62657273686970	9931
2056656e	9932
2065786368	9933
2072656d6f76616c	9934
2044617665	9935
5459	9936
6d6164	9937
2046696e64	9938
206164657175	9939
206563	9940
207465657468	9941
20656d6f74696f6e	9942
207065726d	9943
20736f6c656c79	9944
6462	9945
2065787472616f7264	9946
49474854	9947
63616c	9948
2067756964656c696e6573	9949
206479696e67	9950
2073757370656e646564	9951
205072656d696572	9952
20416e74686f6e79	9953
656c7665	9954
20646164	9955
20457468	9956
20466f6f7462616c6c	9957
206162616e646f6e6564	9958
203c3c	9959
206d61726368	9960
20686f72726f72	9961
e280a622	9962
206368696c64686f6f64	9963
2063616d706169676e73	9964
206c756e6368	9965
20416c62657274	9966
626c6f636b	9967
e29688e29688	9968
6f756e64696e67	9969
20626f6e65	9970
6f7267616e	9971
6164657273	9972
20466c617368	9973
204472697665	9974
20746f6e69676874	9975
2077617273	9976
20464c	9977
20666f726d6174696f6e	9978
636f6e7374	9979
4e657773	9980
20636f6d7065	9981
6f72696f7573	9982
205374616666	9983
2064697363757373696f6e73	9984
2050726f74656374696f6e	9985
204a616d	9986
206372697465726961	9987
20696e7374616c6c6174696f6e	9988
206163636f6d706c697368	9989
697a7a61	9990
207075626c6973686572	9991
20726573637565	9992
20547279	9993
554c4c	9994
20536f6d	9995
20486f70	9996
6f726574	9997
746873	9998
6f72646f6e	9999
20706f636b6574	10000
20496e76	10001
446f776e6c6f6164	10002
204372696d65	10003
2062656e65	10004
204775696465	10005
20417373656d626c79	10006
20706172616d6574657273	10007
4945	10008
20416c6578616e646572	10009
20636f6e63657274	10010
2053636865	10011
2073686f6573	10012
207669736974696e67	10013
20726563616c6c	10014
20627562	10015
20727572616c	10016
20636f6e6372657465	10017
20526f73	10018
4e657874	10019
52757373	10020
206c6f616e73	10021
20536869656c64	10022
207472656d	10023
68656d6174	10024
6b67	10025
20486172726973	10026
69736974696f6e	10027
204d6f7665	10028
204643	10029
2066617465	10030
2043686f	10031
207469726564	10032
207072696e636970616c	10033
68697374	10034
69656e636573	10035
61746879	10036
20736576656e74	10037
206d6f6f64	10038
20737472617465676963	10039
206469736561736573	10040
20666f72756d	10041
2074656d706f72	10042
20686561647175617274657273	10043
506172	10044
696765	10045
666c6978	10046
20677569746172	10047
203934	10048
4f6e6c79	10049
2072656c6561736573	10050
726f7068	10051
3d3d3d3d3d3d3d3d3d3d3d3d3d3d3d3d3d3d3d3d3d3d3d3d3d3d3d3d3d3d3d3d	10052
20363030	10053
20436f6e74696e7565	10054
6967617465	10055
2043726974	10056
73797374656d	10057
2064697361626c6564	10058
20756e6578706563746564	10059
6974687562	10060
20756e636c656172	10061
20457374	10062
20636f6e74726164	10063
2073747261746567696573	10064
76656e7475726573	10065
2070617373616765	10066
414d45	10067
20696d70726f76696e67	10068
2072657665616c73	10069
206465637265617365	10070
6f7661	10071
20616e6e6f79	10072
2053686f7274	10073
204c696272617279	10074
206379626572	10075
6e656c6c	10076
20487572	10077
204342	10078
2070686f746f67726170	10079
5549	10080
20736564	10081
4765	10082
203837	10083
2064697665727365	10084
20656e636f757261676564	10085
20636f6e73706972616379	10086
206269726473	10087
206f70657261746f72	10088
2068616e6466756c	10089
20636c6173736966696564	10090
3f29	10091
206472616d61746963	10092
20696e76657374696761746f7273	10093
69746f	10094
2077696465737072656164	10095
20526f6f6d	10096
2d2d2d2d2d2d2d2d2d2d2d2d2d2d2d2d2d2d2d2d2d2d2d2d2d2d2d2d2d2d2d2d2d2d2d2d2d2d2d2d2d2d2d2d2d2d2d2d2d2d2d2d2d2d2d2d2d2d2d2d2d2d2d2d	10097
20636f6c6c656374697665	10098
206a6f75726e616c697374	10099
537472696e67	10100
2074656d706572617475726573	10101
696c61	10102
2067756964	10103
20696e7370656374	10104
206d697373696c65	10105
204d61796f72	10106
206d616e75616c	10107
2073696d756c74616e65	10108
20726174696e6773	10109
207375636b	10110
203937	10111
20756e6976657273616c	10112
20706861726d	10113
2064697372757074	10114
69616e6f	10115
4156	10116
206674	10117
2073746174697374	10118
6f6c6473	10119
2057616c6b6572	10120
706870	10121
20756e64657274	10122
204c6173	10123
6973686f70	10124
6e74696c	10125
726573686f6c64	10126
2057686574686572	10127
4d73	10128
2064656e79	10129
20436c6f7564	10130
2070726f7669646572	10131
20737572766976	10132
20557064617465	10133
686173	10134
206d697374616b6573	10135
636861726765	10136
706c6564	10137
72697479	10138
206e6f6465	10139
204d617373616368757365747473	10140
6f6f6c73	10141
6c69636174696f6e	10142
206661696c73	10143
656d616c65	10144
6f7269	10145
6261636b73	10146
207368697274	10147
202727	10148
204e4154	10149
20776174657273	10150
656c736f6e	10151
2065617365	10152
2073636172	10153
20636f6e74656e7473	10154
6d696e64	10155
20636f6e747269627574696f6e	10156
20736872	10157
2068616e646564	10158
2073746162696c697479	10159
207472617665	10160
456d	10161
206d6972726f72	10162
313233	10163
207765696768	10164
2066696374696f6e	10165
6f75766572	10166
697374616e74	10167
726974696f6e	10168
20466564	10169
20706879736963616c6c79	10170
207374616b65	10171
2041727469636c65	10172
20417263	10173
204c65776973	10174
204d696e64	10175
2064656d6f6e737472617465	10176
2070726f66697473	10177
766973696f6e	10178
6f6d6963	10179
6f6c6964	10180
20626174746c6573	10181
20647269766573	10182
206561737465726e	10183
20536f6e79	10184
212121	10185
61726174696f6e	10186
76617264	10187
20474c	10188
706f72746174696f6e	10189
203932	10190
206c61776d616b657273	10191
2070726f74656374696e67	10192
20455041	10193
2079656168	10194
207368616d65	10195
6f6c7068	10196
6576656e	10197
786974	10198
20617474616368	10199
20726570726573656e74696e67	10200
206f6273	10201
2055746168	10202
69666673	10203
2046726565646f6d	10204
c3b3	10205
414b	10206
20696e636964656e7473	10207
6974616765	10208
2076696577657273	10209
6364	10210
206d6f757365	10211
20636c6172	10212
206163636f7264616e6365	10213
20626f74	10214
636f72	10215
2053756d6d6572	10216
68656c64	10217
20696e6e6f63656e74	10218
20696e6974696174697665	10219
6f6c73	10220
5f5f5f5f5f5f5f5f5f5f5f5f5f5f5f5f5f5f5f5f5f5f5f5f5f5f5f5f5f5f5f5f	10221
2073706f7473	10222
70616365	10223
20636f6e76656e74696f6e616c	10224
20636f72706f726174696f6e73	10225
20626c6f636b6564	10226
4844	10227
61747465726564	10228
20726566657273	10229
206275636b	10230
204469676974616c	10231
313230	10232
20746f70696373	10233
5446	10234
c481	10235
62726964	10236
7265656d656e74	10237
20756e6465726c79696e67	10238
204d656d626572	10239
20696e7665737469676174696e67	10240
20707265676e616e6379	10241
20746f756368646f776e	10242
2042616e64	10243
2043616c6c6572	10244
20696e7374616e636573	10245
5050	10246
7761	10247
476f6f64	10248
2031393931	10249
20436f6c64	10250
206665617273	10251
2072656d61726b73	10252
8692	10253
6174616c	10254
206d6974	10255
206578706572696d656e7473	10256
697074	10257
436f6c6f72	10258
696e6475	10259
557064617465	10260
203933	10261
4167	10262
20e5	10263
616e636f75766572	10264
426f7468	10265
206a7564676573	10266
4f626a656374	10267
207374657265	10268
756d626e	10269
2070617274696369706174696f6e	10270
205374617273	10271
204a657265	10272
207765656b6c79	10273
2042616e	10274
20636f6e766572736174696f6e73	10275
2050697474	10276
757a	10277
20496e6469616e61	10278
204b69636b	10279
20696e66656374696f6e	10280
206865726f6573	10281
20736574746c6564	10282
207374726970	10283
2068616c	10284
2064756d70	10285
20536369	10286
206c6573	10287
207265666572656e636573	10288
2055524c	10289
20427269646765	10290
2077616e74696e67	10291
466f726365	10292
206578636c7573	10293
4d65616e7768696c65	10294
6d6e	10295
2067656e746c65	10296
6d616b6572	10297
73656e616c	10298
2047726f	10299
6f757269	10300
205261696e	10301
20416c6c69616e6365	10302
206c696674	10303
656c61	10304
5344	10305
20436c6576656c616e64	10306
2072616e6b6564	10307
207374616469756d	10308
20646561646c79	10309
e4b8	10310
20726964696e67	10311
61726961	10312
2041726d6f72	10313
20646f63756d656e746174696f6e	10314
20477265656365	10315
7265656b	10316
206c656e73	10317
205361	10318
2067726f7373	10319
20456d6572	10320
6167657273	10321
20447562	10322
205268	10323
20414d44	10324
206172726976616c	10325
20646573657274	10326
20737570706c656d656e74	10327
2052657370	10328
206b6e6565	10329
206d617267696e	10330
666f6e74	10331
6f6767	10332
32303130	10333
20506972	10334
2050726f6d	10335
6976616c73	10336
20696e74616b65	10337
20646966666572656e746c79	10338
756773	10339
2062697473	10340
636c75646564	10341
20736561726368696e67	10342
204475	10343
756d626c65	10344
2066756e6374696f6e616c	10345
2042616c74696d6f7265	10346
20436f756c64	10347
2064657369726564	10348
2063697263756974	10349
204c796e	10350
20474f	10351
2046616c7365	10352
7265707265	10353
273a	10354
616c74696573	10355
206d696e696d	10356
2064726f7665	10357
2053686f756c64	10358
20686970	10359
2070726f73	10360
207574696c697479	10361
204e6174757265	10362
204d6f6465	10363
507265736964656e74	10364
6f7070	10365
726174	10366
666f726d616e6365	10367
20636f6e63656e74726174696f6e	10368
20666f6e74	10369
20427564	10370
20616d6964	10371
20726576657273	10372
204d4c	10373
426172	10374
20696e746572616374696f6e	10375
206a7572697364	10376
207370656c6c73	10377
646570	10378
66696c	10379
20636976696c69616e73	10380
7574746572	10381
20436f6f706572	10382
2042656c6f77	10383
20656e7472616e6365	10384
20636f6e76657274	10385
20636f6e74726f7665727379	10386
6f7765726564	10387
20636f6e7472617279	10388
20617263	10389
20457865637574697665	10390
204f666669636572	10391
207061636b61676573	10392
2070726f6772657373697665	10393
7769647468	10394
207265736572766564	10395
766f6c	10396
2053616d73756e67	10397
207072696e746564	10398
2063656e74657273	10399
20696e74726f64756365	10400
204b656e6e656479	10401
206f646473	10402
20737572656c79	10403
20696e646570656e64656e6365	10404
2070617373656e67657273	10405
72657072656e65	10406
20426568	10407
206c6f766573	10408
204553504e	10409
20666163696c6974	10410
206964656e746963616c	10411
20646f6374	10412
20706172746e657273686970	10413
636f6e66	10414
2048696465	10415
20636f6e6675736564	10416
20436f77	10417
4d656e	10418
207772657374	10419
204972617169	10420
20686f6c6573	10421
2053747564696573	10422
20707265676e616e74	10423
68617264	10424
207369676e616c73	10425
4958	10426
2070756c6c696e67	10427
206772616475617465	10428
206e6f6d696e6565	10429
44617465	10430
207065726d6974746564	10431
20e282ac	10432
204f6b6c61686f6d61	10433
5374617274	10434
20617574686f72697a6564	10435
20616c61726d	10436
20436f73	10437
76616e	10438
2067656e65726174696f6e73	10439
63756c6172	10440
20647261676f6e	10441
20536f667477617265	10442
20456477617264	10443
20636f6e74726f6c6c6572	10444
53656e	10445
6765726564	10446
2056696b	10447
20617070726f6163686564	10448
5468616e6b	10449
2063616e6365	10450
20666f726d756c61	10451
20536d616c6c	10452
207765616b6e657373	10453
2072616d70	10454
697475646573	10455
6a7564	10456
206272696c6c69616e74	10457
206163637573	10458
736f75726365	10459
20383030	10460
204576696c	10461
5377	10462
20686f6d656c657373	10463
7765656b	10464
69656e73	10465
72696373	10466
205468697264	10467
544f	10468
206f7267616e6963	10469
2070726573656e746174696f6e	10470
616768	10471
20446f776e6c6f6164	10472
766174696f6e	10473
20617373656d626c79	10474
6f7261626c65	10475
686f6c64657273	10476
204265726e6965	10477
2048656c70	10478
20746f6e67	10479
204669676874	10480
206265616368	10481
426f6f6b	10482
204c6963	10483
2072757368	10484
20526f756e64	10485
6f7570	10486
204d617278	10487
2063616c63756c61746564	10488
20446576696c	10489
205361726168	10490
206f63636173696f6e616c6c79	10491
2062756c6c6574	10492
417661696c61626c65	10493
67617465	10494
203931	10495
20686f7370	10496
2070726f6d69736573	10497
20484956	10498
205374616469756d	10499
2053746f636b	10500
20436f72706f726174696f6e	10501
67616765	10502
4e47	10503
20437265646974	10504
20736e65	10505
69626c	10506
20616363756d	10507
73756368	10508
20746572726f7269737473	10509
20636f6e7363696f75736e657373	10510
205a68	10511
206472616d61	10512
6f6f6c61	10513
7069726174696f6e	10514
206c61626f7572	10515
204e696e	10516
207574746572	10517
2064656d6f637261746963	10518
20617373617373	10519
696c6174696f6e	10520
2067657374	10521
206162726f6164	10522
206d65746162	10523
20736f727473	10524
20666c6176	10525
5542	10526
206d67	10527
204e6f7468696e67	10528
204f64	10529
206d75736963616c	10530
32303039	10531
2064726f7073	10532
6f6361746564	10533
61746572616c	10534
303030303030	10535
20677265	10536
20657175616c697479	10537
2062757264656e	10538
20766967	10539
204c6561646572	10540
2d2d2d2d2d2d2d2d2d2d2d2d	10541
20636572656d6f6e79	10542
2066696768746572	10543
206163746f7273	10544
20e6	10545
616d616e	10546
4669	10547
20616c69676e	10548
7075746572	10549
20656c646572	10550
204e5341	10551
20726570726573656e746174696f6e	10552
204f6e746172696f	10553
495448	10554
7573616c656d	10555
206861726173736d656e74	10556
69747a6572	10557
2073796d70	10558
20626f786573	10559
204452	10560
206d616e6966657374	10561
61747265	10562
205e	10563
2064696573	10564
6c65746f6e	10565
206d697373696f6e73	10566
65746865	10567
207265736f6c7665	10568
20666f6c6c6f77657273	10569
20617363	10570
206b6d	10571
6c6f7264	10572
616d6d6564	10573
2073696c656e74	10574
204173736f636961746564	10575
2074696d696e67	10576
20707269736f6e657273	10577
204b696e6773	10578
2046697665	10579
20746f776572	10580
20617070726f6163686573	10581
20707265636973656c79	10582
20627572656175	10583
204d6f74686572	10584
20497373	10585
206b6579626f617264	10586
697475616c	10587
2066756e646564	10588
2073746179696e67	10589
2070737963686f6c6f676963616c	10590
206d696c65	10591
204c656f6e	10592
2042617262	10593
77696c6c	10594
207769646572	10595
2041746c616e746963	10596
2074696c6c	10597
20526f6d65	10598
726f74	10599
206163636f6d70616e	10600
20666c6f7572	10601
61636f	10602
576f726c64	10603
2045787072657373	10604
205975	10605
436f72	10606
20706c6561736564	10607
7061727479	10608
20706f696e74696e67	10609
20696e666c6174696f6e	10610
20726f79	10611
20292c	10612
61696e6572	10613
2077656464696e67	10614
6f726d6f6e	10615
20726571756972696e67	10616
207175616c6966696564	10617
207365676d656e74	10618
454e44	10619
2073697a6573	10620
65616c73	10621
20636f7272757074	10622
61737361646f72	10623
2063656c6562	10624
20647265616d73	10625
204d657373	10626
20636865636b696e67	10627
2056657273696f6e	10628
20707265706172696e67	10629
206163746976656c79	10630
2044696666	10631
206c7578	10632
2057696e746572	10633
61637465726961	10634
204e45	10635
20646570757479	10636
207472616e7367656e646572	10637
2073756d6d617279	10638
20696e686572	10639
6572696573	10640
63686172	10641
2059616e	10642
206b6e6f636b	10643
2050617468	10644
206c6970	10645
726f6c6c6572	10646
20696d7072657373696f6e	10647
2063656c656272617465	10648
20736c696465	10649
20677565737473	10650
20636c6970	10651
4653	10652
20736176696e6773	10653
206361707461696e	10654
206c6567616379	10655
2044656e766572	10656
20776f756e646564	10657
7461626f6f6c61	10658
414354	10659
20707572737565	10660
206f7879	10661
2071	10662
2073656d69	10663
204e656564	10664
2041666661697273	10665
206f627363	10666
20636865636b6564	10667
206475616c	10668
436f6465	10669
204d44	10670
6c656d	10671
756c7479	10672
20c2a9	10673
20456c697a6162657468	10674
2063656e747572696573	10675
6172646564	10676
737263	10677
2065766964656e74	10678
656e6e6973	10679
6174696e	10680
20756e656d706c6f796d656e74	10681
204d6172696f	10682
20696e74696d	10683
436872697374	10684
2062696f6c6f676963616c	10685
20736f6c64696572	10686
204164646564	10687
206d617468	10688
2047696c	10689
2062696173	10690
20646174696e67	10691
204f6365616e	10692
206d696365	10693
4d7573	10694
68697265	10695
20546573	10696
536572766572	10697
6c696d69746564	10698
53697a65	10699
206d6574657273	10700
20726f636b6574	10701
6573736565	10702
206365727469666963617465	10703
204972616e69616e	10704
415353	10705
2067726964	10706
446563	10707
20726f6c6c696e67	10708
636f6d6d756e	10709
2053776564656e	10710
62757279	10711
20746973737565	10712
2072616369736d	10713
204c6f63616c	10714
206d797374657279	10715
206578616d696e65	10716
207374656d	10717
2073697473	10718
20686f706564	10719
6f74696e67	10720
206469616c6f677565	10721
207065727375	10722
5761746368	10723
6c6179	10724
4d414e	10725
206368726f6e6963	10726
20506f72746c616e64	10727
6d61726b6574	10728
20534543	10729
20706172616c6c656c	10730
207363616e64616c	10731
2063617272696573	10732
207068656e6f6d656e6f6e	10733
68756d616e	10734
61636b6572	10735
204f78	10736
207265746972656d656e74	10737
7461696e6d656e74	10738
6f766965	10739
2047656172	10740
20647574696573	10741
20646f7365	10742
207363726f6c6c	10743
4d42	10744
696e66	10745
207361756365	10746
206c616e647363617065	10747
726564646974	10748
204368616d70696f6e73686970	10749
20526564646974	10750
616c6964	10751
20636f696e	10752
206f76657273	10753
20706f7374696e67	10754
61626f7574	10755
2066656c	10756
616e6479	10757
20626f6c64	10758
20666f637573696e67	10759
656666656374	10760
4752	10761
206465656d6564	10762
207265636f6d6d656e646174696f6e73	10763
2073746570706564	10764
20766f746572	10765
2044656570	10766
20496e7374616772616d	10767
206d6f646572617465	10768
204d6172796c616e64	10769
2072657374726963746564	10770
204d42	10771
204368616c6c	10772
20746f62	10773
20636972	10774
204f6363	10775
2045766572	10776
20636f6c6c617073	10777
494e464f	10778
3d2d	10779
2050696374	10780
204163636f756e74	10781
6e63	10782
206f75676874	10783
206578706f7274	10784
206472756e6b	10785
2827	10786
2077697365	10787
204d6f7274	10788
6e6563657373	10789
20616e63657374	10790
20496e637265	10791
206672657175656e74	10792
6d6972	10793
20696e746572707265746174696f6e	10794
20646570656e64656e74	10795
20636f696e73	10796
20426f6c	10797
566964656f	10798
204a757374696e	10799
20666174616c	10800
20636f6f6b696e67	10801
20636f6e667573696f6e	10802
6970686572	10803
20637573746f6479	10804
204d6f7267616e	10805
6f6d616368	10806
20476f7665726e6f72	10807
2072657374617572616e7473	10808
656c696e67	10809
2061636b6e6f776c6564676564	10810
2074686572	10811
2067656e6573	10812
6368696e67	10813
486579	10814
2074616374696373	10815
204d65786963616e	10816
2076656e64	10817
20686573	10818
71756572	10819
206e6f74696e67	10820
2043616d65726f6e	10821
20746172676574696e67	10822
726f636b	10823
2063726564697473	10824
20656d6f74696f6e73	10825
20726570726573656e74617469766573	10826
6e657773	10827
206c656769736c6174697665	10828
2072656d6f76696e67	10829
2074776565746564	10830
20436172746572	10831
204669786564	10832
20666f7263696e67	10833
20737065616b6572	10834
206d616c6573	10835
20566965746e616d	10836
6c696e6564	10837
20636f6e6365707473	10838
20766f69636573	10839
6f6972	10840
2054726962	10841
576865	10842
204a65727573616c656d	10843
2053616e74	10844
2063756c	10845
206c616479	10846
204861776169	10847
2061727473	10848
20496e6e	10849
204d616368696e65	10850
20456d7065726f72	10851
20736c6f74	10852
676c79	10853
2050726f63657373	10854
494949	10855
206174686c65746573	10856
2054656d706c65	10857
20526570726573656e74	10858
207072657363	10859
20746f6e73	10860
20676f6c64656e	10861
2070756e6368	10862
204752	10863
69766572706f6f6c	10864
20656e616374	10865
206c6f626279	10866
206d6f73	10867
207069636b696e67	10868
206c69666574696d65	10869
20636f676e6974697665	10870
45616368	10871
7a6f	10872
20647562	10873
20636f6e7369737473	10874
6f6c6e	10875
20666573746976616c	10876
616d6f7573	10877
20696e74656c6c6967	10878
776f726473	10879
20536d617274	10880
2064656c65	10881
206c617074	10882
206d61676963616c	10883
2053696e	10884
627573	10885
75726974696573	10886
6967687468	10887
2052756279	10888
2053757265	10889
6f6c76696e67	10890
206a756e	10891
4f5354	10892
20696d706f736564	10893
20617374726f6e	10894
20636f7272656c	10895
204e53	10896
204b6974	10897
20467574757265	10898
6275726e	10899
20696d6d756e65	10900
6f637573	10901
20636f7572736573	10902
20537472696e67	10903
206c65616e	10904
2067686f7374	10905
206f7574636f6d6573	10906
20657870656e7365	10907
206576657279646179	10908
2061636365707461626c65	10909
4168	10910
206571756970706564	10911
206f72616e6765	10912
4652	10913
204475746368	10914
54686f756768	10915
2052616e6b	10916
5155	10917
20526f6265727473	10918
77686174	10919
72656e64	10920
20646973617070656172	10921
20737061776e	10922
204c616d	10923
6f6973	10924
2064657365727665	10925
206d696e696d616c	10926
206e6572766f7573	10927
20576f756c64	10928
20726f6f6b	10929
2056616e636f75766572	10930
2072657369676e	10931
7368697265	10932
20576f726b73	10933
204275696c64	10934
206166666f726461626c65	10935
2047617279	10936
204172656e61	10937
2068616e67696e67	10938
20696d706c69636174696f6e73	10939
20536f6e67	10940
206d61696e7461696e696e67	10941
20677561726473	10942
434f4e	10943
2064657269766564	10944
206578656375746564	10945
207468656f72696573	10946
2071756f746564	10947
20416e647265	10948
6f6761	10949
73656c657373	10950
696e666f	10951
2042656c67	10952
207465617273	10953
2053757276	10954
206269727468646179	10955
6967696f7573	10956
696d6d6572	10957
20737065637472756d	10958
20617263686974656374757265	10959
2072656372756974	10960
61726d61	10961
5461626c65	10962
206d6f6e7374657273	10963
20476f76	10964
2064657374696e6174696f6e	10965
2061747472616374697665	10966
20666f7373	10967
204d6f72656f766572	10968
2070726573656e7473	10969
544845	10970
207265706c79	10971
70746f6e	10972
2063756d	10973
2064656c69676874	10974
2061666665637473	10975
20646f6e6174696f6e73	10976
20546f79	10977
2048696d	10978
4d454e54	10979
206f766572636f6d65	10980
697463686564	10981
2046616e74617379	10982
20486174	10983
204265617374	10984
626f7474	10985
20696e7665737469676174696f6e73	10986
52756e	10987
2068756e74696e67	10988
6469	10989
66756e64	10990
2073657373696f6e73	10991
657374796c65	10992
20706f7274726179	10993
6f696473	10994
59656168	10995
20636f6d6d756e6963617465	10996
20636f6d656479	10997
2059616e67	10998
2062656c74	10999
204d6172696e65	11000
20707265646963746564	11001
506c6179	11002
20696d706f7274616e746c79	11003
2072656d61726b61626c65	11004
20656c696d696e617465	11005
4461766964	11006
2062696e64	11007
564944	11008
206164766f6361746573	11009
2047617a61	11010
696d70	11011
4442	11012
204e61	11013
2053696d696c6172	11014
494553	11015
2063686172697479	11016
766173	11017
6d617468	11018
20e296	11019
6f6b6572	11020
6e64756d	11021
2063617073	11022
2048616c	11023
32303030	11024
65616e	11025
20666c656574	11026
207265637265	11027
5269676874	11028
20736c656570696e67	11029
696a696e67	11030
6b696e64	11031
2064657369676e61746564	11032
c3a4	11033
20616e696d6174696f6e	11034
6b6565	11035
20496e74726f6475	11036
202f3e	11037
2064656c61796564	11038
207472656d656e64	11039
20637572696f7573	11040
557365	11041
206c656374	11042
64616d	11043
20696e6e6f766174696f6e	11044
20506f696e7473	11045
206c6f6164696e67	11046
2064697370757465	11047
63746963	11048
69726473	11049
204259	11050
206e757273	11051
2056616c7565	11052
494f4e53	11053
2048756d	11054
2074656d706c617465	11055
6d657273	11056
20617070656172616e636573	11057
20456e7465727461696e6d656e74	11058
207472616e736c6174696f6e	11059
2073616b65	11060
2062656e65617468	11061
20696e686962	11062
206575726f	11063
616265746573	11064
207374756479696e67	11065
204d6173	11066
20706572636569766564	11067
206578616d696e6564	11068
206561676572	11069
20636f6163686573	11070
20696d706572	11071
636869	11072
2070726f6475636573	11073
22292e	11074
2045766572796f6e65	11075
206d756e69636970	11076
206769726c667269656e64	11077
2068697265	11078
2056696365	11079
207375697461626c65	11080
6f7079	11081
20696e657175	11082
2044756b65	11083
66697368	11084
6669727374	11085
204f6273	11086
20696e746572696f72	11087
204272756365	11088
205279	11089
20616e616c7973	11090
20636f6e736964657261626c65	11091
20666f726563617374	11092
2066657274	11093
6f7273686970	11094
2044727567	11095
20414c4c	11096
3a22	11097
74687572	11098
204d61696c	11099
2062616c6c6f74	11100
20696e7374616e746c79	11101
204368616e6e656c	11102
207069636b73	11103
2031393839	11104
2074656e74	11105
6f6c69	11106
20636976696c69616e	11107
626c696e67	11108
656c6c6f	11109
6275	11110
20696e6368	11111
206c6f676f	11112
20636f6f7065726174696f6e	11113
2077616c6b73	11114
20696e766573746d656e7473	11115
20696d707269736f6e	11116
20466573746976616c	11117
204b79	11118
206c6567616c6c79	11119
20677269	11120
6368617267	11121
536c	11122
20746872656174656e696e67	11123
64756374696f6e	11124
666c6f77	11125
206469736d6973736564	11126
6962726172696573	11127
636170	11128
656c65	11129
204d6347	11130
2048617276617264	11131
20436f6e736572766174697665	11132
20434253	11133
706e67	11134
20726f6f7473	11135
20486176696e67	11136
756d626c6564	11137
2046756e	11138
5c2f	11139
20536561726368	11140
706c6578	11141
2064697363757373696e67	11142
20636f6e74696e75	11143
20546169	11144
2057696b	11145
46726565	11146
666974	11147
20726566757365	11148
206d616e6167696e67	11149
2073796e64	11150
697065646961	11151
77616c6b	11152
2070726f66657373696f6e616c73	11153
2067756964616e6365	11154
20756e69766572736974696573	11155
20617373656d62	11156
756e7475	11157
46696e616c6c79	11158
415345	11159
204175746f	11160
20486164	11161
20616e6e6976657273617279	11162
4c44	11163
20447572	11164
20556c74696d617465	11165
69686164	11166
70726f64756374	11167
207472616e736974	11168
20726573746f7265	11169
206578706c61696e696e67	11170
206173736574	11171
207472616e73666572726564	11172
206275727374	11173
61706f6c6973	11174
204d6167617a696e65	11175
20437261	11176
204252	11177
67676564	11178
204845	11179
4d696368	11180
626574	11181
204c616479	11182
796c756d	11183
6572766573	11184
206d65657473	11185
7768697465	11186
4c6f67	11187
20636f72726573706f6e64696e67	11188
20696e736973746564	11189
4747	11190
20737572726f756e646564	11191
2074656e73	11192
206c616e65	11193
20636f696e63	11194
686f6d65	11195
2065786973746564	11196
6563746564	11197
20446f75626c65	11198
6c616d6d	11199
20736b657074	11200
657870	11201
2070657263657074696f6e	11202
696576	11203
204265696e67	11204
6f6674	11205
2061646f7074	11206
2e3a	11207
5d3b	11208
57696e646f7773	11209
20736174656c6c697465	11210
415348	11211
20696e66616e74	11212
6465736372697074696f6e	11213
204d65616e7768696c65	11214
636d	11215
6f6361	11216
205472656174	11217
6163746f72	11218
20746f626163636f	11219
204e6f726d	11220
656d7074696f6e	11221
20666c657368	11222
206a65	11223
6f6f70	11224
2048656176656e	11225
2062656174696e67	11226
616e696d	11227
20676174686572696e67	11228
2063756c746976	11229
474f	11230
616265	11231
204a6f6e617468616e	11232
20536166657479	11233
206261646c79	11234
70726f74	11235
2063686f6f73696e67	11236
20636f6e746163746564	11237
2071756974	11238
20646973747572	11239
2073746972	11240
20746f6b656e	11241
446574	11242
205061	11243
2066756e6374696f6e616c697479	11244
303033	11245
736f6d65	11246
206c696d69746174696f6e73	11247
206d657468	11248
6275696c64	11249
636f6e666967	11250
4e54	11251
72656c6c	11252
626c656d	11253
204d6f6d	11254
207665746572616e73	11255
204875	11256
207472656e6473	11257
61726572	11258
20476976656e	11259
2043617074696f6e	11260
6d6179	11261
415354	11262
20776f6e646572696e67	11263
20436c61726b	11264
6e6f726d616c	11265
20736570617261746564	11266
2064657370	11267
73746963	11268
62726577	11269
2072656c6174696e67	11270
204e696b	11271
204661726d	11272
20656e7468757369	11273
676f6f64	11274
646562	11275
206163746976697374	11276
206d617274	11277
206578706c6f73696f6e	11278
2045636f6e6f6d6963	11279
4c696e6b	11280
20696e7369676874	11281
20636f6e76656e69656e74	11282
20636f756e74657270617274	11283
737570706f7274	11284
2056697274	11285
6167656e	11286
2054656e6e6573736565	11287
2053696d6f6e	11288
204177617264	11289
4f434b	11290
20466967757265	11291
206f76657273656173	11292
207072696465	11293
20436173	11294
6e6f7465	11295
6d67	11296
43757272656e74	11297
20646973706c617973	11298
636f6e74656e74	11299
2074726176656c696e67	11300
20686f73706974616c73	11301
2046696e616e6369616c	11302
2050617374	11303
20646566656e64616e74	11304
2073747265616d696e67	11305
6d626c65	11306
204265726c696e	11307
756b69	11308
20646973747269627574	11309
20616e746962	11310
2063686f636f6c617465	11311
20436173746c65	11312
20696e74657272757074	11313
20526f77	11314
20636f6e76657273696f6e	11315
2062756773	11316
20526174686572	11317
6c69657374	11318
4c59	11319
204a65616e	11320
636f6d6d6f6e	11321
616b68	11322
20313330	11323
6f74746f6e	11324
204465616e	11325
20616d656e646d656e74	11326
2067616d65706c6179	11327
2057617272656e	11328
6f6461	11329
20686967686c6967687473	11330
2069727265	11331
204e41544f	11332
2062616c6c73	11333
2064656d616e64696e67	11334
555245	11335
204c756b65	11336
466967757265	11337
73746f70	11338
6f6e6961	11339
7a6f6e65	11340
697a657273	11341
205752	11342
2061776172646564	11343
20726567756c61746f7279	11344
2048617274	11345
20534e	11346
706c696e67	11347
20736f7572	11348
20506978656c	11349
7573697665	11350
20666574	11351
2053656e74	11352
206175746f6d61746963	11353
20666572	11354
7665726e6d656e74	11355
204b68616e	11356
544f4e	11357
666174686572	11358
2065787472616f7264696e617279	11359
7468726f70	11360
20507974686f6e	11361
20475055	11362
2073657875616c6c79	11363
206465736b746f70	11364
69746976697479	11365
20416e746f6e696f	11366
206f7269656e74	11367
2065617273	11368
6f626279	11369
6f75736573	11370
766572746973656d656e7473	11371
206d616e75666163747572657273	11372
696369656e74	11373
6d696e757465	11374
20636f6e76696374696f6e	11375
2067617264656e	11376
7075626c6963	11377
20736174697366696564	11378
666f6c64	11379
4f4b	11380
20696e686162	11381
205468696e6b	11382
2070726f6772616d6d65	11383
2073746f6d616368	11384
20636f6f7264696e	11385
20686f6c79	11386
207468726573686f6c64	11387
2072686574	11388
2073657269616c	11389
20656d706c6f79657273	11390
2045766572797468696e67	11391
726168	11392
20626f74686572	11393
206272616e6473	11394
56616c7565	11395
20546564	11396
20506c616e6574	11397
2070696e6b	11398
20467572746865726d6f7265	11399
7361	11400
5045	11401
7265636b	11402
20555344	11403
6f747465	11404
202626	11405
206c616e646564	11406
67657473	11407
2070726f647563657273	11408
206865616c746863617265	11409
20646f6d696e616e74	11410
2064657374726f	11411
20616d656e646564	11412
6368726f6e	11413
2066697473	11414
20537964	11415
20417574686f72697479	11416
41544348	11417
20666967687473	11418
204c4c43	11419
202d2d2d	11420
20436f7270	11421
20746f786963	11422
7370656369666963	11423
20436f726e	11424
204368656c	11425
2074656c6570686f6e65	11426
2050616e74	11427
206d7973746572696f7573	11428
61756e6368	11429
6f646f78	11430
6d65646961	11431
207769746e6573736573	11432
616775	11433
207175657374696f6e6564	11434
20427265786974	11435
2052656d656d626572	11436
656e657a	11437
20656e646f727365	11438
696174726963	11439
204964656e74	11440
207269646963756c6f7573	11441
313130	11442
20707261796572	11443
20736369656e74697374	11444
2031393530	11445
20417175	11446
20756e64657267726f756e64	11447
20554643	11448
6d617265	11449
204c61746572	11450
77696368	11451
207375627363726962	11452
20686f737473	11453
20657272	11454
206772616e7473	11455
616e746f6d	11456
2073756d6d6f6e	11457
6561726c79	11458
20436c656172	11459
205072696d	11460
2073757370656e73696f6e	11461
2067756172616e74656564	11462
6170706572	11463
2072696365	11464
205365616e	11465
205368696e	11466
207265666572656e64756d	11467
20666c6564	11468
72757374	11469
20333630	11470
74657279	11471
2073686f636b6564	11472
4252	11473
204f696c	11474
20416c6c6168	11475
20706172746c79	11476
2069676e6f72	11477
207472616e736d697373696f6e	11478
20686f6d6f73657875616c	11479
6976657273616c	11480
20686f706566756c6c79	11481
e382a4	11482
206c6573736f6e	11483
4c6567	11484
202e2e	11485
596574	11486
7461626c65	11487
617070726f707269	11488
72657474	11489
20626f61726473	11490
20696e636f7272656374	11491
206261637465726961	11492
617275	11493
616d6163	11494
20736e6170	11495
2e2722	11496
207061726164	11497
74656d	11498
6865617274	11499
20617661696c6162696c697479	11500
20776973646f6d	11501
20282b	11502
20707269657374	11503
20c2a020c2a0	11504
4f70656e	11505
207370616e	11506
20706172616d65746572	11507
20636f6e76696e6365	11508
20282529	11509
726163	11510
20666f	11511
20736166656c79	11512
20636f6e766572746564	11513
204f6c796d706963	11514
2072657365727665	11515
206865616c696e67	11516
204d696e65	11517
4d6178	11518
20696e686572656e74	11519
2047726168616d	11520
20696e7465677261746564	11521
44656d	11522
20706970656c696e65	11523
206170706c79696e67	11524
20656d626564	11525
20436861726c6965	11526
2063617665	11527
32303038	11528
20636f6e73656e737573	11529
2072657761726473	11530
50616c	11531
2048544d4c	11532
20706f70756c6172697479	11533
6c6f6f6b696e67	11534
2053776f7264	11535
2041727473	11536
2729	11537
20656c656374726f6e	11538
636c7573696f6e73	11539
20696e74656772697479	11540
206578636c75736976656c79	11541
206772616365	11542
20746f7274757265	11543
206275726e6564	11544
74776f	11545
20313830	11546
50726f6475	11547
20656e7472657072656e65	11548
72617068696373	11549
2067796d	11550
726963616e65	11551
2054616d	11552
2061646d696e697374726174697665	11553
206d616e756661637475726572	11554
2076656c	11555
204e69	11556
2069736f6c61746564	11557
204d65646963696e65	11558
206261636b7570	11559
2070726f6d6f74696e67	11560
20636f6d6d616e646572	11561
20666c6565	11562
2052757373656c6c	11563
20666f72676f7474656e	11564
204d6973736f757269	11565
207265736964656e6365	11566
6d6f6e73	11567
20726573656d62	11568
2077616e64	11569
206d65616e696e6766756c	11570
5054	11571
20626f6c	11572
2068656c6963	11573
207765616c746879	11574
207269666c65	11575
7374726f6e67	11576
726f77696e67	11577
706c616e	11578
6173757279	11579
e280a62e	11580
20657870616e64696e67	11581
2048616d696c746f6e	11582
207265636569766573	11583
5349	11584
65617475726573	11585
20416e696d	11586
524545	11587
507574	11588
2062726965666c79	11589
72697665	11590
207374696d756c	11591
20606028	11592
205f5f	11593
2063686970	11594
2068617a	11595
207072697a65	11596
205468696e6773	11597
414345	11598
756c696e	11599
64696374	11600
6f6b75	11601
206173736f6369617465	11602
6f636b657473	11603
796f7574756265	11604
53746f7279	11605
617465676f7279	11606
206d696c64	11607
61696c696e67	11608
205965	11609
4f726967	11610
204b61	11611
6f726967	11612
2070726f706167616e6461	11613
20616e6f6e796d6f7573	11614
207374727567676c6564	11615
206f757472616765	11616
41544544	11617
204265696a696e67	11618
72617279	11619
206c656174686572	11620
20776f726c6473	11621
2062726f61646572	11622
313235	11623
6964616c	11624
20426574746572	11625
2074656172	11626
457874	11627
2070726f706f73616c73	11628
2069746572	11629
205371756164	11630
20766f6c756e74	11631
6d69	11632
446964	11633
205075	11634
70696e	11635
20737065616b657273	11636
20626f7264657273	11637
2066696775726564	11638
3d27	11639
2073696d756c74616e656f75736c79	11640
61656461	11641
206368617267696e67	11642
207572676564	11643
20636f6e6a	11644
323536	11645
20476f72646f6e	11646
6d65726365	11647
20646f63756d656e74617279	11648
5368617265	11649
69746f6c	11650
4f4e45	11651
2047617264656e	11652
68617474	11653
2054686f6d70736f6e	11654
616e656f7573	11655
61706f7265	11656
2074616e6b73	11657
206c6573736f6e73	11658
747261636b	11659
206f75747374616e64696e67	11660
20766f6c756e7465657273	11661
207370726179	11662
206d616e6167657273	11663
6c61726765	11664
2063616d7073	11665
206172746966696369616c	11666
205275	11667
2062616773	11668
7468616c	11669
20636f6d70617469626c65	11670
20426c616465	11671
20666564	11672
20617267756573	11673
4649	11674
20756e66616972	11675
20636f726e	11676
206f6666736574	11677
20646972656374696f6e73	11678
206469736170706f696e746564	11679
20436f6e76656e74696f6e	11680
2076696577696e67	11681
4d45	11682
6f63697479	11683
20746f776e73	11684
206c6179657273	11685
20726f6c6c6564	11686
206a756d706564	11687
20617474726962757465	11688
20756e6e6563657373	11689
696e636f6c6e	11690
20737570706f7365	11691
204e6574686572	11692
636861	11693
20627572696564	11694
207369787468	11695
42656e	11696
72657373696e67	11697
4f5552	11698
20776f756e64	11699
206379636c	11700
206d656368616e69736d73	11701
20636f6e6772657373696f6e616c	11702
20456c656d656e74	11703
2061677265656d656e7473	11704
206465636f72	11705
20636c6f73657374	11706
204d6974	11707
476f6f676c65	11708
7d7d	11709
206d697874757265	11710
20666c756964	11711
5369676e	11712
205363686f6c6172	11713
2070697374	11714
61736b6574	11715
61626c696e67	11716
20726163696e67	11717
6865726f	11718
7269656c	11719
61737379	11720
2063686561706572	11721
62656e	11722
20766572746963616c	11723
616d6163617265	11724
2052656164696e67	11725
676d656e7473	11726
2068656c69636f70	11727
20736163726966696365	11728
617961	11729
706172656e	11730
5641	11731
204c6573	11732
2053747564696f	11733
2076696f6c6174696f6e73	11734
20416e6e61	11735
61636572	11736
e9be	11737
20526174	11738
204265636b	11739
204469636b	11740
20414354	11741
20636f6d706f736974696f6e	11742
2074657874757265	11743
204f776e	11744
20736d61727470686f6e65	11745
204e41	11746
20666f7262	11747
696d706f7274	11748
20646566656e64696e67	11749
696c7374	11750
726572	11751
206f68	11752
204a6572656d79	11753
2062616e6b696e67	11754
63657074696f6e73	11755
2072657370656374697665	11756
2f2e	11757
206472696e6b73	11758
205769	11759
2062616e6473	11760
204c69766572706f6f6c	11761
2067726970	11762
20427579	11763
206f70656e6c79	11764
207265766965776564	11765
70657274	11766
20766572696679	11767
20436f6c65	11768
2057616c6573	11769
4d4f	11770
20756e707265	11771
207368656c746572	11772
20496d70657269616c	11773
20677569	11774
2044616b	11775
2073756767657374696f6e73	11776
206578706c696369746c79	11777
20736c617665	11778
20626c6f636b636861696e	11779
20636f6d706574696e67	11780
2070726f6d6973696e67	11781
534f4e	11782
20736f63636572	11783
20636f6e737469747574696f6e	11784
343239	11785
206469737472616374	11786
2055736572	11787
657369646573	11788
204d6574686f64	11789
20546f6b796f	11790
206163636f6d70616e696564	11791
436c69656e74	11792
737572	11793
616c6f67	11794
206964656e74696669636174696f6e	11795
20696e766173696f6e	11796
61736d61	11797
20696e6475737472696573	11798
7070657273	11799
20737562746c65	11800
20556e6974	11801
6e61747572616c	11802
207375727669766564	11803
20666c6177	11804
9885	11805
20486f6c6c	11806
2064656669636974	11807
207475746f7269616c	11808
204368616e6365	11809
2061726775696e67	11810
20636f6e74656d706f72617279	11811
20696e746567726174696f6e	11812
666f7277617264	11813
2074756d	11814
69746973	11815
20686964696e67	11816
20446f6d696e	11817
2054616e	11818
204275696c64696e67	11819
2056696e	11820
2073706f6b6573706572736f6e	11821
204e6f746573	11822
20656d657267696e67	11823
207072657061726174696f6e	11824
2070726f7374	11825
207375737065637473	11826
206175746f6e6f6d	11827
4465736372697074696f6e	11828
206465616c74	11829
2050656172	11830
20737465616479	11831
20646563726561736564	11832
20736f76657265	11833
20436c696e	11834
206772616475616c6c79	11835
6f72736573	11836
20574152	11837
53657276	11838
e382a2	11839
6872	11840
206469727479	11841
204261726e	11842
204243	11843
2064696c	11844
2063616c656e646172	11845
20636f6d706c69616e6365	11846
206368616d626572	11847
6262	11848
2070617373656e676572	11849
61746566756c	11850
205469746c65	11851
205379646e6579	11852
20476f74	11853
206461726b6e657373	11854
20646566656374	11855
207061636b6564	11856
617373696f6e	11857
20676f6473	11858
206861727368	11859
49434b	11860
6c65616e73	11861
20616c676f726974686d	11862
206f787967656e	11863
20766973697473	11864
20626c616465	11865
206b696c6f6d6574	11866
204b656e7475636b79	11867
206b696c6c6572	11868
5061636b	11869
656e6e79	11870
20646976696e65	11871
206e6f6d696e6174696f6e	11872
6265696e67	11873
20656e67696e6573	11874
2063617473	11875
20627566666572	11876
205068696c6c	11877
207472616666	11878
414745	11879
20746f6e677565	11880
20726164696174696f6e	11881
65726572	11882
6d656d	11883
204578706c69636974	11884
e9be8d	11885
20636f75706c6573	11886
2070687973696373	11887
204d634b	11888
20706f6c69746963616c6c79	11889
61776b73	11890
20426c6f6f6d	11891
20776f7273686970	11892
65676572	11893
75746572	11894
20464f	11895
206d617468656d6174	11896
2073656e74656e636564	11897
206469736b	11898
204d617267	11899
202f2a	11900
5049	11901
206f7074696f6e616c	11902
20626162696573	11903
207365656473	11904
2053636f7474697368	11905
20746879	11906
5d5d	11907
204869746c6572	11908
5048	11909
6e677468	11910
207265636f7665726564	11911
696e6765	11912
20706f77646572	11913
206c697073	11914
2064657369676e6572	11915
206469736f7264657273	11916
20636f7572616765	11917
206368616f73	11918
227d2c7b22	11919
2063617272696572	11920
6261626c79	11921
48696768	11922
205254	11923
6573697479	11924
6c656e	11925
20726f75746573	11926
756174696e67	11927
46696c	11928
4e4f54	11929
77616c6c	11930
736275726768	11931
20656e676167696e67	11932
204a617661536372697074	11933
6f726572	11934
6c69686f6f64	11935
20756e696f6e73	11936
2046656465726174696f6e	11937
205465736c61	11938
20636f6d706c6574696f6e	11939
205461	11940
2070726976696c656765	11941
204f72616e6765	11942
206e657572	11943
706172656e6379	11944
20626f6e6573	11945
207469746c6564	11946
2070726f73656375746f7273	11947
204d45	11948
20656e67696e656572	11949
20556e697665727365	11950
20486967	11951
6e6965	11952
6f617264	11953
20686561727473	11954
20477265	11955
757373696f6e	11956
206d696e6973747279	11957
2070656e6574	11958
204e7574	11959
204f77	11960
205850	11961
696e737465696e	11962
2062756c6b	11963
53797374656d	11964
696369736d	11965
204d61726b657461626c65	11966
2070726576616c	11967
20706f73746572	11968
20617474656e64696e67	11969
757261626c65	11970
206c6963656e736564	11971
204768	11972
65747279	11973
205472616461626c65	11974
20626c617374	11975
e0a4	11976
20546974616e	11977
656c6c6564	11978
646965	11979
48617665	11980
20466c616d65	11981
2070726f666f756e64	11982
2070617274696369706174696e67	11983
20616e696d65	11984
20457373	11985
2073706563696679	11986
207265676172646564	11987
205370656c6c	11988
20736f6e73	11989
6f776e6564	11990
206d657263	11991
206578706572696d656e74616c	11992
6c616e646f	11993
6873	11994
2044756e67656f6e	11995
696e6f73	11996
20636f6d706c79	11997
2053797374656d73	11998
61727468	11999
207365697a6564	12000
6c6f63616c	12001
204769726c73	12002
75646f	12003
6f6e6564	12004
20466c65	12005
20636f6e7374727563746564	12006
20686f73746564	12007
20736361726564	12008
6163746963	12009
2049736c616e6473	12010
204d4f5245	12011
20626c657373	12012
20626c6f636b696e67	12013
206368697073	12014
2065766163	12015
5073	12016
20636f72706f726174696f6e	12017
206f78	12018
206c69676874696e67	12019
206e65696768626f7273	12020
205562	12021
61726f	12022
2062656566	12023
2055626572	12024
46616365626f6f6b	12025
61726d6564	12026
6974617465	12027
20526174696e67	12028
20517569636b	12029
206f63637570696564	12030
2061696d73	12031
204164646974696f6e616c6c79	12032
20496e746572657374	12033
206472616d61746963616c6c79	12034
206865616c	12035
207061696e74696e67	12036
20656e67696e65657273	12037
4d4d	12038
204d757374	12039
207175616e74697479	12040
5061756c	12041
206561726e696e6773	12042
20506f737473	12043
73747261	12044
e383bce383	12045
207374616e6365	12046
2064726f7070696e67	12047
736372697074	12048
2064726573736564	12049
4d616b65	12050
206a757374696679	12051
204c7464	12052
2070726f6d70746564	12053
207363727574	12054
20737065656473	12055
204769616e7473	12056
6f6d6572	12057
20456469746f72	12058
2064657363726962696e67	12059
204c6965	12060
6d656e746564	12061
206e6f7768657265	12062
6f63616c79	12063
20696e737472756374696f6e	12064
666f727461626c65	12065
20656e746974696573	12066
20636d	12067
204e61747572616c	12068
20696e7175697279	12069
2070726573736564	12070
697a6f6e74	12071
666f72636564	12072
20726169736573	12073
204e6574666c6978	12074
2053696465	12075
206f75746572	12076
20616d6f6e677374	12077
696d73	12078
6f77736b69	12079
20636c696d62	12080
6e65766572	12081
20636f6d62696e65	12082
64696e67	12083
20636f6d7072	12084
207369676e69666963616e6365	12085
2072656d656d6265726564	12086
204e6576616461	12087
2054656c	12088
2053636172	12089
2057617272696f7273	12090
204a616e65	12091
20636f7570	12092
626173	12093
207465726d696e616c	12094
2c2d	12095
4f48	12096
2074656e73696f6e	12097
2077696e6773	12098
204d7973746572	12099
efbfbdefbfbdefbfbdefbfbd	12100
20556e6c696b65	12101
76616c6964	12102
7669726f6e6d656e7473	12103
20416c69	12104
206e616b6564	12105
626f6f6b73	12106
204d756e	12107
2047756c66	12108
2064656e73697479	12109
2064696d696e	12110
20646573706572617465	12111
20707265736964656e6379	12112
2031393836	12113
6879	12114
494e44	12115
20756e6c6f636b	12116
696d656e73	12117
2068616e646c6564	12118
204562	12119
206469736170706561726564	12120
2067656e7265	12121
2031393838	12122
2064657465726d696e6174696f6e	12123
53747265616d	12124
696b6f	12125
617074657273	12126
2061636b6e6f776c65646765	12127
4a616e	12128
206361706974616c69736d	12129
506174	12130
2032303230	12131
207061696e66756c	12132
206375727665	12133
20626f6d6273	12134
73746f726d	12135
204d6574616c	12136
656e636572	12137
20466967	12138
204161726f6e	12139
616e63686573	12140
20696e737069726174696f6e	12141
2065786861757374	12142
7461696e73	12143
61736869	12144
206465736372697074	12145
2072697475616c	12146
204368656c736561	12147
2070726f6d6f74696f6e	12148
2048756e67	12149
2057617264	12150
697661	12151
204554	12152
20746f7373	12153
616c6c6f77	12154
204672616e636973	12155
446570	12156
2068617070696e657373	12157
20476c617373	12158
2062657461	12159
20737472656e677468656e	12160
4e45	12161
6f61	12162
20627574746f6e73	12163
204d7572726179	12164
206b69636b6564	12165
5175657374	12166
2054616c6b	12167
205365766572616c	12168
205a65726f	12169
2064726f6e65	12170
756c6b	12171
2063616d	12172
204d6f62696c65	12173
2070726576656e74696e67	12174
20726574726f	12175
204178	12176
20637275656c	12177
20666c6f6174	12178
2e292c	12179
2066696c696e67	12180
204772616e74	12181
20426f72	12182
20726962	12183
206368616d70696f6e73686970	12184
204d657263	12185
207374796c6573	12186
2063616b65	12187
206275696c6473	12188
2053656c66	12189
696f78	12190
2065706963	12191
6f7964	12192
42656c	12193
2053746577	12194
2e28	12195
616875	12196
204265796f6e64	12197
206f757473	12198
20736f6c6f	12199
2054726565	12200
207072657365727665	12201
20747562	12202
415245	12203
726f63	12204
20496d70726f	12205
20577269676874	12206
2062756e64	12207
20747261676564	12208
206f63636173696f6e616c	12209
6269616e	12210
5365636f6e64	12211
726f6e73	12212
20696e746572616374696f6e73	12213
666f726d6564	12214
73696e67	12215
206f776e73	12216
20686f636b6579	12217
47656e6572616c	12218
206c6f676963616c	12219
20657870656e64	12220
20657363616c	12221
204772696666	12222
2043726f776e	12223
2052657365727665	12224
2073746f7070696e67	12225
20657863757365	12226
7365636f6e64	12227
206f70657261746564	12228
2072656163686573	12229
204d616c617973	12230
20706f6c6c7574696f6e	12231
2042726f6f6b6c796e	12232
2064656c657465	12233
2068617368	12234
426c6f636b	12235
616861	12236
e280b3	12237
2073686f72746572	12238
7069656365	12239
3e3c2f	12240
20686f726d	12241
20576174	12242
20427265616b	12243
2070726f68696269746564	12244
20696e74656e73697479	12245
20416c616e	12246
206c696162696c697479	12247
3f21	12248
616e646564	12249
206e65696768626f7572	12250
20436f6c6c656374696f6e	12251
206669726573	12252
207265766f6c7574696f6e617279	12253
666c79	12254
204f726c65616e73	12255
5768697465	12256
2057726974	12257
204461776e	12258
20736574746c65	12259
2065786563757465	12260
424d	12261
2073706f6b6573776f6d616e	12262
206c6966657374796c65	12263
20636c69636b696e67	12264
204b696c6c	12265
204c69626572616c	12266
204e617a69	12267
20747261696c6572	12268
206d6f756e7461696e73	12269
2064616d6e	12270
7a6573	12271
706573	12272
207072657373696e67	12273
206261696c	12274
204f7267616e697a6174696f6e	12275
20706972	12276
20746869727479	12277
20656c656374726963616c	12278
20313135	12279
20506f6c79	12280
20526170	12281
20537472696b65	12282
2043616e6e	12283
2064656d616e646564	12284
206261636b696e67	12285
64656661756c74	12286
7370656564	12287
204c656769736c	12288
206d6f7468657273	12289
20426f6479	12290
20766172696174696f6e	12291
636564656e746564	12292
706f7765726564	12293
6c656164696e67	12294
4e65766572	12295
206772617665	12296
20416e7469	12297
4157	12298
20696e746572766965776564	12299
20476162	12300
20466174	12301
20726f6f6b6965	12302
7575	12303
206465706f73	12304
69786f6e	12305
20616d706c	12306
726574696f6e	12307
2048656174	12308
20706561636566756c	12309
534d	12310
69657665	12311
206469766572	12312
20566963746f726961	12313
206d6963	12314
706466	12315
2073746174696e67	12316
206c756e67	12317
20637269746963697a6564	12318
2076616363696e65	12319
204c6f6164696e67	12320
75727365	12321
54616b65	12322
204672616e	12323
20536f6c64	12324
20526f62696e	12325
206465746563746564	12326
20536372697074	12327
2061646a7573746564	12328
2073656e61746f72	12329
206f70706f73696e67	12330
4572726f72	12331
436f756e74	12332
20636f6e666c69637473	12333
206f77	12334
20417267656e74	12335
206d61746368696e67	12336
6868	12337
205472656b	12338
73746172746572	12339
22292c	12340
204146	12341
6f646572	12342
78787878	12343
20416c74	12344
61637265	12345
205069636b	12346
20536f6c6172	12347
2044616c	12348
4f6374	12349
2042617474	12350
20737263	12351
20656e676167656d656e74	12352
2065786563757469766573	12353
206c696265727479	12354
6a617661	12355
2074616c656e746564	12356
6967656e6f7573	12357
20636f6e7365637574	12358
2e2e2e2e2e	12359
496e666f	12360
20686f727269626c65	12361
2073757270726973696e676c79	12362
66656564	12363
69636174696e67	12364
204c4544	12365
2066656d616c6573	12366
53746174696f6e	12367
656c6c6572	12368
204f616b6c616e64	12369
206d656368616e6963616c	12370
696f6c6f6779	12371
20566172	12372
20726f62757374	12373
657474696e6773	12374
6f747461	12375
207468656f726574	12376
2072657461696e	12377
6b77617264	12378
206461	12379
206465706c6f796564	12380
64656c	12381
20416e6479	12382
20737562736372696265	12383
776562	12384
206e61	12385
204d696368656c	12386
207061727469616c6c79	12387
20436f6d6579	12388
2063726f776e	12389
204d616a	12390
20426c75	12391
7261746f72	12392
446179	12393
494e54	12394
20646f63756d656e746564	12395
20474450	12396
6769	12397
6368656c6c	12398
2062727574616c	12399
20426162	12400
7374726174696f6e	12401
207468656674	12402
2074756265	12403
4040	12404
207175657279	12405
204c696e636f6c6e	12406
207075626c697368696e67	12407
20776f7265	12408
6f726963616c	12409
20726963	12410
206e6f7461626c65	12411
2073756273657175656e746c79	12412
6e6578	12413
206f627365727665	12414
20426f65	12415
20636f646573	12416
6d61696e	12417
5748	12418
20534c	12419
207265736964656e7469616c	12420
6176616e	12421
206d6173	12422
6172657374	12423
6164656f6e	12424
4f5554	12425
20736f70686973746963	12426
616e7465	12427
2063656e73	12428
202a2a	12429
206d6f7274616c697479	12430
20796f757273	12431
206f63636173696f6e73	12432
20726563616c6c6564	12433
20447269766572	12434
20766f63616c	12435
2062617468726f6f6d	12436
2073686f7073	12437
20636f6c6c61626f726174696f6e	12438
204f62616d6163617265	12439
2043656c6c	12440
43686172	12441
5375706572	12442
437265	12443
2074656e6473	12444
20746f726e	12445
2065636f6e6f6d696373	12446
6176657279	12447
2052616964	12448
2053656d	12449
2073686f756c64657273	12450
20657870656374696e67	12451
206578616d696e6174696f6e	12452
656e616d65	12453
205549	12454
696162696c697479	12455
6f6c6173	12456
20416d62	12457
20447261	12458
206d69646669656c64	12459
204943	12460
206c61796f7574	12461
20666c6f6174696e67	12462
6669	12463
69746174697665	12464
207472656d656e646f7573	12465
20d0	12466
206162756e64	12467
576f726b	12468
204c696768746e696e67	12469
2073696d696c61726c79	12470
20636f6e73657276617469766573	12471
2070726179	12472
4245	12473
697a61727265	12474
2074656d7074	12475
20656d706861736973	12476
204d6574726f	12477
2066697368696e67	12478
206d61727279	12479
6e6567	12480
205374756479	12481
207265636b	12482
20646973706f73	12483
6f6e696e67	12484
6273697465	12485
20737573706963	12486
206d65726368	12487
20476962	12488
204465736372697074696f6e	12489
20445644	12490
776865	12491
2059656d656e	12492
20656e7669726f6e6d656e7473	12493
6f6f74696e67	12494
204d6f6465726e	12495
6575	12496
207265666c65637473	12497
20686f6e6579	12498
20616e616c797374	12499
20677574	12500
646563	12501
416374696f6e	12502
20686f757365686f6c6473	12503
2073746572	12504
2074656d706c65	12505
207265666f726d73	12506
206661766f7572697465	12507
20646561646c696e65	12508
204c45	12509
5468726565	12510
2057697468696e	12511
417567	12512
206e6967687473	12513
656c7461	12514
20696e76616c6964	12515
2045786368616e6765	12516
2044656c6869	12517
7768656e	12518
696e636f6d65	12519
20f09f	12520
20776972656c657373	12521
736372696265	12522
69737461	12523
20686f7374696c65	12524
20616c6c79	12525
20676967	12526
206f75746c657473	12527
20446f72	12528
454d454e54	12529
20617368	12530
206162737472616374	12531
4f5244	12532
204d6f746f72	12533
2061647669736572	12534
6973746c65	12535
206261736573	12536
20636f757274657379	12537
2063726f7373696e67	12538
20636c6561726564	12539
2072656675676565	12540
636f73797374656d	12541
207468726f7773	12542
66756e	12543
626f75726e65	12544
64617973	12545
206469736167726565	12546
204e6174697665	12547
207265666c6563746564	12548
2046617374	12549
2059656c6c6f77	12550
2053696e6761706f7265	12551
20526176656e	12552
20656d6272616365	12553
204b75	12554
204368656e	12555
204561726c79	12556
206170706f696e746d656e74	12557
204d696e69	12558
6974656d656e74	12559
20706c6163696e67	12560
2062696379	12561
5352	12562
2077686973	12563
5355	12564
20696e76657374696761746564	12565
2070686f746f677261706873	12566
676974687562	12567
2042656174	12568
2052696e67	12569
6967686564	12570
696172	12571
2065766f6c766564	12572
6572616c64	12573
2064756e	12574
20687562	12575
49414c	12576
20656e636f75726167696e67	12577
205072696e74	12578
2044617973	12579
2070726f7365637574696f6e	12580
2070616e7473	12581
617a79	12582
6c697665	12583
20666f7373696c	12584
204a75	12585
20726f636b73	12586
75646765	12587
2052616365	12588
206772656574	12589
626965	12590
2066696c6c696e67	12591
204c656e	12592
206469616265746573	12593
206669726561726d73	12594
756d696e67	12595
656e657a75656c	12596
204242	12597
20616363657074696e67	12598
415448	12599
207265736f7274	12600
2068756e74	12601
72696b	12602
75636b6572	12603
616d656e7473	12604
207375737461696e6564	12605
2063726f73736564	12606
20627265616b66617374	12607
2061747472696275746573	12608
6c6563746564	12609
6174696c65	12610
2076696272	12611
204b616c	12612
6172736f6e	12613
6f706c6573	12614
20746f7563686564	12615
2064616d61676573	12616
20696d70726573736564	12617
727570	12618
20616e6368	12619
204164616d73	12620
48656c	12621
20566963746f72	12622
206d6f756e746564	12623
204343	12624
2064656c6963696f7573	12625
7370616e	12626
656c6c61	12627
20656c61626f72	12628
616d706c6573	12629
206465666963	12630
20636f6e7374697475	12631
7561746573	12632
204d697373696f6e	12633
2054686572	12634
204d6f6e73746572	12635
626573	12636
52657574657273	12637
20496e646f6e6573	12638
68696c6c	12639
6d756e6974696f6e	12640
20636f6e6669726d6174696f6e	12641
20436f6e7369646572	12642
6163656e74	12643
206a6574	12644
20456d706c6f79	12645
20475458	12646
6e616e	12647
20537069646572	12648
2070726f636573736f72	12649
207061747269	12650
2050656e7461676f6e	12651
20526f62696e736f6e	12652
207265616c6973746963	12653
c3b1	12654
20617070656172696e67	12655
2070697065	12656
6f6d6564	12657
20667275	12658
20617766756c	12659
206576616c756174696f6e	12660
20696e74656c6c6967656e74	12661
20436974697a	12662
2066756e647261	12663
6f6469756d	12664
20747765657473	12665
20776f726e	12666
7072696e67	12667
206b69646e	12668
20726562656c73	12669
204b616d	12670
204e65746865726c616e6473	12671
205357	12672
206163717569736974696f6e	12673
204d616c65	12674
e383aa	12675
6f6d62696573	12676
2074726164656d	12677
20537461747573	12678
427265	12679
2054484953	12680
2061647665727365	12681
204e4557	12682
7369676e	12683
206f7267616e69736174696f6e	12684
656e63	12685
20486172706572	12686
61706f72	12687
204d656d62657273	12688
205065616365	12689
20416972706f7274	12690
204f7468657273	12691
2073637261746368	12692
2050696c	12693
2073656e736f72	12694
2061646f7074696f6e	12695
20486f74656c	12696
2044726167	12697
20686f6e6573746c79	12698
2079617264	12699
20466f72636573	12700
20706174656e74	12701
2062617373	12702
2071756965746c79	12703
20627265617468696e67	12704
20706f7365	12705
696f7273	12706
204a657373	12707
737461746963	12708
495445	12709
4f66666963	12710
206a6577	12711
776373	12712
20313430	12713
2070726576696577	12714
69707069	12715
20756e666f7274756e6174656c79	12716
6f6b656d6f6e	12717
20686f726e	12718
207265617373	12719
2070656572	12720
6f636b6572	12721
20756e746f	12722
2047726179	12723
20636c65616e696e67	12724
20617474726163746564	12725
32303037	12726
506f696e74	12727
6b696c6c	12728
2041677265656d656e74	12729
757263686573	12730
20686f7272	12731
204d697373697373	12732
20776f72746879	12733
20666c6f77657273	12734
746f776e	12735
646c6c	12736
207265616374696f6e73	12737
2064656365	12738
20696e6469636174696e67	12739
4d44	12740
20707265666572656e6365	12741
204d5650	12742
657373696f6e616c	12743
20546172676574	12744
67656e6365	12745
20496e6469616e73	12746
206d697363	12747
20667265656c79	12748
206d7573636c6573	12749
206c696e657570	12750
20696d7061637473	12751
6f7573696e67	12752
6f6d69	12753
6163756c6172	12754
20636f6e74726f6c6c696e67	12755
6167696e65	12756
63657279	12757
68656c6c	12758
2072616e6b696e67	12759
204e696368	12760
20417665	12761
313238	12762
2068696768776179	12763
20696e636f6e73	12764
2062696e64696e67	12765
207374727567676c6573	12766
2050697474736275726768	12767
2067726179	12768
72696e	12769
20636f6d696373	12770
2053706f7274	12771
2072656c617469766573	12772
20667269676874	12773
2070726f6265	12774
20506f72747567	12775
20766f63	12776
207475	12777
20436f727073	12778
20706f73736962696c6974696573	12779
207175616c696679	12780
77637373746f7265	12781
206c6962726172696573	12782
206d696772616e7473	12783
20656e7472696573	12784
20636f6e7365637574697665	12785
76616c73	12786
2043686169726d616e	12787
2068696c6c	12788
494d45	12789
2047617264	12790
20696e657175616c697479	12791
666f78	12792
2053617665	12793
20636f7274	12794
636c61696d6564	12795
20747261697473	12796
20706f7572	12797
206d697373696c6573	12798
20657373656e6365	12799
2073656e6473	12800
20616c6c69616e6365	12801
20776973686573	12802
204368726973746f70686572	12803
426967	12804
4e59	12805
204a61636f62	12806
73616e	12807
7572726564	12808
20534f	12809
6c6c79	12810
206164766f63617465	12811
20426f6e64	12812
20222f	12813
5573696e67	12814
20646973747269637473	12815
2047617465	12816
20426972	12817
7269646765	12818
204e617a	12819
205273	12820
626f61726473	12821
204761	12822
2052656167616e	12823
20696e666c75656e636564	12824
31303030	12825
617079	12826
206368616c6c656e676564	12827
2062617267	12828
20666163756c7479	12829
20466966	12830
2061637175697265	12831
4163	12832
20696e73656374	12833
20696e737472756d656e7473	12834
206c656166	12835
74686f646f78	12836
4d657373616765	12837
2074616c65	12838
2074686572656279	12839
2074726170	12840
207374726f6e67657374	12841
204d696c6974617279	12842
697369626c65	12843
2031393834	12844
657468656c657373	12845
20666c657869626c65	12846
206b696c6c73	12847
2066696e697368696e67	12848
2053697a65	12849
2072656475636573	12850
2065706964	12851
206f7269656e746174696f6e	12852
66756c6c	12853
207472616365	12854
206c61736572	12855
206f70706f7365	12856
2065646974696e67	12857
206d6f6d656e74756d	12858
e4ba	12859
73686f77	12860
5649	12861
204c6164	12862
2031393835	12863
206d75726465726564	12864
393030	12865
7574686572	12866
2070726f626162696c697479	12867
20506f6c6c	12868
2072656c756374	12869
204368656d	12870
204d6f6e747265616c	12871
206164657175617465	12872
20506f6c616e64	12873
2053686572696666	12874
756d7068	12875
206f6b	12876
20303030	12877
20225b	12878
206f70657261746f7273	12879
20466572	12880
206d6f646573	12881
20457665	12882
206469736369706c696e65	12883
4e4554	12884
48616e64	12885
206f72616c	12886
205745	12887
656d61696c	12888
4a50	12889
2050616c657374696e69616e73	12890
2068656e6365	12891
204c657373	12892
206f7665726c	12893
646967	12894
20696e74696d6964	12895
20436f616c	12896
2072616e67696e67	12897
746861	12898
2064697374616e74	12899
20666962	12900
20496e646578	12901
20576f6e646572	12902
2050656c	12903
68617474616e	12904
20487567	12905
c397	12906
72616974	12907
2077726170706564	12908
20525047	12909
206368656d6963616c73	12910
204d6f6e6579	12911
2066726f7a656e	12912
20696e646972656374	12913
20416761696e7374	12914
456e64	12915
20756e636f6d666f727461626c65	12916
2047616c6c657279	12917
20506f73746564	12918
d8a7	12919
6f6e64756374	12920
20636f6e73657175656e6365	12921
20626974746572	12922
2031393837	12923
706f70	12924
20636f756e746c657373	12925
20416c61736b61	12926
66666666	12927
20646570617274757265	12928
20726566756e64	12929
2049616e	12930
6961746564	12931
207365656b73	12932
206d656368616e696373	12933
206a7572697364696374696f6e	12934
6c796e6e	12935
20616c696b65	12936
2048756e74	12937
6174686f6e	12938
207265736f6c766564	12939
206361636865	12940
2064697374696e6374696f6e	12941
646972656374	12942
20656e636f756e74	12943
6f7562	12944
62656174	12945
20436f756e747279	12946
736561726368	12947
20636f6e74696e756f7573	12948
206d6f64657374	12949
205261696c	12950
74686f6f64	12951
313330	12952
425547	12953
206372696d696e616c73	12954
20696e6469636174696f6e	12955
20656e636f756e7465726564	12956
6c617374	12957
205779	12958
206964656f6c6f6779	12959
20504446	12960
7365637572697479	12961
5d29	12962
204a696d6d79	12963
20454e	12964
20686972696e67	12965
54656d	12966
20706967	12967
61756e74	12968
204372797374616c	12969
2070656e616c74696573	12970
206361706162696c697479	12971
207079	12972
2070726f64756374697665	12973
2062616c616e636564	12974
204765466f726365	12975
636c69636b	12976
6f6c6974616e	12977
6f6473	12978
2061667465727761726473	12979
20706c61796f666673	12980
2047696c6c	12981
55736572	12982
206261636b73	12983
707562	12984
746167	12985
20616273757264	12986
706972696e67	12987
20636974696e67	12988
207472696c6c696f6e	12989
206f626c69676174696f6e	12990
206d6178696d	12991
61686f6f	12992
6366	12993
756d69	12994
20416c706861	12995
204e656c736f6e	12996
207075727375616e74	12997
696e6974656c79	12998
206672616374	12999
656e747279	13000
62657279	13001
2054686f72	13002
4164646564	13003
20444a	13004
2047656e65	13005
2061776b77617264	13006
53747564	13007
2077616c6c6574	13008
20446976696e65	13009
6172696f73	13010
2072656c656173696e67	13011
20656469746564	13012
206163636f6d706c6973686564	13013
42657374	13014
206564676573	13015
20706c616e6573	13016
2066656564696e67	13017
227d2c22	13018
20646973636c6f73757265	13019
20677261696e	13020
61697279	13021
6f6f6e73	13022
65726e616e64	13023
5652	13024
20726561736f6e61626c79	13025
206472756d	13026
207061727469616c	13027
2067726170686963	13028
20756e707265636564656e746564	13029
2061647669736564	13030
4d6963726f	13031
204173736164	13032
706f696e7473	13033
73636172	13034
205a6f6e65	13035
74746573	13036
20373030	13037
766f	13038
2048616d70	13039
206669786573	13040
2063617574696f6e	13041
20737472696e6773	13042
2070616e656c73	13043
206c65616b	13044
2070726963696e67	13045
726f777468	13046
204572726f72	13047
205361696e7473	13048
666978	13049
206f62736572766174696f6e73	13050
20416273	13051
2073756767657374696f6e	13052
20556b7261696e69616e	13053
2062617272696572	13054
207061696e746564	13055
426574	13056
696d6972	13057
205370656374	13058
706f74	13059
6f726e657973	13060
20636f6d706f756e64	13061
206265617273	13062
2052757368	13063
206c7578757279	13064
53756d	13065
206f72626974	13066
204d617263	13067
206578656d7074	13068
20547261696c	13069
204d4f	13070
2048616e73	13071
20576561706f6e	13072
6f6375736564	13073
756d696e756d	13074
204a65727279	13075
2062757374	13076
204147	13077
2057696b69	13078
20656e646c657373	13079
20566c6164	13080
20426168	13081
20526164656f6e	13082
6b657973	13083
20537572766579	13084
2056696f6c	13085
646566696e65	13086
6c65616e	13087
20636f6d6d6f64	13088
20726576656e756573	13089
c58d	13090
206675726e6974757265	13091
2063617374696e67	13092
206469706c6f6d61746963	13093
20506c6179657273	13094
204b696c6c6564	13095
206d6f64696679	13096
20696e6e6f766174697665	13097
20416275	13098
6e6f72	13099
20626f6e6473	13100
20636f616368696e67	13101
4d6572	13102
206d6f64756c6573	13103
2050617472696f7473	13104
20656e68616e636564	13105
2070726f63656564696e6773	13106
207465616d6d61746573	13107
20313238	13108
6172646f	13109
20636f6d70726f6d697365	13110
204d756368	13111
20666c6577	13112
2045646765	13113
20756e6e6563657373617279	13114
20646f637472696e65	13115
7265706f7274	13116
204f726c616e646f	13117
2050726f66696c65	13118
20706c61796f6666	13119
667269656e646c79	13120
20636f6d706c61696e	13121
204d43	13122
204f7074	13123
204742	13124
2062656174656e	13125
20676f6c66	13126
20706c6163656d656e74	13127
426974	13128
206e6577736c6574746572	13129
2032303139	13130
7669736f72	13131
7261776c	13132
2069506164	13133
206163746564	13134
206a75696365	13135
206465636b73	13136
504e	13137
73756363657373	13138
2048616c66	13139
2064656c65746564	13140
2073656372657473	13141
206173796c756d	13142
4d617274	13143
204163746976	13144
20477579	13145
205473	13146
20647973	13147
20617373756d696e67	13148
206d616e61	13149
207375627572	13150
20313235	13151
4d65646961	13152
415259	13153
72696465	13154
6370	13155
20646966666963756c74696573	13156
20636f6c6c656374696e67	13157
2062616e6b72757074	13158
6e6f6e	13159
20636f6d706f736564	13160
20766f6c74	13161
206d696c6974616e7473	13162
203e3e3e	13163
204d6f726d6f6e	13164
746f72	13165
207061727469636c6573	13166
2042617274	13167
72797074696f6e	13168
2061646d696e	13169
207371756565	13170
5649444941	13171
2063726561746f72	13172
69616d65746572	13173
6963756c6172	13174
4e4243	13175
2067726162626564	13176
206e6f6464	13177
207261746564	13178
20726f746174696f6e	13179
206772617370	13180
20657863657373697665	13181
204543	13182
2057686974	13183
20696e76656e746f7279	13184
61756c7473	13185
204642	13186
2065636f73797374656d	13187
2062696c6c696f6e73	13188
2076656e74757265	13189
6e616d6564	13190
20646566656e646572	13191
6f757465	13192
496e7374656164	13193
697261626c65	13194
576172	13195
20617373756d7074696f6e	13196
2062697465	13197
2065617274687175	13198
7461696c	13199
7370616365	13200
206769667473	13201
626f7973	13202
20696e6576697461626c65	13203
207374727563747572616c	13204
2062656e6566696369616c	13205
20636f6d70656c6c696e67	13206
686f6c65	13207
6572766174696f6e	13208
20636f6174	13209
6f6a	13210
696e6361726e	13211
205965617273	13212
2064657465726d696e696e67	13213
20726865746f726963	13214
20626f756e646172696573	13215
20776869746573	13216
416e74	13217
61646479	13218
292d	13219
726168616d	13220
657465726d696e	13221
2068617276657374	13222
20436f6e63	13223
206c6170746f70	13224
204d61746368	13225
20656e6a6f79696e67	13226
636361	13227
6f6c6c6172	13228
207472697073	13229
20616464696374696f6e	13230
2053616b	13231
20706f7765726564	13232
20636f7573	13233
205275737369616e73	13234
69657265	13235
20726574726965	13236
7175616c697479	13237
20646966666572	13238
206b696e67646f6d	13239
204c617572	13240
2043617069746f6c	13241
20636f6e636c7573696f6e73	13242
20416c7465726e	13243
204e6176	13244
207472616e73706172656e74	13245
424552	13246
47726f7570	13247
20436f6d706c657465	13248
20696e666572	13249
20696e74726967	13250
20696e73616e65	13251
524f	13252
6f70686f62	13253
6973656e	13254
7175616c	13255
4d69636861656c	13256
206d757365756d	13257
20506f7065	13258
207265736574	13259
726174697665	13260
66697665	13261
20616767726567	13262
697474656573	13263
6f7369746f7279	13264
2063617262	13265
205265636f7264	13266
2064656369646573	13267
20466978	13268
20657863657074696f6e73	13269
20436f6d6d697373696f6e6572	13270
756e73	13271
20456e7669726f6e6d656e74616c	13272
206c6567656e64617279	13273
697374656e6365	13274
2074756e6e656c	13275
6b6d	13276
20696e73756c74	13277
2074726f6c6c	13278
207368616b65	13279
20646574656e74696f6e	13280
71756573	13281
204368726f6d65	13282
2046696c6573	13283
2073756274	13284
2070726f737065637473	13285
2070726f6c	13286
72656e646572	13287
70726f6f66	13288
20706572666f726d616e636573	13289
537472	13290
2068726566	13291
65726e616d65	13292
20616368696576656d656e74	13293
20667574	13294
46756c6c	13295
204c6562616e	13296
676f6f676c65	13297
e38388	13298
616d7061	13299
4d61796265	13300
2070726f6a6563746564	13301
20456d62	13302
20636f6c6c6567	13303
20617761726473	13304
20e294	13305
476f6c64	13306
20426c616b65	13307
2052616a	13308
696674696e67	13309
2070656e64696e67	13310
20696e7374696e6374	13311
20646576656c6f706d656e7473	13312
436f6e6e656374	13313
204d616e64	13314
2057495448	13315
205068696c697070696e6573	13316
70726f66696c65	13317
20616c746f676574686572	13318
2042756e64	13319
205444	13320
6f6f6f6f	13321
616d706564	13322
697068	13323
20737465616d	13324
206f6c64657374	13325
20646574656374696f6e	13326
756c7074	13327
20e7	13328
205761796e65	13329
32303036	13330
6661	13331
20636972636c6573	13332
204675	13333
20646f6e6f7273	13334
617070726f707269617465	13335
2044616b6f7461	13336
6a616d696e	13337
206d6f74697661746564	13338
20707572636861736573	13339
204c6f75697369616e61	13340
2053706c	13341
20676c6f6265	13342
20313035	13343
7a6970	13344
63616c6c	13345
206465706172746d656e7473	13346
207375737461696e61626c65	13347
313035	13348
204f50	13349
696669657273	13350
2070726576656e746564	13351
20696e636f6d70	13352
20436f6d6d616e646572	13353
20646f6d696e61746564	13354
20c2bb	13355
20696e766573746564	13356
20636f6d706c6578697479	13357
20696e636c	13358
20656e737572696e67	13359
207265616c6d	13360
796e63	13361
20496e646570656e64656e74	13362
7261696e6564	13363
204a656e	13364
20466c69676874	13365
2061746865	13366
2073706563756c6174696f6e	13367
205445	13368
6f63617465	13369
746963	13370
20706c61696e74	13371
6865727279	13372
20746f79	13373
20313131	13374
20706c61746573	13375
737461747573	13376
20497361	13377
206465766f746564	13378
436f70	13379
204553	13380
323535	13381
757272656e6379	13382
4d61696e	13383
20736c61766573	13384
20706570706572	13385
2071756f746573	13386
206365696c696e67	13387
2046697368	13388
207472616e73666f726d6174696f6e	13389
206672616374696f6e	13390
20616476616e7461676573	13391
20746f696c65	13392
207374756e6e696e67	13393
206d6f697374	13394
627265616b696e67	13395
7369	13396
204c6f636174696f6e	13397
204d656469756d	13398
207465787473	13399
2075676c79	13400
2062696f	13401
2ee28094	13402
204261736564	13403
20747261696e73	13404
2057696e67	13405
20416e6369656e74	13406
205265636f726473	13407
20486f7065	13408
5370656369616c	13409
6164657368	13410
6f6269	13411
5b2f	13412
2074656d706f726172696c79	13413
566572	13414
6875	13415
6f736572	13416
206f7665726e69676874	13417
206d616d6d	13418
205472656173757279	13419
2056656e657a75656c	13420
204d656761	13421
20746172	13422
2065787065637473	13423
626c61636b	13424
6f727068	13425
5c5c5c5c	13426
20616363657074616e6365	13427
207261646172	13428
736973	13429
206a756e696f72	13430
206672616d6573	13431
206f62736572766174696f6e	13432
6163696573	13433
506f776572	13434
20416476616e636564	13435
4d6167	13436
6f6c6f676963616c6c79	13437
204d656368616e	13438
2073656e74656e636573	13439
20616e616c79737473	13440
6175676874657273	13441
666f7263656d656e74	13442
207661677565	13443
20636c61757365	13444
206469726563746f7273	13445
206576616c75617465	13446
20636162696e6574	13447
4d617474	13448
20436c6173736963	13449
416e67	13450
20636c6572	13451
204275636b	13452
2072657365617263686572	13453
20313630	13454
20706f6f726c79	13455
20657870657269656e63696e67	13456
20506564	13457
204d616e68617474616e	13458
206672656564	13459
207468656d6573	13460
616476616e74	13461
206e696e	13462
20707261697365	13463
313034	13464
204c69627961	13465
62657374	13466
2074727573746564	13467
206365617365	13468
206469676e	13469
446972656374	13470
20626f6d62696e67	13471
206d6967726174696f6e	13472
20536369656e636573	13473
206d756e69636970616c	13474
2041766572616765	13475
20676c6f7279	13476
2072657665616c696e67	13477
206172656e61	13478
20756e6365727461696e7479	13479
20626174746c656669656c64	13480
69616f	13481
476f64	13482
2063696e656d	13483
72617065	13484
656c6c65	13485
61706f6e73	13486
206c697374696e67	13487
20776169746564	13488
2073706f74746564	13489
6b656c6579	13490
20417564696f	13491
656f72	13492
617264696e67	13493
696464696e67	13494
69676d61	13495
204e6567	13496
206c6f6e65	13497
202d2d2d2d	13498
657865	13499
646567	13500
207472616e7366	13501
2077617368	13502
20736c6176657279	13503
206578706c6f72696e67	13504
205757	13505
6174736f6e	13506
20656e636c	13507
6c696573	13508
20437265656b	13509
20776f6f64656e	13510
4d616e61676572	13511
204272616e64	13512
756d6d79	13513
20417274687572	13514
206275726561756372	13515
20626c656e64	13516
617269616e73	13517
46757274686572	13518
20737570706f7365646c79	13519
2077696e6473	13520
2031393739	13521
2067726176697479	13522
20616e616c79736573	13523
2054726176656c	13524
205665746572	13525
2064756d62	13526
20616c7465726e617465	13527
67616c	13528
20636f6e73756d6564	13529
206566666563746976656e657373	13530
2e2727	13531
207061746873	13532
6f6e6461	13533
4c41	13534
205374726f6e67	13535
20656e61626c6573	13536
2065736361706564	13537
202222	13538
20313132	13539
2031393833	13540
20736d696c6564	13541
2074656e64656e6379	13542
46697265	13543
2070617273	13544
20526f63	13545
206c616b65	13546
206669746e657373	13547
20417468	13548
20486f726e	13549
2068696572	13550
20696d706f7365	13551
6d6f74686572	13552
2070656e73696f6e	13553
69637574	13554
626f726e65	13555
696369617279	13556
2e5f	13557
205355	13558
20706f6c6172	13559
697379	13560
656e6775	13561
697469616c697a6564	13562
415441	13563
7772697465	13564
20657865726369736573	13565
204469616d6f6e64	13566
6f7479706573	13567
206861726d66756c	13568
6f6e7a	13569
207072696e74696e67	13570
73746f7279	13571
20657870657274697365	13572
20476572	13573
2074726167656479	13574
20466c79	13575
206469766964	13576
616d70697265	13577
73746f636b	13578
4d656d	13579
20726569676e	13580
20756e7665	13581
20616d656e64	13582
2050726f70686574	13583
206d757475616c	13584
20466163	13585
207265706c6163696e67	13586
486172	13587
2043697263756974	13588
207468726f6174	13589
2053686f74	13590
20626174746572696573	13591
20746f6c6c	13592
2061646472657373696e67	13593
204d65646963616964	13594
2070757070	13595
204e6172	13596
6f6c6b	13597
20657175697479	13598
4d52	13599
2048697370616e	13600
204c61726765	13601
6d6964	13602
446576	13603
206578706564	13604
2064656d6f	13605
204d61727368616c6c	13606
6572677573	13607
206669626572	13608
206469766f726365	13609
20437265617465	13610
20736c6f776572	13611
205061726b6572	13612
2053747564656e74	13613
20547261696e696e67	13614
52657475726e	13615
20547275	13616
20637562	13617
2052656163686564	13618
2070616e6963	13619
207175617274657273	13620
2072656374	13621
207472656174696e67	13622
2072617473	13623
2043687269737469616e697479	13624
6f6c6572	13625
20736163726564	13626
206465636c617265	13627
756c6174697665	13628
6574696e67	13629
2064656c69766572696e67	13630
6573746f6e65	13631
2074656c	13632
204c61727279	13633
206d657461	13634
616363657074	13635
6172747a	13636
20526f676572	13637
68616e646564	13638
20686561646572	13639
2074726170706564	13640
2043656e74757279	13641
206b6e6f636b6564	13642
204f78666f7264	13643
207375727669766f7273	13644
626f74	13645
2064656d6f6e7374726174696f6e	13646
2064697274	13647
2061737369737473	13648
4f4d45	13649
204472616674	13650
6f7274756e617465	13651
666f6c696f	13652
7065726564	13653
757374657273	13654
6774	13655
204c6f636b	13656
206a7564696369616c	13657
766572746564	13658
2073656375726564	13659
6f7574696e67	13660
20426f6f6b73	13661
20686f7374696e67	13662
206c6966746564	13663
6c656e677468	13664
206a6572	13665
20776865656c73	13666
2052616e6765	13667
756d626e61696c73	13668
20646961676e6f736973	13669
74656368	13670
2053746577617274	13671
205072616374	13672
206e6174696f6e77696465	13673
2064656172	13674
206f626c69676174696f6e73	13675
2067726f7773	13676
206d616e6461746f7279	13677
20737573706963696f7573	13678
2127	13679
417072	13680
4772656174	13681
206d6f727467616765	13682
2070726f73656375746f72	13683
20656469746f7269616c	13684
204b72	13685
2070726f636573736564	13686
756e676c65	13687
20666c65786962696c697479	13688
4561726c696572	13689
2043617274	13690
20537567	13691
20666f6375736573	13692
2073746172747570	13693
20627265616368	13694
20546f62	13695
6379636c65	13696
e3808c	13697
726f7365	13698
2062697a61727265	13699
e3808d	13700
20766567657461626c6573	13701
2424	13702
2072657472656174	13703
6f736869	13704
2053686f70	13705
2047726f756e64	13706
2053746f70	13707
20486177616969	13708
204179	13709
50657268617073	13710
204265617574	13711
7566666572	13712
656e6e61	13713
2070726f647563746976697479	13714
4669786564	13715
636f6e74726f6c	13716
20616273656e74	13717
2043616d706169676e	13718
477265656e	13719
206964656e74696679696e67	13720
20726567726574	13721
2070726f6d6f746564	13722
20536576656e	13723
20657275	13724
6e65617468	13725
617567686564	13726
2050696e	13727
204c6976696e67	13728
436f7374	13729
6f6d61746963	13730
6d656761	13731
204e6967	13732
6f6379	13733
20696e626f78	13734
20656d70697265	13735
20686f72697a6f6e74	13736
206272616e63686573	13737
206d6574617068	13738
416374697665	13739
656469	13740
2046696c6d	13741
20536f6d657468696e67	13742
206d6f6473	13743
696e6369616c	13744
204f726967696e616c	13745
47656e	13746
2073706972697473	13747
206561726e696e67	13748
48697374	13749
20726964657273	13750
207361637269666963	13751
4d54	13752
205641	13753
2053616c74	13754
206f636375706174696f6e	13755
204d69	13756
2064697367	13757
6c696374	13758
206e6974	13759
206e6f646573	13760
65656d	13761
2050696572	13762
20686174726564	13763
707379	13764
e38389	13765
2074686561746572	13766
20736f7068697374696361746564	13767
20646566656e646564	13768
2062657369646573	13769
2074686f726f7567686c79	13770
204d65646963617265	13771
20626c616d6564	13772
6172656e746c79	13773
20637279696e67	13774
464f52	13775
70726976	13776
2073696e67696e67	13777
20496c	13778
2063757465	13779
6f69646564	13780
6f6c69746963616c	13781
204e6575726f	13782
e5a4	13783
20646f6e6174696f6e	13784
204561676c6573	13785
2047697665	13786
546f6d	13787
207375627374616e7469616c6c79	13788
204c6963656e7365	13789
204a61	13790
2067726579	13791
20416e696d616c	13792
204552	13793
20556e64	13794
206b65656e	13795
20636f6e636c756465	13796
204d69737369737369707069	13797
456e67696e65	13798
2053747564696f73	13799
5072657373	13800
6f76657273	13801
6c6c657273	13802
20333530	13803
2052616e67657273	13804
20726f75	13805
6572746f	13806
4570	13807
69737361	13808
6976616e	13809
207365616c	13810
20526567697374	13811
646973706c6179	13812
207765616b656e	13813
75756d	13814
20436f6d6d6f6e73	13815
20536179	13816
2063756c7475726573	13817
206c617567686564	13818
20736c6970	13819
2074726561746d656e7473	13820
697a61626c65	13821
6d617274	13822
2052696365	13823
206265617374	13824
206f626573697479	13825
204c61757265	13826
696761	13827
5768696368	13828
686f6c646572	13829
20656c6465726c79	13830
2070617973	13831
20636f6d706c61696e6564	13832
2063726f70	13833
2070726f63	13834
206578706c6f73697665	13835
2046616e	13836
20417273656e616c	13837
417574686f72	13838
6566756c	13839
206d65616c73	13840
20282d	13841
6964617973	13842
20696d6167696e6174696f6e	13843
20616e6e75616c6c79	13844
206d73	13845
617375726573	13846
48656164	13847
696b68	13848
6d61746963	13849
20626f79667269656e64	13850
20436f6d7075746572	13851
2062756d70	13852
207375726765	13853
204372616967	13854
204b69726b	13855
44656c	13856
6d656469617465	13857
207363656e6172696f73	13858
204d7574	13859
2053747265616d	13860
20636f6d70657469746f7273	13861
d984	13862
205374616e666f7264	13863
205265736f7572636573	13864
617a6564	13865
62616765	13866
206f7267616e6973	13867
2052656c65617365	13868
2073657061726174656c79	13869
20686162697473	13870
206d6561737572656d656e7473	13871
20436c6f7365	13872
206163636f6d70616e79	13873
20676c79	13874
2074616e67	13875
20526f75	13876
20706c7567696e	13877
20636f6e766579	13878
204368616c6c656e6765	13879
6f6f7473	13880
6a616e	13881
2063757273	13882
2052656c6174696f6e73	13883
6b6565706572	13884
20617070726f616368696e67	13885
70696e67	13886
537065616b696e67	13887
20617272616e67656d656e74	13888
205649	13889
61726574746573	13890
20616666656374696e67	13891
207065726d697473	13892
62656361757365	13893
207573656c657373	13894
20487573	13895
21212121	13896
2064657374726f79696e67	13897
556e666f7274756e6174656c79	13898
2066617363696e6174696e67	13899
53656d	13900
20656c6563746f72616c	13901
207472616e73706172656e6379	13902
204368616f73	13903
20766f6c756e74656572	13904
20737461746973746963616c	13905
20616374697661746564	13906
726f78	13907
576562	13908
4845	13909
2048616d707368697265	13910
6973697665	13911
4d6170	13912
207472617368	13913
204c617772656e6365	13914
737469636b	13915
4372	13916
2072696e6773	13917
455854	13918
206f7065726174696f6e616c	13919
6f706573	13920
446f6573	13921
204576616e73	13922
207769746e6573736564	13923
506f7274	13924
206c61756e6368696e67	13925
65636f6e6f6d	13926
77656172	13927
205061727469636970	13928
756d6d	13929
63756c6573	13930
2052414d	13931
2054756e	13932
2061737375726564	13933
2062696e617279	13934
20626574726179	13935
206578706c6f726174696f6e	13936
2046656c	13937
2061646d697373696f6e	13938
697461746564	13939
5379	13940
2061766f69646564	13941
2053696d756c61746f72	13942
2063656c65627261746564	13943
20456c656374726963	13944
a59e	13945
20636c7573746572	13946
69747a65726c616e64	13947
6865616c7468	13948
4c696e65	13949
204e617368	13950
61746f6e	13951
207370617265	13952
20656e7465727072697365	13953
20444953	13954
636c75646573	13955
20666c6967687473	13956
2072656761726473	13957
20c397	13958
68616c66	13959
20747275636b73	13960
20636f6e7461637473	13961
20756e636f6e73	13962
20436c696d617465	13963
20696d6d656e7365	13964
4e4557	13965
6f6363	13966
656374697665	13967
20656d626f64	13968
20706174726f6c	13969
20626573696465	13970
20766961626c65	13971
206372656570	13972
20747269676765726564	13973
7665726e696e67	13974
20636f6d70617261626c65	13975
716c	13976
206761696e696e67	13977
6173736573	13978
2028293b	13979
2047726579	13980
204d4c53	13981
73697a6564	13982
2070726f73706572	13983
223f	13984
20706f6c6c696e67	13985
2073686172	13986
205243	13987
206669726561726d	13988
6f7269656e74	13989
2066656e6365	13990
20766172696174696f6e73	13991
676976696e67	13992
205069	13993
6f7370656c	13994
20706c65646765	13995
2063757265	13996
20737079	13997
2076696f6c61746564	13998
20727573686564	13999
207374726f6b65	14000
20426c6f67	14001
73656c73	14002
204563	14003
2c2727	14004
2070616c65	14005
20436f6c6c696e73	14006
746572726f72	14007
2043616e616469616e73	14008
2074756e65	14009
206c61626f7261746f7279	14010
206e6f6e73	14011
74617269616e	14012
206469736162696c697479	14013
2047616d	14014
2073696e676572	14015
616c67	14016
2053656e696f72	14017
20747261646564	14018
2057617272696f72	14019
20696e6672696e67	14020
204672616e6b6c696e	14021
2073747261696e	14022
2053776564697368	14023
20736576656e7468	14024
2042656e6e	14025
2054656c6c	14026
2073796e64726f6d65	14027
20776f6e6465726564	14028
6964656e	14029
2b2b2b2b	14030
69676f	14031
20707572706c65	14032
206a6f75726e616c69736d	14033
20726562656c	14034
206675	14035
626c6f67	14036
20696e76697465	14037
72656e63696573	14038
20436f6e74616374	14039
49737261656c	14040
20436f6e74656e74	14041
206368656572	14042
20626564726f6f6d	14043
20456e67696e656572696e67	14044
20517565656e73	14045
206477656c6c	14046
20506c617953746174696f6e	14047
2044696d	14048
20436f6c6f6e	14049
6c72	14050
206f70657261746573	14051
206d6f7469766174696f6e	14052
555341	14053
61737465726564	14054
436f7265	14055
205472757468	14056
6f6c6f	14057
4f5345	14058
204d656d6f7279	14059
20707265646563	14060
20616e61726368	14061
2031393230	14062
2059616d	14063
c3a8	14064
626964	14065
20677261746566756c	14066
206578636974656d656e74	14067
207472656173757265	14068
206c6f6e67657374	14069
6374697665	14070
206465736572766573	14071
207265736572766573	14072
20636f7073	14073
204f7474617761	14074
20456779707469616e	14075
616e6b6564	14076
206172746966	14077
206879706f746865736973	14078
3a2f	14079
2070757263686173696e67	14080
206c6f76656c79	14081
4850	14082
20646976696465	14083
207374726963746c79	14084
207175657374696f6e696e67	14085
20746178706179657273	14086
204a6f79	14087
20726f6c6c73	14088
204865617679	14089
20706f727473	14090
206d61676e65746963	14091
20696e666c616d6d	14092
206272757368	14093
74696373	14094
e28892	14095
20626f74746c6573	14096
707079	14097
2070616464	14098
e382af	14099
6d696c6c696f6e	14100
206465766173746174696e67	14101
20636f6d70696c6564	14102
206d656469636174696f6e	14103
207477656c7665	14104
205065727279	14105
5370616365	14106
696d62	14107
796f7572	14108
206c65616b6564	14109
20546172	14110
20756e697479	14111
20696e666563746564	14112
2074726176656c6564	14113
494445	14114
204d63446f6e616c64	14115
747874	14116
205072696e63	14117
20696e74657276656e	14118
2054616977616e	14119
20506f77	14120
2062656172696e67	14121
20546872656164	14122
207a6f6e6573	14123
697a61726473	14124
756e6b73	14125
43686170746572	14126
6c6c6f72	14127
20c2b7	14128
20776f756e6473	14129
2064697363726574696f6e	14130
20737563636565646564	14131
696b696e67	14132
2069636f6e6963	14133
43616c6c	14134
2073637265656e696e67	14135
204d6973	14136
69637473	14137
206d696e697374657273	14138
2073657061726174696f6e	14139
506c61796572	14140
20626970	14141
2062656c6f766564	14142
20636f756e74696e67	14143
20457965	14144
61726f756e64	14145
696e67696e67	14146
207461626c6574	14147
206f6666656e6365	14148
696e616e6365	14149
68617665	14150
20496e666f	14151
204e696e6a61	14152
2070726f74656374697665	14153
2043617373	14154
4d6163	14155
205175616c697479	14156
4e6f727468	14157
206963	14158
2043756261	14159
204368726f6e69636c65	14160
2050726f7065727479	14161
2066617374657374	14162
6f746f73	14163
204765726d	14164
4f574e	14165
20626f6f6d	14166
205374616e6c6579	14167
65726775736f6e	14168
20636c65766572	14169
20656e74657273	14170
6d6f6465	14171
746572696f72	14172
2053656e73	14173
206c696e656172	14174
41524b	14175
20636f6d706172696e67	14176
20707572656c79	14177
207361666572	14178
20506f74746572	14179
2063757073	14180
5254	14181
20676c7563	14182
2061747472696275746564	14183
206475706c	14184
20506170	14185
2070726563696f7573	14186
207061	14187
696374696f6e617279	14188
20546967	14189
20546f6f	14190
6f6c7574696f6e73	14191
7374616e	14192
20726f626f7473	14193
206c6f6262	14194
2073746174757465	14195
2070726576656e74696f6e	14196
7765737465726e	14197
313630	14198
20416374697665	14199
204d61726961	14200
68616c	14201
4e6f6e65	14202
656c6c6172	14203
204b42	14204
20506172746e657273	14205
2053696e676c65	14206
20466f6c6c6f77696e67	14207
616e676f	14208
6163696f7573	14209
2074686f75	14210
206b67	14211
20696e666c75656e7469616c	14212
20467269656e6473	14213
537572	14214
61696e746564	14215
20666f72756d73	14216
2073746172746572	14217
20636974697a656e73686970	14218
20456c656374696f6e	14219
6f6e6765	14220
6f746174696f6e	14221
6f737068	14222
3b3b3b3b	14223
75746963616c	14224
707572	14225
6572656e	14226
2061636375736174696f6e73	14227
626974696f7573	14228
6162626974	14229
204f7264	14230
506f73746564	14231
69726b	14232
2073656e7369746976697479	14233
69636865	14234
20416d79	14235
20466162	14236
2073756d6d6974	14237
20706564657374	14238
20727562626572	14239
206167726963756c747572616c	14240
2063616e63656c	14241
4145	14242
20696e617567	14243
20636f6e74616d	14244
206669726d6c79	14245
6977	14246
7374616765	14247
204b616e	14248
2074696572	14249
20696e76656e74696f6e	14250
207472616e736c61746564	14251
2052756c6573	14252
426f78	14253
54776974746572	14254
494453	14255
2070697a7a61	14256
206465627567	14257
2044726f70	14258
7673	14259
20686f72736573	14260
626967	14261
20626f72696e67	14262
20686f6f64	14263
204d634361696e	14264
617463686564	14265
2042726f73	14266
20736b6970	14267
206573736179	14268
73746174	14269
204c6567656e6473	14270
20616d6d756e6974696f6e	14271
617563	14272
2073686f6f746572	14273
20756e68	14274
20737570706c696564	14275
2067656e65726963	14276
20534b	14277
6962616e	14278
7972696373	14279
20323535	14280
20636c696d62696e67	14281
466f726d6572	14282
20666c6970	14283
206a756d70696e67	14284
206672757374726174696f6e	14285
205465727279	14286
206e65696768626f72686f6f6473	14287
206d656469616e	14288
6265616e	14289
20627261696e73	14290
466f6c6c6f77696e67	14291
20736861706564	14292
206472617773	14293
20616c7465726564	14294
4a61636b	14295
2072656369706573	14296
20736b696c6c6564	14297
7765616c7468	14298
61636869	14299
656c656374696f6e	14300
206265686176696f7273	14301
6465616c73	14302
20556e74696c	14303
4665	14304
206465636c61726174696f6e	14305
6d61726b73	14306
204265747765656e	14307
63656c6f6e61	14308
207265736f6e	14309
20627562626c65	14310
416d6f6e67	14311
20696d70657269616c	14312
4753	14313
2066656d696e697374	14314
32303035	14315
204b796c65	14316
206163636f756e74696e67	14317
2054656c65	14318
20547972	14319
20636f6e6e656374696e67	14320
207265686162	14321
2050726564	14322
73696d	14323
206d65616e74696d65	14324
2070687973696369616e	14325
4d57	14326
2043616d7062656c6c	14327
204272616e646f6e	14328
20636f6e747269627574696e67	14329
2052756c65	14330
20576569676874	14331
204e6170	14332
20696e746572616374697665	14333
20766167	14334
2068656c6d6574	14335
20436f6d62	14336
666f7572	14337
2073686970706564	14338
20636f6d706c6574696e67	14339
205044	14340
5044415445	14341
20737072656164696e67	14342
207363617279	14343
657276696e67	14344
20476173	14345
206672616e6b	14346
7363686f6f6c	14347
20726f6d616e746963	14348
2073746162696c	14349
526f62	14350
2061636375726174656c79	14351
206163757465	14352
2048616e6e	14353
2073796d626f6c73	14354
20636976696c697a6174696f6e	14355
204157	14356
206c696768746e696e67	14357
20636f6e736964657273	14358
2076656e7565	14359
20d7	14360
206f76656e	14361
205346	14362
686973	14363
206e75	14364
204c6561726e	14365
2070656f706c6573	14366
20737464	14367
20736c6565	14368
20736c6963	14369
2053746174697374696373	14370
20636f726e657273	14371
2042616b6572	14372
203a29	14373
6d656e746174696f6e	14374
6f6c766572	14375
206c61756768696e67	14376
20546f6464	14377
6f6e6465	14378
2048696c6c73	14379
206e757473	14380
20576f6d616e	14381
706c616e65	14382
206c69766572	14383
20496e73696465	14384
536f727279	14385
20616772656573	14386
2066756e64616d656e74	14387
20466973686572	14388
2061756374696f6e	14389
2074687265616473	14390
676c6173	14391
204261736963	14392
204e6174	14393
206c61636b696e67	14394
2063656c6562726174696f6e	14395
6a75	14396
2073696c6c79	14397
4575726f	14398
2074617474	14399
6967687479	14400
636f6e74726f6c6c6564	14401
54657374	14402
2053696e6768	14403
2072616765	14404
207268797468	14405
6f66666963	14406
205068616e746f6d	14407
20686561646c696e6573	14408
20726573706f6e64696e67	14409
204d6f726e696e67	14410
20766974616d696e	14411
20626f6f7473	14412
2053697465	14413
616c696e	14414
7069	14415
20766972616c	14416
205543	14417
444552	14418
20536578	14419
2073746f636b73	14420
63757272656e74	14421
206368757263686573	14422
2052617265	14423
204d7572706879	14424
2064656e69616c	14425
2047616d696e67	14426
20746f7567	14427
206e69636b	14428
206d616b657273	14429
20526f6e616c64	14430
2067656e65726f7573	14431
20446f63	14432
204d6f72726973	14433
207472616e73666f726d6564	14434
204e6f726d616c	14435
20313034	14436
204b69636b73746172746572	14437
2055706f6e	14438
4f6e6c696e65	14439
20495253	14440
2077726170	14441
206c6f76696e67	14442
2061727269766573	14443
20447565	14444
206865746572	14445
204d616465	14446
2072656e74616c	14447
2062656c6f6e6773	14448
206174746f726e657973	14449
2063726f7073	14450
206d617463686564	14451
756c756d	14452
6f6c696e65	14453
313039	14454
20646973706172	14455
20627579657273	14456
2043616d627269646765	14457
20657468696373	14458
726f757073	14459
206a7573746966696564	14460
206d617267696e616c	14461
20726573706563746564	14462
77696e6e696e67	14463
206e6f64646564	14464
205365726765	14465
20466f726d6572	14466
4372616674	14467
23232323232323232323232323232323	14468
205761726e6572	14469
2064617368	14470
657465	14471
20656e74657274	14472
20457363617065	14473
6f75746865617374	14474
206b6e656573	14475
20426f6d62	14476
20727567	14477
50617373	14478
20617474697475646573	14479
676f7665726e6d656e74	14480
205072696f72	14481
207175616c6974696573	14482
206e6f74696669636174696f6e	14483
2050686f6e65	14484
6c6965	14485
20616e746963697061746564	14486
20436f6d626174	14487
204261727279	14488
2031393832	14489
5573657273	14490
6f6e6572	14491
20636f6d707574696e67	14492
20436f6e6e65637469637574	14493
206c6573736572	14494
207065657273	14495
204375	14496
20746563686e6963616c6c79	14497
207375626d697373696f6e	14498
20556e6976657273616c	14499
206d616e75616c6c79	14500
6f75726765	14501
20726573706f6e64656e7473	14502
20425443	14503
20486f7374	14504
2066617265	14505
2042697264	14506
2072656365697074	14507
616c736f	14508
206a61636b	14509
206167726963756c74757265	14510
20736b756c6c	14511
20213d	14512
2070617373697665	14513
204349	14514
20736f63696574696573	14515
2072656d696e646564	14516
20696e746572666572656e6365	14517
427579	14518
20e29c	14519
676f6e	14520
207363727574696e79	14521
205769746368	14522
20636f6e64756374696e67	14523
20e383	14524
2065786368616e676573	14525
204d69746368656c6c	14526
20696e6861626974	14527
207477697374	14528
4244	14529
207768657265766572	14530
67726f75706f6e	14531
206a6f6b6573	14532
2042656e6a616d696e	14533
2052616e646f6d	14534
6672616d65	14535
204c696f6e73	14536
20686967686c696768746564	14537
2041726b616e736173	14538
456e74	14539
2070696c65	14540
207072656c696d	14541
6773	14542
6d696e646564	14543
2066656c6f6e79	14544
204741	14545
204c75636b	14546
2070726163746963616c6c79	14547
20426f73	14548
2061637472657373	14549
44616d	14550
20426f75	14551
2076697361	14552
20656d626564646564	14553
20687962726964	14554
206561726c69657374	14555
20736f6f6e6572	14556
736f6369616c	14557
204841	14558
207374656570	14559
20646973616476616e74	14560
206578706c6f6974	14561
20456767	14562
20556c747261	14563
206e6563657373697479	14564
4c6f63616c	14565
69656765	14566
206461746564	14567
206d6173736573	14568
20737562736372697074696f6e	14569
706c657373	14570
20616e6f6e796d	14571
2070726573756d61626c79	14572
426c7565	14573
5468656972	14574
61736b657462616c6c	14575
205068696c6970	14576
20636f6d6564	14577
6c6f61646564	14578
72616e65	14579
207265666c656374696f6e	14580
4368696e61	14581
20657874656e6473	14582
20666f726d696e67	14583
20756e64657273	14584
32303031	14585
2067726174	14586
20636f6e63656e74726174696f6e73	14587
20696e73756c696e	14588
20736563756c6172	14589
207768696c7374	14590
2077696e6e657273	14591
4164766572746973656d656e7473	14592
2064656c696265726174656c79	14593
20576f726b696e67	14594
2073696e6b	14595
6574696373	14596
64616c65	14597
206d616e64617465	14598
206772616d	14599
207661636174696f6e	14600
207761726e696e6773	14601
72697070	14602
2054484154	14603
20636f6d6d656e74617279	14604
20696e7475	14605
2061657374	14606
20726561736f6e696e67	14607
20627265616b646f776e	14608
205a6f6d626965	14609
202d2d3e	14610
20506f6c69746963616c	14611
636f7474	14612
20746872757374	14613
20746563686e6f6c6f676963616c	14614
206465636964696e67	14615
20747261666669636b696e67	14616
4c6f6e67	14617
57656c636f6d65	14618
70726973696e67	14619
20436f6d6d756e69636174696f6e73	14620
20656e646f7273	14621
207377696674	14622
206d657461626f6c	14623
636f696e73	14624
72657361	14625
2048545450	14626
20656e726f6c6c	14627
204861707079	14628
757372	14629
696e74616765	14630
205b22	14631
7561626c79	14632
204d6174657269616c	14633
2072657065616c	14634
53657074	14635
6b68	14636
204d6f6469	14637
20756e6465726e65617468	14638
20494c	14639
73686f7265	14640
20646961676e6f736564	14641
61636575746963616c	14642
2073686f776572	14643
617578	14644
20537769746368	14645
20537472656e677468	14646
206a69686164	14647
6e6174696f6e616c	14648
20747261756d61	14649
75737379	14650
6f6e69	14651
20636f6e736f6c6964	14652
2063616c6f72696573	14653
20466c796e6e	14654
6167676564	14655
313638	14656
2050696e6b	14657
2066756c66696c6c	14658
20636861696e73	14659
206e6f7461626c79	14660
204156	14661
4c696665	14662
20436875636b	14663
6d7573	14664
20557262616e	14665
2048656e64	14666
206465706f736974	14667
20536164	14668
20616666616972	14669
4f524b	14670
696576616c	14671
20464441	14672
2074726f70	14673
204f766572616c6c	14674
20766972747565	14675
20736174697366616374696f6e	14676
61756e64	14677
206c756e	14678
20537769747a65726c616e64	14679
204f7065726174696f6e	14680
70726f63657373	14681
2073686f6f6b	14682
20636f756e74696573	14683
6c6561736564	14684
20436861726c6f747465	14685
313132	14686
207472616e736372697074	14687
2072656464	14688
70757368	14689
20486579	14690
20416e616c79736973	14691
5b22	14692
20616c7465726e617469766573	14693
6172646c657373	14694
20656c657068	14695
207072656a7564	14696
204c656166	14697
486176696e67	14698
20487562	14699
2065787072657373696f6e73	14700
20566f6c756d65	14701
2073686f636b696e67	14702
2052656473	14703
2072656164696c79	14704
20706c616e657473	14705
6164617461	14706
20636f6c6c6170736564	14707
204d6164726964	14708
206972726974	14709
6970706572	14710
20456e63	14711
2057697265	14712
2062757a7a	14713
204750	14714
61736861	14715
206163636964656e74616c6c79	14716
757275	14717
2066727573747261746564	14718
205341	14719
2068756e677279	14720
2048756666	14721
206c6162656c73	14722
616e746f	14723
204550	14724
206261727269657273	14725
297c	14726
204265726b656c6579	14727
204a657473	14728
207061697273	14729
204c616e	14730
4a616d6573	14731
2042656172	14732
2068756d6f72	14733
204c696265727479	14734
206d61676e6974756465	14735
206167696e67	14736
204d61736f6e	14737
20667269656e6473686970	14738
756d626c696e67	14739
20656d65726765	14740
206e657773706170657273	14741
20616d626974696f7573	14742
205269636861726473	14743
617465726e616c	14744
2031393831	14745
20636f6f6b696573	14746
207363756c7074	14747
2070757273756974	14748
4c6f636174696f6e	14749
2073637269707473	14750
7063	14751
20617272616e67656d656e7473	14752
206469616d65746572	14753
206c6f736573	14754
616d6174696f6e	14755
206c697175	14756
204a616b65	14757
617265747465	14758
20756e6465727374616e6473	14759
205a656e	14760
766d	14761
20617070726f7665	14762
20776970	14763
20756c747261	14764
20696e74656e64	14765
204449	14766
617363756c6172	14767
207374617973	14768
204b6f72	14769
204b6c	14770
20696e76657374696e67	14771
4c61	14772
2062656c696576696e67	14773
626164	14774
6d6f757468	14775
207461787061796572	14776
e38383	14777
20517565626563	14778
206c6170	14779
205377697373	14780
64726f70	14781
20647261696e	14782
697269	14783
657463	14784
6674656e	14785
204e6578	14786
207374726177	14787
2073637265616d696e67	14788
20636f756e746564	14789
2064616d6167696e67	14790
20616d6261737361646f72	14791
63656e74757279	14792
2070726f78	14793
2061727265737473	14794
7576	14795
696c61746572616c	14796
204368617267	14797
2070726573637269626564	14798
20696e646570656e64656e746c79	14799
20666965726365	14800
2042616279	14801
206272617665	14802
207375697473	14803
3d3e	14804
20626173656c696e65	14805
2052617465	14806
2069736c616e6473	14807
202828	14808
677265656e	14809
6978656c73	14810
206e616d656c79	14811
2056696c6c616765	14812
7468616e	14813
616d79	14814
56657273696f6e	14815
676d61696c	14816
656e7469616c73	14817
20537564	14818
204d656c626f75726e65	14819
206172726976696e67	14820
207175616e74756d	14821
656666	14822
726f706f6c6974616e	14823
547269	14824
2066756e6572616c	14825
204952	14826
c383c382c383c382c383c382c383c382c383c382c383c382c383c382c383c382	14827
20436f62	14828
697461626c79	14829
2074757262	14830
20636f6d626f	14831
526576696577	14832
206465706c6f796d656e74	14833
75697479	14834
20426f7474	14835
20696e76697369626c65	14836
2072656e646572696e67	14837
20756e6c6f636b6564	14838
20617175	14839
20566c6164696d6972	14840
20706164	14841
20427261696e	14842
204c6567616379	14843
647261676f6e	14844
204b757264697368	14845
20736f756e646564	14846
2064657461696e6564	14847
20444d	14848
67617279	14849
20646175676874657273	14850
2064697374757262696e67	14851
756b61	14852
205061726164	14853
2074617374	14854
20756e666f7274756e617465	14855
20756c	14856
656d696e	14857
20617474656e64616e6365	14858
74726c	14859
207061726b73	14860
204d656d6f7269616c	14861
20416c696365	14862
6f746879	14863
6775617264	14864
2044697365	14865
205368616e	14866
20466f72756d	14867
52696368	14868
2073686966746564	14869
75657a	14870
206c696768746572	14871
204d61676e	14872
20636f64	14873
536368	14874
68616d6d6164	14875
507562	14876
333530	14877
20506f6b656d6f6e	14878
2070726f746f74797065	14879
20756e7265	14880
42617365	14881
2053747564656e7473	14882
205265706c79	14883
20436f6d6d756e697374	14884
20676175	14885
2054796c6572	14886
495a	14887
20706172746963697061746564	14888
2073757072656d	14889
2044657461696c73	14890
2076657373656c73	14891
726f64	14892
207472696265	14893
6b656570	14894
20617373756d7074696f6e73	14895
20706f756e64	14896
206372756465	14897
20417661696c61626c65	14898
207377696d6d696e67	14899
20696e636c7573696f6e	14900
20616476616e636573	14901
63756c6174696f6e	14902
20636f6e736572766174696f6e	14903
206f76657264	14904
2042756666616c6f	14905
41727469636c65	14906
65646765	14907
20617761	14908
204d616469736f6e	14909
207369646577	14910
20636174617374	14911
204b72697374	14912
75636c65	14913
2048696768776179	14914
20546572726f72	14915
2061637469766174696f6e	14916
20756e636f6e7363696f7573	14917
20536174616e	14918
20537573616e	14919
696c6c657279	14920
20617272616e676564	14921
696f70	14922
2072756d6f7273	14923
757272696e67	14924
7468696e6b	14925
204b65697468	14926
204b696e64	14927
2061766f6964696e67	14928
62796e	14929
6e7574	14930
20537065616b6572	14931
727573	14932
6e616d6573	14933
206775696c74	14934
204f6c796d70696373	14935
207361696c	14936
204d6573	14937
6c6576616e74	14938
20436f6c756d627573	14939
616674	14940
43697479	14941
536f757468	14942
20486172766579	14943
2050756e	14944
5365766572616c	14945
206d656e74616c6c79	14946
20696d7072657373	14947
6d6f756e74	14948
205562756e7475	14949
e28094e28094e28094e28094e28094e28094e28094e28094	14950
2053757065726d616e	14951
204d5073	14952
20696e74656e74696f6e73	14953
20526163696e67	14954
206c696b656c69686f6f64	14955
20323430	14956
546f74616c	14957
20746f7973	14958
20576174736f6e	14959
2075726765	14960
4c656172	14961
205061706572	14962
206f6363757272696e67	14963
2042656e67	14964
2043657274	14965
2073746f6e6573	14966
54696d	14967
205477696e	14968
7a62	14969
2044796e616d	14970
20706f6c6974696369616e	14971
6b656e73	14972
20456e7465727072697365	14973
5554455253	14974
2061626f6c	14975
2072656672657368	14976
20617262697472617279	14977
70656374696f6e	14978
2074726f75626c6573	14979
207d293b	14980
7476	14981
2070696c6f7473	14982
2064697374726962757465	14983
206175646974	14984
207061757365	14985
6f726967696e616c	14986
20726976616c73	14987
c2a3	14988
466967	14989
544c	14990
6162696c	14991
7279696e67	14992
4c696e	14993
696f6e6564	14994
6c6f6e	14995
2066616e6379	14996
2063726173686564	14997
207472616374	14998
2073686564	14999
20636f6e73756d65	15000
4261736564	15001
646f776e6c6f6164	15002
696e6974	15003
20766f6c74616765	15004
496e74726f6475	15005
20636f6e64656d6e6564	15006
2046696e616e6365	15007
72657370656374	15008
206578636c75646564	15009
2065737461626c697368696e67	15010
6865726963	15011
206865726974616765	15012
2073706563746163756c6172	15013
20756e7374	15014
20536e6f7764656e	15015
204c616e65	15016
53616e	15017
2070726f74656374696f6e73	15018
737472756374696f6e	15019
696e63696e6e	15020
206d6163726f	15021
437573746f6d	15022
696f73697479	15023
20657370	15024
2066756e6374696f6e696e67	15025
206d757368	15026
2070757a7a6c65	15027
206574686963616c	15028
4d616c	15029
20676f7665726e696e67	15030
204665726775736f6e	15031
20726573746f726564	15032
207374726573736564	15033
20436f756e746572	15034
204b6173	15035
636c6970	15036
414e53	15037
207365697a	15038
554b	15039
62797373	15040
6f6c646f776e	15041
617069	15042
207065726d616e656e746c79	15043
6f756e74657273	15044
57657374	15045
5468726f756768	15046
4c69676874	15047
61746f6573	15048
206e656174	15049
20636f7264	15050
75726572	15051
207365766572656c79	15052
204176656e	15053
20696e746572726f67	15054
20747269706c65	15055
476976656e	15056
4e756d626572	15057
206172697365	15058
2073686572	15059
706c616e74	15060
20666c6f776572	15061
20436f75	15062
20617465	15063
206e65776572	15064
62756c	15065
206d65616e7768696c65	15066
204c616972	15067
2061646a7573746d656e74	15068
20436f70797269676874	15069
20646976657273	15070
696f6c6f676963616c	15071
2067616d657273	15072
6f6174	15073
20686973746f726963616c6c79	15074
20616e616c6f67	15075
206c6f6e6774696d65	15076
20707265736372697074696f6e	15077
204d697374	15078
204879706572	15079
204d61696e65	15080
204465697479	15081
206d756c7469706c	15082
205265696e6361726e	15083
20487964	15084
20506963	15085
53696c	15086
72616e7473	15087
2043726973	15088
2e3b	15089
287b	15090
6570656e64656e6365	15091
2072656379	15092
6174657572	15093
2071756164	15094
20676c6f62	15095
20636f6e636564	15096
7465616d	15097
206361706974616c697374	15098
204c6f74	15099
20726f79616c	15100
204379626572	15101
20626c61636b73	15102
6d65746963	15103
726976	15104
2044616e6e79	15105
2073706f	15106
20524f	15107
20616e696d61746564	15108
727970746564	15109
20446570757479	15110
2072656e6465726564	15111
4645	15112
2073747265616b	15113
20636c6f756473	15114
20446f7567	15115
7e7e7e7e7e7e7e7e	15116
20646973636f7572	15117
20566568	15118
2070737963686f6c6f6779	15119
204a6f75726e6579	15120
206372797374616c	15121
2046726f7374	15122
20737573706963696f6e	15123
2072656c617465	15124
6f727573	15125
204372797074	15126
204e5649444941	15127
636f6d6564	15128
7574696e67	15129
696e63696e6e617469	15130
2076756c6e65726162696c697479	15131
6f73746963	15132
2069736f6c6174696f6e	15133
20636f6f6c696e67	15134
20436f616c6974696f6e	15135
20313139	15136
466f7572	15137
204465616c	15138
20e289	15139
73656d626c65	15140
72616d656e74	15141
2042617263656c6f6e61	15142
20313032	15143
20636f6361696e65	15144
6f63616c79707365	15145
466562	15146
6f67656e6963	15147
206d75746174696f6e	15148
2063727970746f63	15149
204b656c	15150
20476974	15151
616973	15152
2073697374657273	15153
414e4b	15154
206163746976617465	15155
546572	15156
206472656164	15157
796c6f6e	15158
2070726f707269	15159
41757374	15160
2044656661756c74	15161
206f7574646f6f72	15162
207368656572	15163
6365697665	15164
2067656e746c79	15165
d0be	15166
50726f6772616d	15167
20e28692	15168
20766567616e	15169
2043727573	15170
20726573706f6e736962696c6974696573	15171
204852	15172
4f4c44	15173
2070726576656e7473	15174
207374696666	15175
2057657265	15176
206174686c65746963	15177
2053636f7265	15178
20293a	15179
20636f6c756d6e73	15180
204c6f63	15181
617661696c61626c65	15182
204672616d	15183
2053657373696f6e73	15184
20636f6d70616e696f6e	15185
207061636b73	15186
313430	15187
204b6e6967687473	15188
2066617274	15189
2073747265616d73	15190
2073686f7265	15191
2061707065616c73	15192
20506572666f726d616e6365	15193
6861756c	15194
2053747261	15195
204e6167	15196
313033	15197
205472616e73706f72746174696f6e	15198
4242	15199
4576	15200
7a616e	15201
5075626c6963	15202
207477696e	15203
756c73696f6e	15204
4d756c74	15205
20656c656374726f	15206
20737461747565	15207
6174696f6e616c6c79	15208
204e6f7274	15209
20696e7370656374696f6e	15210
2f2a	15211
69677565	15212
20636f6d70617373696f6e	15213
2054616c6573	15214
20537465696e	15215
2053637265656e	15216
20427567	15217
204c696f6e	15218
6769726c	15219
207769746864726177616c	15220
206f626a65637469766573	15221
20626c6f6f6479	15222
207072656c696d696e617279	15223
206a61636b6574	15224
2064696d656e73696f6e73	15225
20436f6f6c	15226
204f63637570	15227
20777265636b	15228
20646f75626c6564	15229
616e6b696e67	15230
2031393735	15231
20676c6173736573	15232
2057616e67	15233
70726f76	15234
50617468	15235
636f6e6e6563746564	15236
204d756c7469	15237
204e6f72776179	15238
61676f6e697374	15239
20666561726564	15240
20746f756368696e67	15241
206172677561626c79	15242
c2afc2afc2afc2afc2afc2afc2afc2af	15243
204e434141	15244
6368656d	15245
2073706174	15246
20575745	15247
2043656c	15248
6967676572	15249
2061747461636b6572	15250
204a6f696e	15251
6f626a656374	15252
65747461	15253
20656c696d696e61746564	15254
646574	15255
206465737472756374	15256
204c75636173	15257
637475617279	15258
313830	15259
204272616479	15260
20426c756573	15261
426179	15262
61756b6565	15263
2074696d656c696e65	15264
2064656c656761746573	15265
7772697474656e	15266
756666696369656e74	15267
20736861706573	15268
436f70797269676874	15269
6f75626c65	15270
73657276696365	15271
2070696f6e65	15272
20636f6c6c65676573	15273
20726f7773	15274
207370697465	15275
206173736573736564	15276
333630	15277
206c65617365	15278
20636f6e666964656e7469616c	15279
636b6572	15280
204d616e6e696e67	15281
20566f696365	15282
207365616c6564	15283
2063616c63756c617465	15284
4e4f	15285
20417373697374616e74	15286
207465656e61676572	15287
756c656e74	15288
6174686572696e65	15289
206d6f636b	15290
206469616d6f6e64	15291
2066657374	15292
207377697463686564	15293
20726573756d65	15294
2050756572746f	15295
206c616e6573	15296
69726174696f6e	15297
2053696d696c61726c79	15298
20726f64	15299
2053656c	15300
2050616c616365	15301
204c696d69746564	15302
656f7573	15303
2076617269616e74	15304
2077617264	15305
202929	15306
53686f77	15307
4f4f4b	15308
416c6578	15309
204e6570	15310
62726973	15311
2057696b697065646961	15312
20657863657074696f6e616c	15313
206d616e61676573	15314
2044726177	15315
416761696e	15316
20636f70706572	15317
757474	15318
206578706f727473	15319
20706f7274666f6c696f	15320
20656c657661746564	15321
5261746564	15322
204f7468657277697365	15323
2054616374	15324
205368656c	15325
205458	15326
22e28094	15327
207265737572	15328
205761	15329
76656e616e74	15330
206d6f6e6574617279	15331
70656f706c65	15332
456d61696c	15333
206669667479	15334
205377656574	15335
204d616c6179736961	15336
20636f6e667573696e67	15337
2052696f	15338
756461	15339
7574656e616e74	15340
22293b	15341
2070726169736564	15342
20766f6c756d6573	15343
7475726e	15344
206d6174757265	15345
206e6f6e70726f666974	15346
2070617373696f6e617465	15347
2050726976617465	15348
20313033	15349
2064657363656e64	15350
e7a59e	15351
75666679	15352
686561646564	15353
57686574686572	15354
7269656e	15355
7a656368	15356
62656974	15357
206368726f6d	15358
204d634d	15359
2064616e63696e67	15360
20656c6567	15361
204e6f7469636564	15362
313135	15363
206164766f63616379	15364
454e5453	15365
616d626c696e67	15366
204d696e6f72	15367
2046696e6e	15368
207072696f726974696573	15369
2074686572656f66	15370
205374616765	15371
20526f67657273	15372
2073756273746974757465	15373
204a6172	15374
204a6566666572736f6e	15375
206c696768746c79	15376
313032	15377
204c697361	15378
75697473	15379
79736963616c	15380
20736869667473	15381
2064726f6e6573	15382
20776f726b706c616365	15383
207265736964	15384
656e736564	15385
61686e	15386
20707265666572656e636573	15387
736572766572	15388
2064656261746573	15389
646f63	15390
20476f6473	15391
2068656c69636f70746572	15392
20686f6e6f7572	15393
20636f6e736964657261626c79	15394
65646564	15395
2046656d616c65	15396
20416e6e65	15397
207265756e	15398
2046616365	15399
2048616c6c6f77	15400
20427564676574	15401
20636f6e64656d6e	15402
2074656e646572	15403
50726f66	15404
6f637261746963	15405
205475726e6572	15406
204167726963	15407
2031393736	15408
20617074	15409
64697363	15410
2046696768746572	15411
20417572	15412
2067617262616765	15413
696e707574	15414
204b61726c	15415
204f6c69766572	15416
204c616e6775616765	15417
6b6e	15418
4e6f6e	15419
20436c6172	15420
20747261646974696f6e73	15421
206164766572746973656d656e74	15422
20536f72	15423
2061726368697665	15424
2076696c6c61676573	15425
373530	15426
20696d706c656d656e74696e67	15427
7761756b6565	15428
2064696574617279	15429
20737769746368696e67	15430
52657075626c6963	15431
2076656c6f63697479	15432
20636974	15433
20417761726473	15434
2066696e616e63696e67	15435
206c6173746564	15436
295d	15437
2072656d696e646572	15438
506572736f6e	15439
20707265636973696f6e	15440
2064657369676e657273	15441
204672696564	15442
20426f72646572	15443
20747261676963	15444
207769656c64	15445
20696e697469617469766573	15446
2054616e6b	15447
776572	15448
206a6f696e73	15449
526f	15450
696e657279	15451
206172726f77	15452
2067656e65726174696e67	15453
666f756e646572	15454
207365617263686573	15455
2072616e646f6d6c79	15456
416363657373	15457
206261746368	15458
20706f736564	15459
6c6174	15460
207075727375696e67	15461
617361	15462
20746573746966696564	15463
666f726d696e67	15464
2053686172	15465
77696b69	15466
20456974686572	15467
536f6d6574696d6573	15468
2073656e61746f7273	15469
204a6f686e6e79	15470
2054616c6962616e	15471
20475053	15472
223a222f	15473
e381aee5	15474
20616e616c797a6564	15475
20527562696f	15476
204d6f76656d656e74	15477
6f70617264	15478
696969	15479
5374616e64	15480
6669676874	15481
2069676e6f72696e67	15482
69616e67	15483
20474e	15484
736f65766572	15485
2053544154	15486
207265667573696e67	15487
207377656174	15488
20626179	15489
504f5254	15490
69726d6564	15491
616b79	15492
2064697370726f	15493
206c6162656c6564	15494
20313038	15495
48656c6c6f	15496
20706c656173616e74	15497
616261	15498
20747269756d7068	15499
2061626f617264	15500
20696e636f6d	15501
2043726f77	15502
6c657474	15503
20666f6c6b	15504
206368617365	15505
6060	15506
2042727573	15507
207465656e73	15508
637565	15509
207465727261696e	15510
687964	15511
696c69676874	15512
4f5259	15513
537570706f7274	15514
657773	15515
6c6c69	15516
7261696e7473	15517
2043616e64	15518
20616275736564	15519
6163686d656e74	15520
6c617267	15521
426173	15522
2043616e636572	15523
2031393738	15524
20737570706f72746572	15525
616363657373	15526
205465726d696e	15527
2054616d7061	15528
20414e59	15529
206e6577657374	15530
204372696d696e616c	15531
656475	15532
2031393330	15533
2061646d697473	15534
20656e6465	15535
206661696c75726573	15536
7572617465	15537
66756c6e657373	15538
6379636c	15539
205375626a656374	15540
20696e66696e697465	15541
7468726565	15542
5741	15543
706974	15544
20496e7374616c6c	15545
526164	15546
696c696174696f6e	15547
474d	15548
20636f6e74696e656e74	15549
206163636f6d6d6f64617465	15550
20436c6179	15551
20707570	15552
2046756e6374696f6e	15553
2068616d6d6572	15554
20416c6265727461	15555
2072657669736564	15556
206d696e6f726974696573	15557
206d6561737572656d656e74	15558
436f6e6e656c6c	15559
2064697361626c65	15560
204d6978	15561
496e637265	15562
20666f726b	15563
20526f73656e	15564
20696d706c696573	15565
756d626c72	15566
414e47	15567
2070726f7465696e73	15568
2061676772657373696f6e	15569
20666163696c6974617465	15570
534e	15571
20696c6c6567616c6c79	15572
756572	15573
2061636164656d	15574
2070757a7a	15575
205368696674	15576
706179	15577
6f6c6c6f	15578
2061756469656e636573	15579
4275696c64	15580
206e6f626c65	15581
2073796e746178	15582
e29885	15583
206265616d	15584
20426564	15585
20416c64	15586
206f726967696e73	15587
766964656f	15588
2031393737	15589
2041737361756c74	15590
20676172616765	15591
5465616d	15592
2076657264696374	15593
2064776172	15594
205669727475616c	15595
6576656e74	15596
4b656570	15597
2073656e74696d656e74	15598
2077696c646c696665	15599
7368697274	15600
2062757267	15601
207265636f6d6d656e646174696f6e	15602
726570726573656e74	15603
2067616c6c657279	15604
6f776e657273	15605
207363686f6c6172	15606
20636f6e76656e69656e6365	15607
205377696674	15608
20636f6e76696e63	15609
436170	15610
2077617266617265	15611
2056697375616c	15612
20636f6e73746974757465	15613
2061626f7274	15614
2057656174686572	15615
204c6f6f6b696e67	15616
2048656d	15617
206d61727469616c	15618
20696e636f6d696e67	15619
65746974696f6e	15620
20746f6c6572616e6365	15621
2043726561746564	15622
20666c6f7773	15623
20456c646572	15624
20736f756c73	15625
20666f756c	15626
205061696e	15627
2043414e	15628
20323230	15629
6263	15630
68656e64	15631
2067656e697573	15632
5265616c	15633
205772	15634
6f6d65746572	15635
706164	15636
206c696d6974696e67	15637
205369	15638
204c6f7265	15639
20416476656e7475726573	15640
20766172696564	15641
44697363	15642
66696e	15643
20506572736f6e616c	15644
4368726973	15645
20696e76656e746564	15646
2064697665	15647
2052697365	15648
206f7a	15649
20436f6d696373	15650
206578706f7365	15651
20526562	15652
6c657474657273	15653
73697465	15654
696d61746564	15655
206861636b696e67	15656
206564756361746564	15657
204e6f626f6479	15658
206465707269	15659
20696e63656e74697665	15660
e382b7	15661
206f7665727369676874	15662
20747269626573	15663
2042656c6769756d	15664
206c6963656e73696e67	15665
6f757274	15666
50726f64756374	15667
61686c	15668
2047656d	15669
207370656369616c697374	15670
20637261	15671
616e6e657273	15672
20436f7262796e	15673
2031393733	15674
52454144	15675
2073756d6d6172	15676
206f7665726c6f6f6b	15677
204170706c69636174696f6e	15678
20696e617070726f707269617465	15679
20646f776e6c6f61646564	15680
517565	15681
204265617273	15682
207468756d62	15683
20436861726163746572	15684
205265696e6361726e61746564	15685
20536964	15686
2064656d6f6e73747261746573	15687
736b79	15688
20426c6f6f6d62657267	15689
204172726179	15690
20526573756c7473	15691
20466f75727468	15692
20454454	15693
204f73636172	15694
63656e64	15695
20313036	15696
204e554c4c	15697
2048455245	15698
6d61746368	15699
204272756e	15700
20676c75636f7365	15701
696567	15702
656775	15703
20636572746966696564	15704
2072656c6965	15705
2068756d616e6974617269616e	15706
2070726179657273	15707
4b696e67	15708
206e616e	15709
686f75	15710
313038	15711
756c75	15712
2072656e657761626c65	15713
2064697374696e6775697368	15714
2064656e7365	15715
2056656e74	15716
205061636b616765	15717
20426f7373	15718
20656469746f7273	15719
206d696772	15720
547261	15721
20506574657273	15722
20417263746963	15723
32303034	15724
2043617065	15725
206c6f63616c6c79	15726
206c617374696e67	15727
2068616e6479	15728
2e292e	15729
50616e	15730
20524553	15731
496e646578	15732
2074656e73696f6e73	15733
20666f726d65726c79	15734
206964656f6c6f676963616c	15735
2073656e736f7273	15736
206465616c657273	15737
20646566696e6573	15738
536b	15739
2070726f6365656473	15740
2070726f7879	15741
617a696e6573	15742
2042617368	15743
20506164	15744
204372616674	15745
65616c6f7573	15746
20736865657473	15747
6f6d65747279	15748
4a756e65	15749
636c6f636b	15750
5454	15751
2054686561747265	15752
2042757a7a	15753
206368617074657273	15754
206d696c6c656e6e	15755
20646f756768	15756
20436f6e6772657373696f6e616c	15757
20696d6167696e6564	15758
6176696f72	15759
20636c696e6963	15760
2031393435	15761
20686f6c646572	15762
726f6f74	15763
6f6c6573746572	15764
2072657374617274	15765
424e	15766
2048616d6173	15767
204a6f62	15768
206f7262	15769
2072616d	15770
20646973636c6f7365	15771
207472616e736c617465	15772
20696d6d696772616e74	15773
20616e6e6f79696e67	15774
20747265617479	15775
616e69756d	15776
20546561	15777
204c6567696f6e	15778
2063726f776473	15779
20426563	15780
20416572	15781
6f687964	15782
42726f	15783
4c6f6f6b696e67	15784
206c6273	15785
2061676772657373	15786
207365616d	15787
20696e74657263657074	15788
204d49	15789
6d65726369616c	15790
6163746976	15791
20436974	15792
2064696d656e73696f6e	15793
20636f6e73697374656e6379	15794
2072757368696e67	15795
20446f75676c6173	15796
207472696d	15797
496e7374616c6c	15798
69636b6572	15799
20736879	15800
313036	15801
206d656e74696f6e73	15802
70656c6c6564	15803
2054616b	15804
636f7374	15805
20636c617373726f6f6d	15806
20666f7274756e65	15807
64726976656e	15808
20756e6c65	15809
20576865656c	15810
20696e766573746f72	15811
204d617374657273	15812
6b6974	15813
206173736f63696174696f6e73	15814
2045766f6c7574696f6e	15815
6f70696e67	15816
75736372697074	15817
2070726f76696e6369616c	15818
2057616c746572	15819
617669	15820
534f	15821
20756e6c696d69746564	15822
456e676c697368	15823
204361726473	15824
2045626f6c61	15825
6e65726564	15826
20726576656e6765	15827
206f75747269676874	15828
756d706572	15829
2066697474696e67	15830
20536f6c6964	15831
20666f726d616c6c79	15832
2070726f626c656d61746963	15833
2068617a617264	15834
20656e6372797074696f6e	15835
207374726169676874666f7277617264	15836
20414b	15837
20707365	15838
204f7262	15839
204368616d626572	15840
204d616b	15841
436f6e74656e7473	15842
206c6f79616c7479	15843
206c7972696373	15844
2053796d	15845
2077656c636f6d6564	15846
20636f6f6b6564	15847
206d6f6e6f70	15848
206e75727365	15849
206d69736c656164696e67	15850
20657465726e616c	15851
207368696674696e67	15852
202b3d	15853
566973	15854
20696e737469747574696f6e616c	15855
696c6c617279	15856
2070616e74	15857
56455254	15858
20414343	15859
20456e68	15860
20696e636f6e	15861
2052455554455253	15862
20646f6e61746564	15863
e280a6e280a6e280a6e280a6	15864
496e7465726e	15865
2065786869626974	15866
2074697265	15867
20526963	15868
204368616d70696f6e	15869
204d7568616d6d6164	15870
4e494e47	15871
20536f63636572	15872
206d6f62696c697479	15873
2076617279696e67	15874
204d6f766965	15875
206c6f7264	15876
6f616b	15877
4669656c64	15878
20766563746f72	15879
7573696f6e73	15880
207363726170	15881
20656e61626c696e67	15882
6d616b65	15883
546f72	15884
2e2a	15885
7c7c	15886
2057656273697465	15887
204e5043	15888
20736f6369616c697374	15889
2042696c6c79	15890
204164646974696f6e616c	15891
20636172676f	15892
206661726d73	15893
20536f6f6e	15894
205072697a65	15895
206d69646e69676874	15896
20393030	15897
7365656e	15898
2053706f74	15899
207368656570	15900
2073706f6e736f726564	15901
204869	15902
204a756d70	15903
2031393637	15904
4d6963726f736f6674	15905
204167656e74	15906
20636861727473	15907
646972	15908
2061646a6163656e74	15909
20747269636b73	15910
206d616e6761	15911
2065786167676572	15912
2f3e	15913
666f6f7462616c6c	15914
20464343	15915
4743	15916
2054696572	15917
616e647261	15918
4f554e44	15919
25292c	15920
20667275697473	15921
5643	15922
204141	15923
526f626572	15924
206d69647374	15925
e297	15926
616e6b61	15927
206c656769736c6174757265	15928
204e65696c	15929
20746f757269737473	15930
2222	15931
205761726e696e67	15932
204e657665727468656c657373	15933
204f6666696369616c	15934
205768617465766572	15935
206d6f6c64	15936
2064726166746564	15937
207375627374616e636573	15938
206272656564	15939
2074616773	15940
205461736b	15941
2076657262	15942
206d616e756661637475726564	15943
636f6d6d656e7473	15944
20506f6c697368	15945
50726f76	15946
2064657465726d696e6573	15947
4f62616d61	15948
6b657273	15949
2075747465726c79	15950
2073656374	15951
73636865	15952
204761746573	15953
2043686170	15954
20616c756d696e756d	15955
207a6f6d626965	15956
20546f756368	15957
205550	15958
2073617469736679	15959
20707265646f6d696e	15960
61736372697074	15961
20656c61626f72617465	15962
2031393638	15963
206d6561737572696e67	15964
2056617269	15965
616e79616875	15966
20736972	15967
756c61746573	15968
6964676573	15969
69636b657473	15970
205370656e636572	15971
544d	15972
6f7562746564	15973
2070726579	15974
20696e7374616c6c696e67	15975
20436162	15976
72656564	15977
726561746564	15978
53757070	15979
207772697374	15980
204b65727279	15981
313037	15982
204b6c65	15983
2052616368656c	15984
20636f74746f6e	15985
20415245	15986
20456c65	15987
436f6e74726f6c	15988
206c6f616473	15989
20446f64	15990
616e6173	15991
626f6e65	15992
20636c6173736963616c	15993
20526567696f6e616c	15994
20496e746567	15995
564d	15996
2064657369726573	15997
2061757469736d	15998
737570706f72746564	15999
204d657373616765	16000
20636f6d70616374	16001
777269746572	16002
20313039	16003
20487572726963616e65	16004
636973696f6e	16005
206379636c6573	16006
206472696c6c	16007
20636f6c6c6561677565	16008
206d616b6572	16009
4765726d616e	16010
206d697374616b656e	16011
53756e	16012
20476179	16013
2077686174736f65766572	16014
2073656c6c73	16015
204169726c	16016
6c6976	16017
204f7074696f6e	16018
20736f6c766564	16019
20736563746f7273	16020
20686f72697a6f6e74616c	16021
206571756174696f6e	16022
20536b696c6c	16023
2042696f	16024
67656d656e74	16025
20536e6170	16026
204c6567616c	16027
2074726164656d61726b	16028
206d616b657570	16029
20617373656d626c6564	16030
207361766573	16031
2048616c6c6f7765656e	16032
205665726d6f6e74	16033
2046524f4d	16034
206661726d696e67	16035
20506f6463617374	16036
61636365707461626c65	16037
20486967686572	16038
2061736c656570	16039
756c6c6976616e	16040
207265666572656e	16041
204c6576	16042
2062756c6c657473	16043
6f6b6f	16044
4843	16045
20737461697273	16046
206d61696e7461696e73	16047
204c6f776572	16048
205669	16049
206d6172696e65	16050
206163726573	16051
20636f6f7264696e61746f72	16052
204a6f68	16053
20636f756e7465727061727473	16054
2042726f7468657273	16055
20696e64696374	16056
627261	16057
206368756e6b	16058
2063656e7473	16059
486f6d65	16060
204d6f6e7468	16061
206163636f7264696e676c79	16062
69666c6573	16063
204765726d616e73	16064
2053796e	16065
487562	16066
2065796562	16067
e29480e29480e29480e29480	16068
2072616e676573	16069
20486f6c6c616e64	16070
20526f626f74	16071
6663	16072
4d696b65	16073
20706c61736d61	16074
2073776170	16075
206174686c657465	16076
2052616d73	16077
2c2722	16078
20696e66656374696f6e73	16079
20636f72726964	16080
20766962	16081
2070617463686573	16082
20747261646974696f6e616c6c79	16083
20726576656c6174696f6e	16084
207377656570	16085
20676c616e6365	16086
20696e6578	16087
32303033	16088
20526177	16089
776f726b696e67	16090
6f7375726573	16091
20446174	16092
204c796e6368	16093
206c65766572616765	16094
2052656964	16095
20636f7272656c6174696f6e	16096
69616e636573	16097
617661736372697074	16098
207265706f7369746f7279	16099
7265747479	16100
2031393732	16101
323430	16102
206f756e	16103
706f6c	16104
2052656564	16105
20746163746963616c	16106
6973697465	16107
4170706c65	16108
205175696e6e	16109
207261706564	16110
696c6c6f	16111
4575726f7065	16112
20616c676f726974686d73	16113
20526f64726967	16114
6975	16115
20696c6c756d	16116
2066616d65	16117
20696e74726f647563696e67	16118
2064656c617973	16119
2052616964657273	16120
2077686973746c65	16121
206e6f76656c73	16122
205265616c6c79	16123
206465726976	16124
207075626c69636174696f6e73	16125
204e656974686572	16126
20436f6d6d65726365	16127
206173746f6e	16128
6c616e6775616765	16129
4e6f746573	16130
20526f7468	16131
2046656172	16132
206d617465	16133
20706172616465	16134
205142	16135
206d616e6575	16136
2043696e63696e6e617469	16137
6d697474696e67	16138
207761697374	16139
20526577	16140
20646973636f6e74	16141
d0b0	16142
2073746172696e67	16143
20616c696173	16144
2073656375726974696573	16145
20746f696c6574	16146
204a656469	16147
20756e6c6177	16148
7669736564	16149
2f2f2f2f2f2f2f2f	16150
5d28	16151
205765697373	16152
207072657374	16153
20436f6d70616e	16154
206d656d6f	16155
204772616365	16156
4a756c79	16157
20456c697465	16158
63656e746572	16159
2053746179	16160
2067616c617879	16161
20746f6f7468	16162
2053657474696e6773	16163
207375626a6563746564	16164
e382a6	16165
206c696e656261636b	16166
2072657461696c657273	16167
2057616e74	16168
2064616e67657273	16169
416972	16170
20766f6c756e74617279	16171
65776179	16172
20696e746572707265746564	16173
6f74696e65	16174
c3a7	16175
2070656c	16176
53657276696365	16177
204576656e7475616c6c79	16178
2063617265657273	16179
20746872656174656e	16180
206d656d6f72	16181
20427261646c6579	16182
616e63696573	16183
736e	16184
20556e6b6e6f776e	16185
4e6174696f6e616c	16186
20736861646f7773	16187
61696c616e64	16188
2044617368	16189
45766572796f6e65	16190
697a7a617264	16191
4d61726368	16192
3d28	16193
2070756c6c73	16194
20737472616e676572	16195
206261636b7761726473	16196
204265726e617264	16197
696d656e73696f6e616c	16198
206368726f6e	16199
207468656f7265746963616c	16200
6b746f70	16201
2077617265	16202
20496e766573746967	16203
20496e697469	16204
204f7065726174696f6e73	16205
6f76656e	16206
6f63696465	16207
2a2f	16208
20666c616d6573	16209
2043617368	16210
73686974	16211
20636162	16212
20416e616c79	16213
2053656168	16214
20646566696e696e67	16215
206f72646572696e67	16216
20696d6d756e	16217
2070657273697374656e74	16218
414348	16219
5275737369616e	16220
6d616e73	16221
2068696e64	16222
2070686f746f677261706879	16223
c2a9	16224
20687567	16225
20313037	16226
2048656e6365	16227
696f7473	16228
7564656175	16229
20737562736964696573	16230
20726f7574696e656c79	16231
20446576696365	16232
69746963	16233
2064697367757374	16234
6c616e646572	16235
2031393430	16236
2061737369676e6d656e74	16237
2042657369646573	16238
7769636b	16239
2044757374	16240
757363	16241
7374727563746564	16242
313131	16243
646576656c6f70	16244
20666f6e64	16245
20696e74657273656374696f6e	16246
206469676e697479	16247
20636f6d6d697373696f6e6572	16248
576974686f7574	16249
7265616368	16250
20636172746f6f6e	16251
207363616c6573	16252
e383ad	16253
464947	16254
2073757276657973	16255
20496e646f6e65736961	16256
20617274776f726b	16257
20756e6368	16258
206379636c696e67	16259
756e6374	16260
61756572	16261
6f72617465	16262
204f6276696f75736c79	16263
20636861726163746572697a6564	16264
66656c64	16265
2061666669726d	16266
20696e6e696e6773	16267
20e9	16268
20616c69656e73	16269
20636c6f7468	16270
65746f6f7468	16271
204365727461696e	16272
c2a7	16273
20646967657374	16274
6b6e6f77	16275
20584c	16276
2070726564696374696f6e73	16277
2064696e	16278
574152	16279
2061667465726d617468	16280
4578616d706c65	16281
2053756363657373	16282
20546872	16283
49474e	16284
206d696e6572	16285
427573	16286
20636c6172697479	16287
6865696d6572	16288
204f5554	16289
2053656e64	16290
20436972636c65	16291
2044696574	16292
2070726f6e6f756e636564	16293
2063726561746f7273	16294
2065617274687175616b65	16295
617474657279	16296
67656f6e73	16297
206f64	16298
206c6179696e67	16299
6f7270	16300
556c74	16301
70726f6a656374	16302
20756e6465726d696e	16303
2073657175656c	16304
53616d	16305
204461726b6e657373	16306
20726563657074696f6e	16307
62756c6c	16308
5953	16309
20566972	16310
2073657175656e636573	16311
20436f696e	16312
206f7574666974	16313
2057616974	16314
313139	16315
2064656c6976657273	16316
2e2e2e2e2e2e	16317
20626c6f776e	16318
20457363	16319
204d617468	16320
7065726d	16321
20556c	16322
20676c696d	16323
2066616369616c	16324
20677265656e686f757365	16325
20746f6b656e73	16326
2f2d	16327
20416e6e75616c	16328
204f4e45	16329
207465656e616765	16330
20506879736963616c	16331
204c616e67	16332
2043656c74	16333
2073756564	16334
6976696475616c6c79	16335
2070617469656e6365	16336
6368616972	16337
726567756c6172	16338
20617567	16339
696e76	16340
657863657074	16341
204c696c	16342
206e657374	16343
6664	16344
73756d	16345
204368617365	16346
527573736961	16347
204a656e6e69666572	16348
206f6666736561736f6e	16349
4f766572616c6c	16350
466f7265	16351
2072696f74	16352
417564	16353
666f726d6572	16354
20646566656e64657273	16355
204354	16356
696f746963	16357
7269626c79	16358
206175746f6d61746564	16359
2070656e6973	16360
20696e73697374	16361
206469616772616d	16362
2053514c	16363
2047617263	16364
207769746368	16365
636c69656e74	16366
6965727261	16367
616d62657273	16368
207265636f756e74	16369
666172	16370
56657279	16371
6f737465726f6e65	16372
206170707265636961746564	16373
2050657266656374	16374
53656374696f6e	16375
20646f736573	16376
6f6361757374	16377
20636f73746c79	16378
206772616d73	16379
20536869	16380
2077726573746c696e67	16381
2031393731	16382
2074726f706879	16383
206e65727665	16384
204b617a	16385
20457870657269656e6365	16386
20706c6564676564	16387
20706c61796261636b	16388
2063726561746976697479	16389
627965	16390
2061747461636b657273	16391
20686f6c64657273	16392
20436f616368	16393
20506844	16394
207472616e7366657273	16395
20636f6c6f726564	16396
2048696e6475	16397
2064726f776e	16398
206c697374656e6564	16399
205741	16400
6961736d	16401
504f	16402
2061707065616c696e67	16403
20646973636c6f736564	16404
20436869636b656e	16405
616767696e67	16406
20706c6561646564	16407
206e617669676174696f6e	16408
2052657475726e73	16409
205b5b	16410
524f52	16411
4541	16412
2070686f746f67726170686572	16413
205269646572	16414
697070657273	16415
20736c696365	16416
206572656374	16417
20686564	16418
697373616e6365	16419
2056696b696e6773	16420
7572696f7573	16421
206170706574	16422
6f75627465646c79	16423
4368696c64	16424
2061757468656e746963	16425
6f6f73	16426
204d616b696e67	16427
20616e6e6f756e63696e67	16428
20626f64	16429
206d65746572	16430
204e696e65	16431
20526f677565	16432
20776f726b666f726365	16433
2072656e65776564	16434
206f7267616e69736174696f6e73	16435
616373	16436
504c45	16437
53686f7274	16438
20636f6d706f756e6473	16439
205669736974	16440
20656e76656c6f70	16441
6561727468	16442
20737570706f7274697665	16443
67676c65	16444
204272757373656c73	16445
204775696c64	16446
437265617465	16447
52454c	16448
206176657261676564	16449
2031393639	16450
726961676573	16451
206c656e67746879	16452
20666f72676f74	16453
4f6b6179	16454
20457264	16455
206465616c6572	16456
20726563657373696f6e	16457
4444	16458
206465737065726174656c79	16459
2068756e676572	16460
20737469636b73	16461
206d7068	16462
204661697468	16463
20696e74656e74696f6e616c6c79	16464
2064656d6f6c	16465
75656c6c6572	16466
2053616c65	16467
20646562726973	16468
737072696e67	16469
206c656170	16470
3e3e3e3e	16471
20636f6e7461696e657273	16472
73656c6c696e67	16473
72616e65616e	16474
6174746572696e67	16475
20636f6d6d656e746564	16476
20434d	16477
6f6e7574	16478
20776f6f6473	16479
657370656369616c6c79	16480
206f7267616e697a65	16481
69766963	16482
20576f6f6473	16483
616e6761	16484
737175	16485
206d616a	16486
616d6f6e	16487
2061786973	16488
2031393734	16489
2044656e6d61726b	16490
2077617272696f72	16491
2050616e64	16492
206f75746c696e6564	16493
20424f	16494
696e73756c61	16495
7a696c6c61	16496
65626f6f6b	16497
2064617265	16498
207365617263686564	16499
206e61766967617465	16500
536e	16501
77726974696e67	16502
20756e69746564	16503
4a6170616e	16504
20486562726577	16505
20666c616d65	16506
2072656c696573	16507
206361746368696e67	16508
2053686f	16509
20696d707269736f6e6d656e74	16510
20706f636b657473	16511
20636c6f73757265	16512
2046616d	16513
74696d	16514
6164657175	16515
4163746976697479	16516
2072656372756974696e67	16517
205741544348	16518
20417267656e74696e61	16519
64657374	16520
2061706f6c6f67697a65	16521
6f726f	16522
206c61636b73	16523
2074756e6564	16524
204772696666696e	16525
20696e66616d6f7573	16526
2063656c656272697479	16527
73736f6e	16528
202d2d2d2d2d2d2d2d2d2d2d2d2d2d2d2d2d2d2d2d2d2d2d2d2d2d2d2d2d2d2d2d2d2d2d2d2d2d2d2d2d2d2d2d2d2d2d2d2d2d2d2d2d2d2d2d2d2d2d2d2d2d2d2d	16529
2049736973	16530
20446973706c6179	16531
20637265646962696c697479	16532
2065636f6e6f6d696573	16533
20686561646c696e65	16534
20436f77626f7973	16535
20696e646566	16536
206c6174656c79	16537
20696e63656e7469766573	16538
627574746f6e	16539
204d6f62	16540
417574	16541
2072657369676e6564	16542
204f6d	16543
63616d70	16544
2070726f66696c6573	16545
20736368656d6573	16546
6f6c7068696e73	16547
61796564	16548
436c696e746f6e	16549
656e68	16550
205961686f6f	16551
2061627374	16552
20616e6b	16553
7375697473	16554
20776973686564	16555
204d6172636f	16556
756464656e	16557
20737068657265	16558
20426973686f70	16559
20696e636f72706f7261746564	16560
20506c616e74	16561
313134	16562
206861746564	16563
706963	16564
20646f6e617465	16565
206c696e6564	16566
206265616e73	16567
20737465616c696e67	16568
20636f7374756d65	16569
2073686572696666	16570
20666f727479	16571
20696e74616374	16572
2061646170746564	16573
2074726176656c6c696e67	16574
62617274	16575
206e6963656c79	16576
206472696564	16577
207363616c	16578
6f73697479	16579
4e4f5445	16580
204268	16581
2042726f6e636f73	16582
2049676e	16583
20696e74696d617465	16584
206368656d6973747279	16585
206f7074696d616c	16586
446562	16587
2047656e65726174696f6e	16588
205d2c	16589
69636869	16590
20576969	16591
20594f5552	16592
76656e74696f6e73	16593
5772697465	16594
20706f70756c	16595
756e6e696e67	16596
20576f72	16597
566f6c	16598
20717565656e	16599
6865616473	16600
4b4b	16601
20616e616c797a65	16602
6f706963	16603
6561726368657273	16604
20646f74	16605
6c656772617068	16606
6173746963616c6c79	16607
207570677261646573	16608
206361726573	16609
20657874656e64696e67	16610
20667265657a65	16611
20696e6162696c697479	16612
206f7267616e73	16613
2070726574656e64	16614
206f75746c6574	16615
313133	16616
6f6c616e	16617
204d616c6c	16618
756c696e67	16619
74616c6b	16620
2065787072657373696e67	16621
20416c77617973	16622
20426567696e	16623
66696c6573	16624
206c6963656e736573	16625
2525	16626
204d697474	16627
2066696c74657273	16628
204d696c7761756b6565	16629
474e	16630
20756e666f6c64	16631
4d6f	16632
206e7574726974696f6e	16633
70706f	16634
426f	16635
20666f756e64696e67	16636
20756e6465726d696e65	16637
2065617369657374	16638
20437a656368	16639
204d61636b	16640
2073657875616c697479	16641
204e69786f6e	16642
57696e	16643
2041726e	16644
204b696e	16645
e382a3	16646
69636572	16647
20666f7274756e	16648
207375726661636573	16649
61676864	16650
206361727269657273	16651
2050415254	16652
20546962	16653
20696e74657276616c	16654
206672757374726174696e67	16655
2053686970	16656
2041726d6564	16657
666665	16658
20626f617473	16659
204162726168616d	16660
696e6973	16661
20737569746564	16662
746872656164	16663
696f76	16664
6162756c	16665
2056656e657a75656c61	16666
20746f6d	16667
7375706572	16668
20636173746c65	16669
616c74686f756768	16670
696f78696465	16671
6563686573	16672
2065766f6c7574696f6e617279	16673
206e65676f7469617465	16674
20636f6e66726f6e746564	16675
52656d656d626572	16676
20313730	16677
53756368	16678
20393131	16679
6d756c74	16680
204162797373	16681
75727279	16682
6b656573	16683
73706563	16684
2042617262617261	16685
2062656c6f6e67696e67	16686
2076696c6c61696e	16687
697374616e69	16688
206163636f756e7461626c65	16689
20706f7274696f6e73	16690
204465636c	16691
5572	16692
204b617465	16693
677265	16694
206d6167617a696e6573	16695
55434b	16696
20726567756c617465	16697
6f6d6f6e	16698
20416c6d6f7374	16699
206f76657276696577	16700
20736372616d	16701
206c6f6f74	16702
204669747a	16703
206368617261637465726973746963	16704
20536e616b65	16705
736179	16706
205269636f	16707
207472616974	16708
204a6f696e6564	16709
6175637573	16710
2061646170746174696f6e	16711
204169726c696e6573	16712
20617263686165	16713
20496465	16714
2062696b6573	16715
206c69746572617279	16716
20696e666c75656e636573	16717
2055736564	16718
4372656174	16719
20706c6561	16720
20446566656e6365	16721
20417373617373	16722
20706f6e64	16723
554c54	16724
2922	16725
206576616c7561746564	16726
206f627461696e696e67	16727
2064656d6f67726170686963	16728
20766967696c	16729
616c6579	16730
2073706f757365	16731
205365616861776b73	16732
726573706f6e73	16733
2042656c74	16734
756d61746963	16735
207269736573	16736
72756e6e6572	16737
204d696368656c6c65	16738
20706f74656e74	16739
72616365	16740
20504143	16741
46696e64	16742
6f6c65737465726f6c	16743
495353	16744
20496e74726f6475636564	16745
726573736573	16746
69676e6d656e74	16747
4f73	16748
205475	16749
20446578	16750
696369646573	16751
20737061726b6564	16752
204c61757261	16753
20427279616e74	16754
20736d696c696e67	16755
204e65787573	16756
20646566656e64616e7473	16757
20436174616c	16758
20646973686573	16759
736861706564	16760
2070726f6c6f6e67	16761
6d74	16762
2824	16763
e38082	16764
2063616c63756c6174696f6e73	16765
2053616d65	16766
20706976	16767
4848	16768
2063616e63656c6c6564	16769
206772696e	16770
207465727269746f72696573	16771
6973746963616c6c79	16772
436f6d65	16773
20506172656e74	16774
50726f6a656374	16775
206e65676c6967	16776
2050726976616379	16777
20616d6d6f	16778
4c454354	16779
6f6c7574656c79	16780
2045706963	16781
206d6973756e646572	16782
77616c	16783
417072696c	16784
6d6f73	16785
7061746879	16786
20436172736f6e	16787
20616c62756d73	16788
2045617379	16789
20706973746f6c	16790
3c3c	16791
205c28	16792
746172676574	16793
68656c70	16794
20696e746572707265	16795
636f6e7363696f7573	16796
20486f7573696e67	16797
204a6f696e74	16798
313237	16799
206265657273	16800
736369656e6365	16801
2046697265666f78	16802
656666656374697665	16803
20436162696e	16804
204f6b6179	16805
204170706c6963	16806
2073706163656372616674	16807
205352	16808
766574	16809
20537472616e6765	16810
5342	16811
20636f727073	16812
69626572616c	16813
656666696369656e74	16814
2070726576616c656e6365	16815
2065636f6e6f6d69737473	16816
313138	16817
546872656164	16818
6f726461626c65	16819
4f4445	16820
2043616e74	16821
3d2d3d2d	16822
69666961626c65	16823
2041726f756e64	16824
20706f6c65	16825
2077696c6c696e676e657373	16826
434c41	16827
204b6964	16828
20636f6d706c656d656e74	16829
20736361747465726564	16830
20696e6d61746573	16831
20626c656564696e67	16832
6576657279	16833
207175657565	16834
20547261696e	16835
2068696a	16836
206d656c6565	16837
706c65746564	16838
206469676974	16839
2067656d	16840
6f6666696369616c	16841
206c696674696e67	16842
d0b5	16843
52657175	16844
697475746573	16845
207061636b6167696e67	16846
20576f726b657273	16847
6872616e	16848
204c6562616e6f6e	16849
6f6c657363	16850
2070756e6973686564	16851
204a75616e	16852
206a616d	16853
20446f63756d656e74	16854
206d617070696e67	16855
696361746573	16856
20696e6576697461626c79	16857
2076616e696c6c61	16858
20546f6e	16859
2077617463686573	16860
206c656167756573	16861
20696e69746961746564	16862
646567726565	16863
706f7274696f6e	16864
20726563616c6c73	16865
207275696e	16866
206d656c74	16867
49414e	16868
2068656d	16869
457870	16870
2062616b696e67	16871
20436f6c6f6d62	16872
617469626c65	16873
20726164697573	16874
706c7567	16875
204946	16876
65746963616c6c79	16877
2066696374	16878
484552	16879
20546170	16880
6174696e756d	16881
20696e6b	16882
20636f68	16883
2057697a617264	16884
626f7468	16885
746578	16886
207370656e6473	16887
2043757272656e746c79	16888
20506974	16889
206e6575726f6e73	16890
69676e74	16891
2072616c6c	16892
206275736573	16893
6275696c64696e67	16894
2061646a7573746d656e7473	16895
206372696564	16896
69626c6963616c	16897
6174746564	16898
205a696f6e	16899
204d6174746572	16900
206d656469746174696f6e	16901
2044656e6e6973	16902
206f757273	16903
20546162	16904
2072616e6b696e6773	16905
6f7274616c	16906
20616476657273	16907
2073757272656e646572	16908
20476f62	16909
6369756d	16910
6f6d6173	16911
696d65746572	16912
206d756c7469706c61796572	16913
206865726f696e	16914
206f7074696d6973746963	16915
20696e64696361746f72	16916
2042726967	16917
2067726f63657279	16918
206170706c6963616e74	16919
20526f636b6574	16920
766964	16921
457863657074696f6e	16922
70656e74	16923
206f7267616e697a696e67	16924
20656e636f756e74657273	16925
20544f44	16926
206a6577656c	16927
53617665	16928
204368726973746965	16929
2068656174696e67	16930
206c617a79	16931
204350	16932
20636f7573696e	16933
436f6e666967	16934
20726567656e6572	16935
206e656172657374	16936
20616368696576696e67	16937
454e53	16938
7468726f77	16939
20526963686d6f6e64	16940
616e746c65	16941
32303032	16942
20616e74656e	16943
62697264	16944
313333	16945
206e617263	16946
7261696e74	16947
756e6e79	16948
2048697370616e6963	16949
6f75726e616d656e7473	16950
2070726f706865	16951
20546861696c616e64	16952
205469	16953
20696e6a656374696f6e	16954
20696e6865726974	16955
7261766973	16956
206d656469	16957
2077686f65766572	16958
204445425547	16959
4750	16960
20487564	16961
43617264	16962
70726f6d	16963
20706f72	16964
206f76657268656164	16965
4c6177	16966
2076696f6c617465	16967
20686561746564	16968
206465736372697074696f6e73	16969
20616368696576656d656e7473	16970
2042656572	16971
205175616e74	16972
576173	16973
20656967687468	16974
204976	16975
207370656369616c697a6564	16976
555044415445	16977
2044656c7461	16978
506f70	16979
4a756c	16980
2041736b	16981
6f706879	16982
206e6577736c657474657273	16983
20546f6f6c	16984
2067617264	16985
20436f6e6665646572	16986
20474d54	16987
204162626f7474	16988
20696d6d756e697479	16989
20564d	16990
49736c616d	16991
20696d706c69636974	16992
7764	16993
2031393434	16994
726176697479	16995
6f6d6574726963	16996
20737572766976696e67	16997
75726169	16998
20507269736f6e	16999
2072757374	17000
20536b65746368	17001
2062656573	17002
205468656f7279	17003
206d65726974	17004
546578	17005
63686174	17006
206d696d	17007
207061737465	17008
204b6f6368	17009
2069676e6f72616e6365	17010
2053686f6f74	17011
20626173656d656e74	17012
556e69746564	17013
204164766973	17014
686569676874	17015
20666f73746572	17016
2064657461696e	17017
696e666f726d6174696f6e	17018
206e657572616c	17019
273b	17020
2070726f766573	17021
616c6c657279	17022
20696e7669746174696f6e	17023
756d62657273	17024
20636174746c65	17025
2062696379636c65	17026
7a69	17027
20636f6e73756c74616e74	17028
2061706f6c6f6779	17029
205469676572	17030
20313233	17031
393939	17032
20696e646976696475616c6c79	17033
7274	17034
6967696f6e	17035
204272617a696c69616e	17036
2064697374757262	17037
20656e7472657072656e65757273	17038
20666f7265737473	17039
6365727074	17040
706c61746573	17041
70686572	17042
636c69707365	17043
2074776974746572	17044
206163696473	17045
6f67726170686963616c	17046
68756d	17047
2042616c64	17048
6966756c6c79	17049
20636f6d70696c6572	17050
204441	17051
20646f6e6f72	17052
617369	17053
2074726962616c	17054
6c617368	17055
20436f6e666967	17056
206170706c6963616e7473	17057
2073616c6172696573	17058
313335	17059
507574696e	17060
20466f637573	17061
697273	17062
206d6973636f6e64756374	17063
2048617a	17064
20656174656e	17065
4d6f62696c65	17066
4d75736c696d	17067
204d6172637573	17068
76696f6c	17069
206661766f7261626c65	17070
2073747562	17071
6164696e	17072
20486f62	17073
20666169746866756c	17074
20656c656374726f6e696373	17075
2076616375756d	17076
77616974	17077
6261636b6564	17078
65636f6e6f6d6963	17079
64697374	17080
2074656e757265	17081
2073696e63657265	17082
20546f676574686572	17083
2057617665	17084
2070726f6772657373696f6e	17085
2064656e79696e67	17086
206469737472657373	17087
627261736b61	17088
7468697264	17089
206d6978696e67	17090
20636f6c6f6e69616c	17091
20707269766174656c79	17092
20756e72657374	17093
617465726e697479	17094
207072656d69736573	17095
616e7469	17096
677265676174696f6e	17097
206c6963656e6365	17098
2048696e64	17099
2053616d75656c	17100
20636f6e76696e63696e67	17101
20416365	17102
2052757374	17103
204e6574616e79616875	17104
2068616e646c6573	17105
205061746368	17106
6f7269656e746564	17107
61686f	17108
20476f6e7a	17109
206861636b657273	17110
636c61696d6572	17111
20637573746f6d73	17112
204772616e	17113
6669676874657273	17114
206c7563	17115
206d616e75736372697074	17116
6172656e74686f6f64	17117
20646576696c	17118
2077617272696f7273	17119
206f6666656e64657273	17120
57696c6c69616d	17121
20686f6c6964617973	17122
206e696768746d617265	17123
206c65766572	17124
6966666572656e74	17125
53746174	17126
2065786869626974696f6e	17127
7075746564	17128
2050757265	17129
20616c706861	17130
20656e746875736961736d	17131
20526570726573656e74617469766573	17132
454152	17133
20547970	17134
207768656174	17135
20416c66	17136
20636f7272656374696f6e	17137
206576616e67656c	17138
415454	17139
4d697373	17140
20736f7570	17141
20696d706c696564	17142
706172616d	17143
2073657879	17144
204c7578	17145
2072657075626c6963	17146
7061746368	17147
61626c697368	17148
2069636f6e73	17149
2066617468657273	17150
20474554	17151
204361726962	17152
20726567756c61746564	17153
20436f68656e	17154
20426f626279	17155
206e6572	17156
2062656e74	17157
76656e746f7279	17158
20416c6f6e67	17159
20455354	17160
2057616c6c616365	17161
206d757264657273	17162
72697365	17163
6b656c6c	17164
20436f6d6d6f6e7765616c7468	17165
206e61737479	17166
657461	17167
204d4954	17168
2061646d696e69737465726564	17169
2067656e75696e656c79	17170
456469746f72	17171
6e69636b	17172
20687964726f	17173
2a2a2a2a2a2a2a2a2a2a2a2a2a2a2a2a2a2a2a2a2a2a2a2a2a2a2a2a2a2a2a2a	17174
20426c65	17175
2066696e6573	17176
20676f726765	17177
61757369626c65	17178
7268	17179
206170706c65	17180
6d656e74696f6e6564	17181
20726f7065	17182
6f747970	17183
4852	17184
206469736170706f696e74696e67	17185
2063616765	17186
6e696b	17187
20646f75627473	17188
2046524545	17189
7072696e7473	17190
204d555354	17191
2076656e646f7273	17192
20496e7175	17193
206c69626572616c73	17194
20636f6e74726163746f72	17195
20757073696465	17196
6368696c6472656e	17197
20747269636b79	17198
20726567756c61746f7273	17199
63686172676564	17200
6c69746572	17201
202a2a2a	17202
20726562656c6c	17203
6c616e67	17204
206c6f63616c73	17205
2070687973696369616e73	17206
20686579	17207
61727365	17208
746d	17209
204c6578	17210
206265686176696f72616c	17211
7375636365737366756c	17212
4658	17213
20627269636b	17214
6f766963	17215
20636f6e666f726d	17216
20726576696577696e67	17217
20696e736967687473	17218
2062696f6c6f6779	17219
2052656d6f7665	17220
204578747261	17221
20636f6d6d697474696e67	17222
696e6475636564	17223
69676e7479	17224
69676d	17225
2061746f6d6963	17226
436f6d6d6f6e	17227
20454d	17228
2050657265	17229
204974656d73	17230
6568	17231
20707265736572766564	17232
20486f6f64	17233
20707269736f6e6572	17234
2062616e6b727570746379	17235
206772656e	17236
7573686573	17237
206578706c6f69746174696f6e	17238
207369676e617475726573	17239
2066696e616e	17240
5d2c22	17241
204d52	17242
206d6567	17243
72656d6c696e	17244
206d7573696369616e73	17245
2073656c656374696e67	17246
206578616d696e696e67	17247
494e4b	17248
6c61746564	17249
4869	17250
206172746963	17251
2070657473	17252
20696d70616972	17253
204d414e	17254
207461626c657473	17255
696e636c756465	17256
52616e6765	17257
2063617574	17258
206c6f6773	17259
206d6f756e74696e67	17260
20756e6177617265	17261
2064796e616d696373	17262
2050616c657374696e65	17263
2051756172746572	17264
20507572706c65	17265
206d61	17266
20496d706f7274	17267
20636f6c6c656374696f6e73	17268
63696174696f6e	17269
20737563636573736f72	17270
20636c6f6e65	17271
2061696d696e67	17272
20706f73736573736564	17273
20737469636b696e67	17274
207368616b696e67	17275
206c6f63617465	17276
20486f636b6579	17277
5475726e	17278
313730	17279
206669667465656e	17280
204861727269736f6e	17281
20636f6e74696e756f75736c79	17282
205443	17283
2056616c656e74	17284
20526573637565	17285
20627970617373	17286
616d6f756e74	17287
206d617374	17288
2070726f7465637473	17289
206172746973746963	17290
20736f6d6574696d65	17291
2073686f65	17292
2073686f75746564	17293
69666963616e74	17294
65746974697665	17295
205265676973746572	17296
204a696e	17297
20636f6e63656e747261746564	17298
6c696e67746f6e	17299
6f6e696573	17300
2067656e657261746f72	17301
7972696d	17302
2041726d656e	17303
20636c656172696e67	17304
69646f	17305
205457	17306
616c7068	17307
206c6164696573	17308
48617264	17309
206469616c6f67	17310
20696e70757473	17311
e69c	17312
20706f736573	17313
20736c6f7473	17314
205072656d69756d	17315
206c65616b73	17316
20626f73736573	17317
20313133	17318
636f75727365	17319
416363	17320
204e6577746f6e	17321
2041757374726961	17322
204d616765	17323
2074656163686573	17324
61626164	17325
207765617273	17326
2063796c	17327
206375727365	17328
2053616c6573	17329
2057696e6773	17330
20707379	17331
2067617073	17332
204963656c616e64	17333
2050696e746572657374	17334
206c616e646c6f7264	17335
20646566696e6974696f6e73	17336
204b6572	17337
2073756666696369656e746c79	17338
2050656e6365	17339
20417263686974656374	17340
2073757270617373	17341
20313134	17342
2073757065726865726f	17343
2044697365617365	17344
2070726965737473	17345
2043756c74757265	17346
20646566696e6974697665	17347
207365637265746c79	17348
2044616e6365	17349
696e7374616c6c	17350
6368696566	17351
204a657373696361	17352
576f756c64	17353
55706461746564	17354
206c6f636b6572	17355
204b6179	17356
206d656d6f7269616c	17357
e8a6	17358
666174	17359
206469736775	17360
20666c61766f7273	17361
204261736562616c6c	17362
20526573697374616e6365	17363
206b69636b73	17364
20656e76	17365
207465656e6167657273	17366
4461726b	17367
20434152	17368
2068616c74	17369
204c47	17370
204761627269656c	17371
206665766572	17372
207361747572	17373
206d616c6c	17374
20616666696c69617465	17375
20536c656570	17376
205370656369666963	17377
2056656c	17378
206a6172	17379
20536163726564	17380
2045647761726473	17381
2041434c	17382
2072657461696e6564	17383
204769616e74	17384
206c696d69746174696f6e	17385
696e636573	17386
207265667573616c	17387
2054616c65	17388
204275746c6572	17389
206163636964656e7473	17390
20435353	17391
20696d706f72746564	17392
20436f7079	17393
ceb1	17394
455254	17395
7a656c	17396
206469766973696f6e73	17397
686f7473	17398
20416c62	17399
204453	17400
4c6f61646572	17401
57617368696e67746f6e	17402
6174697366	17403
204372656174697665	17404
5c2e	17405
204175746f6d	17406
726564696374	17407
207265636570746f72	17408
204361726c6f73	17409
4d6574686f64	17410
6f6b61	17411
206d616c6963696f7573	17412
207374657070696e67	17413
2c5b	17414
20446164	17415
2061747472616374696f6e	17416
2045666665637473	17417
20506972617465	17418
20436572	17419
20496e647573747279	17420
20527564	17421
2063686172746572	17422
2064696e696e67	17423
20696e7369737473	17424
20636f6e666967757265	17425
202823	17426
2053696d706c65	17427
205363726f6c6c	17428
555443	17429
313735	17430
204b6f6e	17431
206d61726b6574706c616365	17432
20e382	17433
20726566726573	17434
206761746573	17435
6572726564	17436
20506f64	17437
20626568617665	17438
4672616e6b	17439
6e6f6465	17440
20656e646f72736564	17441
68657474	17442
6173697665	17443
20486f6d656c616e64	17444
207269646573	17445
204c65617665	17446
65726e657373	17447
20666c6f6f64696e67	17448
414650	17449
20726973656e	17450
20636f6e74696e75616c6c79	17451
20756e616e696d	17452
20436f6e7472616374	17453
20506173	17454
20677569646564	17455
204368696c65	17456
6264	17457
2073756363	17458
70746963	17459
20636f6d6d697474656573	17460
204c7574686572	17461
20416e796f6e65	17462
20736162	17463
313234	17464
20706978656c	17465
2042616b	17466
20546167	17467
2042656e6e657474	17468
456e746572	17469
736d616c6c	17470
20507265736964656e7469616c	17471
2070756c	17472
20636f6e7472616365	17473
61726368697665	17474
20636f617374616c	17475
204b696473	17476
313932	17477
e280b2	17478
69636b79	17479
494e47544f4e	17480
20776f6c66	17481
205374616c696e	17482
547572	17483
6964676574	17484
616d6173	17485
20556e6c657373	17486
2073706f6e736f72	17487
206d6f727068	17488
2043686f6f7365	17489
2072756e6e6572	17490
20756e62656c	17491
206d7564	17492
204d616e61	17493
20647562626564	17494
20676f6464	17495
7572657273	17496
77696e646f77	17497
2072656c696564	17498
2063656c6562726174696e67	17499
6f7363	17500
20313335	17501
206c6f626279696e67	17502
20696e636f6d706c657465	17503
207265737472696374696f6e	17504
20696e636170	17505
69747573	17506
206578706563746174696f6e	17507
2041706f6c6c6f	17508
20696e74656e73	17509
2073796e63	17510
4748	17511
206d616e6970756c6174696f6e	17512
4259	17513
207370656172	17514
2062726561737473	17515
20766f6c63616e	17516
696c6961	17517
4d6174657269616c	17518
20666f726d617473	17519
2042617374	17520
207061726c69616d656e74617279	17521
20736e616b65	17522
2073657276616e7473	17523
2054727564656175	17524
204772696d	17525
20417261626963	17526
20534350	17527
20426f7973	17528
73746174696f6e	17529
2070726f7370656374697665	17530
6f726465	17531
696e697469616c697a6564	17532
20626f726564	17533
41424c45	17534
206163636573736564	17535
2074617869	17536
205368656c6c	17537
616964656e	17538
7572736564	17539
696e61746573	17540
20496e737572616e6365	17541
2050657465	17542
53657074656d626572	17543
363530	17544
20616476656e7475726573	17545
20436f766572	17546
2074726962757465	17547
20736b65746368	17548
20656d706f776572	17549
20d8	17550
20476c656e6e	17551
20446177	17552
3d5c22	17553
20506f6c6974696373	17554
20677569646573	17555
2064696f78696465	17556
20476f7265	17557
20427269676874	17558
20536965727261	17559
2076616c756564	17560
636f6e64	17561
20706f696e746572	17562
53656c656374	17563
207269736b79	17564
206162736f7262	17565
696d61676573	17566
2072656675736573	17567
20626f6e75736573	17568
5f5f5f	17569
2068696c6172	17570
204665617475726573	17571
323230	17572
20436f6c6c6563746f72	17573
466f6f74	17574
2031393634	17575
63756c7573	17576
206461776e	17577
20776f726b6f7574	17578
204c4f	17579
207068696c6f736f70686963616c	17580
2053616e6479	17581
20596f757468	17582
206c6961626c65	17583
4166	17584
626c7565	17585
206f7665727475726e	17586
6c6573736e657373	17587
2054726962756e65	17588
20496e67	17589
20666163746f72696573	17590
2063617463686573	17591
2070726f6e65	17592
206d6174726978	17593
206c6f67696e	17594
20696e616363	17595
206578657274	17596
737973	17597
206e6565646c65	17598
20517572	17599
206e6f746966696564	17600
6f756c646572	17601
7478	17602
2072656d696e6473	17603
207075626c697368657273	17604
206e6f7274	17605
20676974	17606
20666c696573	17607
20456d696c79	17608
20666c6f77696e67	17609
20416c69656e	17610
2053747261746567	17611
2068617264657374	17612
206d6f64696669636174696f6e	17613
415049	17614
204d59	17615
2063726173686573	17616
737461697273	17617
6e756d626572	17618
20757267696e67	17619
6368616e6e656c	17620
2046616c636f6e	17621
20696e6861626974616e7473	17622
2074657272696679696e67	17623
207574696c697a65	17624
2062616e6e6572	17625
2063696761726574746573	17626
2073656e736573	17627
20486f6c6d6573	17628
2070726163746974696f6e	17629
205068696c6c697073	17630
6f74746f	17631
20636f6d70696c65	17632
4d6f64656c	17633
204b6f	17634
205b5d	17635
416d65726963616e73	17636
205465726d73	17637
206d656469636174696f6e73	17638
20416e61	17639
2066756e64616d656e74616c6c79	17640
204e6f74696365	17641
207765616b6572	17642
2030303030	17643
206761726c6963	17644
206f7574627265616b	17645
2065636f6e6f6d697374	17646
204269727468	17647
206f62737461636c6573	17648
6172636572	17649
204f7274686f646f78	17650
20706c616365626f	17651
2043726577	17652
6173706265727279	17653
20416e67656c73	17654
20646973636861726765	17655
206465737472756374697665	17656
313137	17657
20526973696e67	17658
206461697279	17659
6c617465	17660
20636f6c6c6973696f6e	17661
20546967657273	17662
65616e6f72	17663
6f63756d656e746564	17664
20496e76616c6964	17665
20646f6e74	17666
204c69746572	17667
205661	17668
20687964726f67656e	17669
2076617269616e7473	17670
2042726f776e73	17671
2031393635	17672
20696e646967656e6f7573	17673
20747261646573	17674
2072656d61696e646572	17675
207377657074	17676
20496d70616374	17677
20726564697374	17678
20756e696e74	17679
6772616475617465	17680
e38395	17681
2057494c4c	17682
e381aee7	17683
20437269746963616c	17684
20666973686572	17685
20766963696f7573	17686
207265766572736564	17687
59656172	17688
20536f78	17689
2073686f6f74696e6773	17690
2066696c6d696e67	17691
20746f756368646f776e73	17692
6169726573	17693
6d656c	17694
206772616e64666174686572	17695
20616666656374696f6e	17696
696e676c65	17697
206f7665726c79	17698
4164646974696f6e616c	17699
2073757072656d65	17700
2047726164	17701
2073706f7274696e67	17702
206d65726379	17703
2042726f6f6b73	17704
6f756e7479	17705
20706572666f726d73	17706
2074696768746c79	17707
2064656d6f6e73	17708
206b696c6c696e6773	17709
2066616374696f6e	17710
204e6f7661	17711
61757473	17712
20756e646f75627465646c79	17713
6172696e	17714
20756e646572776179	17715
72616b	17716
206c6976	17717
20526567696f6e	17718
206272696566696e67	17719
73657273	17720
636c6f7564	17721
204d696b	17722
757370	17723
2070726564696374696f6e	17724
617a6f72	17725
20706f727461626c65	17726
2047616e64	17727
2070726573656e74696e67	17728
2031303830	17729
c2bb	17730
75736869	17731
20537061726b	17732
7468657265756d	17733
206a757374696669636174696f6e	17734
204e79	17735
20636f6e74726163746f7273	17736
6d696e6768616d	17737
205374796c65	17738
e585	17739
204368726f6e69636c6573	17740
2050696374757265	17741
2070726f76696e67	17742
207769766573	17743
73657474	17744
206d6f6c6563756c6573	17745
204661697279	17746
20636f6e73697374696e67	17747
2070696572	17748
616c6f6e65	17749
696e6974696f6e	17750
206e75636c65	17751
6a736f6e	17752
20676f747461	17753
206d6f62696c	17754
2076657262616c	17755
617269756d	17756
206d6f6e756d656e74	17757
75636b6564	17758
20323536	17759
54656368	17760
6d696e656372616674	17761
20547261636b	17762
2074696c65	17763
20636f6d7061746962696c697479	17764
61736973	17765
2073616464	17766
20696e7374727563746564	17767
204d75656c6c6572	17768
206c657468616c	17769
20686f726d6f6e65	17770
206f72636865	17771
656c7365	17772
20736b656c6574	17773
20656e7465727461696e696e67	17774
206d696e696d697a65	17775
616761696e	17776
20756e646572676f	17777
20636f6e73747261696e7473	17778
20636967617265747465	17779
2049736c616d697374	17780
2074726176656c73	17781
2050616e7468657273	17782
6c696e6773	17783
43617265	17784
206c61777375697473	17785
75726173	17786
206372797374	17787
206c6f7765726564	17788
2061657269616c	17789
20636f6d62696e6174696f6e73	17790
206861756e	17791
20636861	17792
2076696e65	17793
207175616e746974696573	17794
206c696e6b696e67	17795
62616e6b	17796
20736f79	17797
42696c6c	17798
20416e67656c61	17799
20726563697069656e74	17800
2050726f74657374	17801
20736f636b6574	17802
20736f6c69646172697479	17803
20e286	17804
6d696c6c	17805
20766172696573	17806
2050616b697374616e69	17807
447261676f6e	17808
20756e65	17809
20686f72697a6f6e	17810
c2a0c2a0c2a0c2a0c2a0c2a0c2a0c2a0	17811
2070726f76696e636573	17812
206672616e6b6c79	17813
20656e6163746564	17814
6e6f746573	17815
5b27	17816
20313932	17817
6f6372616379	17818
20656e646f7273656d656e74	17819
206f76657274696d65	17820
54727565	17821
4c6162	17822
6c6963746564	17823
20444e43	17824
206265617473	17825
204a616d6965	17826
313532	17827
20494e54	17828
436f6e74616374	17829
206163636f756e746564	17830
68617368	17831
205061636b657273	17832
7069726573	17833
206c65736269616e	17834
20616d656e646d656e7473	17835
20686f706566756c	17836
2046696e6c616e64	17837
2073706f746c69676874	17838
20636f6e66696775726564	17839
2074726f75626c6564	17840
2067617a65	17841
2043616c67617279	17842
2072656c696162696c697479	17843
20696e73757267	17844
73776572	17845
627579	17846
20536b696e	17847
20706978656c73	17848
2068616e6467756e	17849
207061726173	17850
2063617465676f72	17851
20454c	17852
20526578	17853
496e64656564	17854
206b696e6461	17855
20636f6e6a756e6374696f6e	17856
20427279616e	17857
204d616e7566616374	17858
79616e67	17859
506c7573	17860
53514c	17861
6973686d656e74	17862
20646f6d696e617465	17863
206e61696c	17864
206f617468	17865
206572757074	17866
2046696e65	17867
697462617274	17868
2043686970	17869
20416264	17870
204e616d	17871
206275796572	17872
2064697373656e74	17873
4c65616b73	17874
436f6e74696e	17875
207269646572	17876
20536f6d656f6e65	17877
20696c6c7573696f6e	17878
63696e	17879
20426f65696e67	17880
20696e6164657175	17881
6f766174696f6e	17882
69616e7473	17883
2072656275696c64	17884
343530	17885
2044657374696e79	17886
5357	17887
2054696c6c	17888
486974	17889
69617a	17890
2042616e676c	17891
616368657273	17892
205265666f726d	17893
207365676d656e7473	17894
2073797374656d61746963	17895
6463	17896
20436f6e73657276617469766573	17897
20706f7274616c	17898
686f72	17899
20447261676f6e626f756e64	17900
2064726167676564	17901
6f6d6f	17902
2074686565	17903
616476657274	17904
205265706f727473	17905
204574	17906
2062617272656c73	17907
417567757374	17908
20636f6d70617269736f6e73	17909
20686578	17910
20616e7468726f70	17911
225b	17912
626f726f756768	17913
616269	17914
207069637475726564	17915
706c6179696e67	17916
2041646472657373	17917
204d6972726f72	17918
536d697468	17919
207469726573	17920
204e5052	17921
41414141	17922
20636c617373696669636174696f6e	17923
205468616e	17924
204861726d	17925
205241	17926
2072656a656374696f6e	17927
6d696e6174696f6e	17928
2072616e676564	17929
2046616c6c73	17930
4449	17931
486f7374	17932
e382b4	17933
204578616d706c65	17934
6c6973746564	17935
746869726473	17936
20736166656775	17937
6272616e64	17938
2070726f6261626c65	17939
43616e616461	17940
4954494f4e	17941
205161656461	17942
20636869636b	17943
20696d706f727473	17944
686974	17945
6c6f63	17946
5757	17947
20626c6577	17948
20616e7974696d65	17949
2077686f6c6573	17950
696b6564	17951
2063616c63756c6174696f6e	17952
637265617465	17953
204f7269	17954
207570677261646564	17955
206170706172	17956
75746f7279	17957
204d6f6c	17958
42726974	17959
204a6f6e67	17960
494e414c	17961
205374617274696e67	17962
2064696365	17963
7572746c65	17964
2072656c79696e67	17965
636c6f73757265	17966
2070726f66697461626c65	17967
20736c61756768746572	17968
204d616e75616c	17969
636173746572	17970
202224	17971
2066656174686572	17972
2053696d706c79	17973
6965766573	17974
206465746572696f72	17975
20504349	17976
207374616d70	17977
20666c617773	17978
207368616465	17979
68616d6d6572	17980
2070617373706f7274	17981
20636f6e74696e67	17982
616d656c	17983
206f6273657276657273	17984
206e65676c656374	17985
205242	17986
2042726f74686572686f6f64	17987
20736b6570746963616c	17988
66616d696c79	17989
75736b	17990
20656d6f74696f6e616c6c79	17991
e299	17992
2042657461	17993
61736f6e61626c65	17994
6964697479	17995
204d756c	17996
206b69636b696e67	17997
204361726d	17998
6f6c6c6168	17999
564552544953	18000
20417468656e	18001
206c6164646572	18002
2042756c6c6574	18003
e5a3	18004
30303031	18005
2057696c646c696665	18006
204d61736b	18007
204e616e	18008
526576	18009
20756e61636365707461626c65	18010
6c6567616c	18011
2063726f77646564	18012
616769	18013
20436f78	18014
6a65	18015
206d6f72616c697479	18016
206675656c73	18017
206361626c6573	18018
206d616e6b696e64	18019
2043617269626265616e	18020
20616e63686f72	18021
2062797465	18022
204f6674656e	18023
204f7a	18024
2063726166746564	18025
20686973746f7269616e	18026
205775	18027
20746f77657273	18028
20436974697a656e73	18029
2068656c6d	18030
2063726564656e7469616c73	18031
2073696e67756c6172	18032
204a65737365	18033
207461636b6c6573	18034
20636f6e74656d7074	18035
2061666f7265	18036
20536861646f7773	18037
206e696c	18038
20757267656e74	18039
6170706c65	18040
626c6f6f64	18041
20766f6e	18042
206f66666c696e65	18043
2062726561746865	18044
206a756d7073	18045
20697272656c6576616e74	18046
6f786963	18047
6f6d616c	18048
696d706f7274616e74	18049
4a696d	18050
20676c6f766573	18051
61726d696e67	18052
6465707468	18053
2074616c656e7473	18054
6f6f6b6965	18055
205342	18056
2070616c6d	18057
75666673	18058
65737461	18059
494748	18060
2063616e6f6e	18061
20566572697a6f6e	18062
20506c65	18063
20636f75706c6564	18064
76656c74	18065
2066756e6472616973696e67	18066
2047657474696e67	18067
20444c43	18068
206d617468656d61746963616c	18069
204853	18070
2043617264696e616c73	18071
74656c6c696e67	18072
2073706f6e736f7273	18073
20cf	18074
2042756c6c73	18075
6f7074696f6e	18076
2070726f706f7365	18077
206d656d6f7261626c65	18078
20656d627261636564	18079
206465636c696e696e67	18080
4865616c7468	18081
656461	18082
207d3b	18083
207370616d	18084
6d696c65	18085
2070697463686572	18086
204569676874	18087
20636172696e67	18088
75746963	18089
726f6c65	18090
206169726c696e65	18091
65726e616e64657a	18092
204174686c6574	18093
2063657274696669636174696f6e	18094
757865	18095
7269676572	18096
20656d706972	18097
2073656e736174696f6e	18098
206469736d	18099
20626f6c74	18100
2065766f6c7665	18101
486f757365	18102
20636f6e73756c746174696f6e	18103
2044757479	18104
20746f7563686573	18105
204e617468616e	18106
206661696e74	18107
686164	18108
2228	18109
20436f6e73756d6572	18110
2045787472656d65	18111
20313237	18112
204865726d	18113
2053616372616d656e74	18114
697a6f7068	18115
20616e78696f7573	18116
756c6f75736c79	18117
20736f6369616c6c79	18118
20555443	18119
20736f6c76696e67	18120
204c6574746572	18121
486973746f7279	18122
65647563	18123
5072696365	18124
29293b	18125
2072656c6f6164	18126
616d6963	18127
20706f726b	18128
20646973636f75727365	18129
20746f75726e616d656e7473	18130
6169726f	18131
204b7572	18132
20436f737461	18133
2076696f6c6174696e67	18134
20696e74657266657265	18135
2072656372656174696f6e616c	18136
7566666c65	18137
207370656563686573	18138
206e656564696e67	18139
2072656d656d62657273	18140
206372656469746564	18141
6e6961	18142
666f6375736564	18143
616d657261	18144
20627275	18145
756d6273	18146
20437562616e	18147
20707265636564696e67	18148
206e6f6e73656e7365	18149
616369616c	18150
20736d61727470686f6e6573	18151
2053746f72696573	18152
53706f727473	18153
20456d657267656e6379	18154
6f756e63696e67	18155
6566696e6564	18156
20626572	18157
20636f6e73756c74696e67	18158
206d617374657273	18159
686561737465726e	18160
2e225b	18161
2052756e6e696e67	18162
2073757363657074	18163
2046656e67	18164
416d6572696361	18165
707269736573	18166
7374697469616c	18167
205765656b6c79	18168
2047726561746572	18169
6d6f64756c6573	18170
6966746572	18171
4772617068696373	18172
756c6572	18173
2077686f6c6c79	18174
207375707072657373	18175
20636f6e6365616c6564	18176
2068617070696c79	18177
2061636365707473	18178
20456e6a6f79	18179
20726976657273	18180
20457863657074	18181
323235	18182
204e4853	18183
204d63436f6e6e656c6c	18184
207075737379	18185
666572726564	18186
757461626c65	18187
2061747461696e	18188
203e3d	18189
206465706f73697473	18190
726f70686963	18191
206e6f746f72696f7573	18192
2053686177	18193
696c69746174696f6e	18194
2065706964656d6963	18195
616c6c6963	18196
20736d616c6c657374	18197
6f76696368	18198
206163636573736f72696573	18199
70657274696573	18200
20737572706c7573	18201
204d656368	18202
20616d626967	18203
20496d6d6967726174696f6e	18204
206368696d	18205
6576616c	18206
2070726163746963696e67	18207
204d797374657279	18208
20646f6d61696e73	18209
2053696c69636f6e	18210
61707073	18211
206b696c6f6d6574657273	18212
6561	18213
20536d617368	18214
2077617272616e7479	18215
206e6f7374	18216
73696c	18217
726576	18218
4a6f6e	18219
204475626c696e	18220
20746173746573	18221
20626f7574	18222
6772656174	18223
6572726f72	18224
207377697463686573	18225
2042617074	18226
444f	18227
6f6b69	18228
20736f7572636564	18229
70726f6475	18230
206174746163686d656e74	18231
204973737565	18232
205175657374696f6e	18233
4a6f696e	18234
20666974746564	18235
20756e6c617766756c	18236
5e5e	18237
6572656b	18238
2061757468656e7469636174696f6e	18239
2073746f6c65	18240
206163636f756e746162696c697479	18241
6c6162656c	18242
536561726368	18243
20616c62656974	18244
61746963616e	18245
66756e646564	18246
20416464696e67	18247
204951	18248
207375626d6172	18249
6c6974	18250
61717565	18251
204c6561726e696e67	18252
20696e7465676572	18253
4d6173746572	18254
204368726f6d	18255
207072656d696572	18256
4f70	18257
204c6975	18258
20626c6573736564	18259
20476c6f6265	18260
20526573706f6e7365	18261
206c65676974696d	18262
204d65726b656c	18263
20646973706f73616c	18264
c2b4	18265
206761756765	18266
70656174	18267
20696e6475636564	18268
207175657374696f6e61626c65	18269
6172746879	18270
20566974	18271
2046656564	18272
556e74696c	18273
5574	18274
776f72746879	18275
5259	18276
20486572616c64	18277
2048616d6d6572	18278
206d6564616c	18279
20526976657273	18280
204861636b	18281
20636c6172696679	18282
20747261636b6564	18283
206175746f6e6f6d6f7573	18284
2074656e616e74	18285
205161746172	18286
65726965	18287
206772696d	18288
204d6f6e69746f72	18289
20726573697374616e74	18290
2053706563	18291
2057656c6c73	18292
4e4153	18293
313438	18294
206d696e657273	18295
696f74696373	18296
206d6973736573	18297
313136	18298
6769616e	18299
676974	18300
2045796573	18301
70726573	18302
20677261647561746564	18303
20616e67656c	18304
2073796e6368726f6e	18305
20656666696369656e746c79	18306
207472616e736d6974746564	18307
4861727279	18308
20676c6f62616c6c79	18309
454e4345	18310
204d6f6e74616e61	18311
7261676564	18312
2050726576656e74696f6e	18313
2070697373	18314
204c6c	18315
207368656c66	18316
20424a50	18317
2054657374616d656e74	18318
204c617465	18319
696b6572	18320
2048617070	18321
204a756c69616e	18322
68616c6c	18323
2073706f6e74	18324
2073687574646f776e	18325
20696e636f6e73697374656e74	18326
207375627363726962657273	18327
20736b656c65746f6e	18328
204e65627261736b61	18329
20696e7370697265	18330
20566f6964	18331
46656564	18332
20616e676c6573	18333
20537072696e6773	18334
2062656e63686d61726b	18335
2076616363696e6573	18336
697a6f706872656e	18337
73657875616c	18338
7566666564	18339
207368696e65	18340
204b617468	18341
2067657374757265	18342
696e6561	18343
20726970	18344
206f707072657373696f6e	18345
20636f6e736369656e6365	18346
6274	18347
204c756d	18348
20696e636964656e6365	18349
204661	18350
7772	18351
206d696e6572616c	18352
205370757273	18353
616c6b79	18354
207468756e646572	18355
206f70696f	18356
4265696e67	18357
2050616c6d	18358
20776173746564	18359
206c62	18360
696172696573	18361
20496e6974696174697665	18362
20637572726963	18363
206d61726b6572	18364
204d634c	18365
20657874656e73696f6e73	18366
205076	18367
2041726d73	18368
206f66666572696e6773	18369
20646566656e736573	18370
2076656e646f72	18371
20636f6e74726164696374	18372
20436f6c696e	18373
20726564646974	18374
207065726970686572	18375
313232	18376
2073696e73	18377
45646974	18378
494354	18379
536f6674	18380
2053686168	18381
2061646d696e6973747261746f72	18382
2054726970	18383
20706f726e6f677261706879	18384
2074756974696f6e	18385
696e656e6365	18386
2050726f6772657373	18387
20636174616c6f67	18388
207375697465	18389
2068696b65	18390
20726570726f64756374697665	18391
656e67696e65	18392
2064726f75676874	18393
204e6f6168	18394
20323330	18395
2064756465	18396
2072656c61786564	18397
20706172746974696f6e	18398
207061727469636970616e74	18399
2074656c657363	18400
2066656173	18401
204646	18402
6f776e6572	18403
207377656570696e67	18404
206c656e736573	18405
206d617463687570	18406
205265706c	18407
6f75726e616c73	18408
206372656469626c65	18409
206772616e646d6f74686572	18410
20746865726d616c	18411
207375627363726962696e67	18412
206964656e746974696573	18413
636f6c6d	18414
554354	18415
2072656c756374616e74	18416
7573657273	18417
20436f7274	18418
206173736973746564	18419
4f5353	18420
4154494f4e53	18421
495348	18422
20706861726d61636575746963616c	18423
696361626c65	18424
616469616e	18425
20536f6e6963	18426
2046757279	18427
204d6f6e67	18428
4148	18429
2050737963686f6c6f6779	18430
2070686f737068	18431
20747265617473	18432
ad94	18433
207374656164696c79	18434
2048656c6c6f	18435
2072656c61746573	18436
20636c7565	18437
4578706c	18438
61757468	18439
207265766973696f6e	18440
20656c64	18441
6f73696f6e	18442
2062726f6e	18443
313434	18444
72696b6573	18445
206d696e6573	18446
20626c616e6b6574	18447
204661696c	18448
656c6564	18449
20496d6167696e65	18450
20506c616e6e6564	18451
616963	18452
52657175657374	18453
4d6164	18454
20486f727365	18455
204561676c65	18456
206361706163	18457
313537	18458
206c696e67	18459
204e696365	18460
20506172656e74686f6f64	18461
6d696e73746572	18462
6f6773	18463
656e736974697665	18464
4e6f7468696e67	18465
206361726e	18466
46696e	18467
205045	18468
207269666c6573	18469
204c50	18470
53616e64	18471
20677569416374697665	18472
20746f7572697374	18473
434e4e	18474
20756e7665696c6564	18475
207072656465636573736f72	18476
7d7b	18477
75626572	18478
206f666673686f7265	18479
206f70746963616c	18480
20526f74	18481
20506561726c	18482
65746f6e	18483
20737461726564	18484
2066617274686572	18485
6174696c697479	18486
636f6e74696e	18487
204779	18488
20466f73746572	18489
20436f63	18490
7269656e7473	18491
2064657369676e696e67	18492
2045636f6e6f6d79	18493
4f4e47	18494
576f6d656e	18495
204e616e6379	18496
6572766572	18497
206d617363756c	18498
2063617375616c74696573	18499
20323235	18500
2053756c6c6976616e	18501
2043686f696365	18502
206173746572	18503
7773	18504
20686f74656c73	18505
20636f6e73696465726174696f6e73	18506
20636f756368	18507
205374726970	18508
20476e	18509
206d616e6970756c617465	18510
6c696564	18511
2073796e746865746963	18512
2061737361756c746564	18513
206f6666656e736573	18514
204472616b65	18515
20696d7065	18516
4f63746f626572	18517
204865726974616765	18518
686c	18519
20426c616972	18520
556e6c696b65	18521
206772696566	18522
20343530	18523
206f70746564	18524
2072657369676e6174696f6e	18525
696c6f	18526
207665727365	18527
20546f6d62	18528
20757074	18529
206169726564	18530
20486f6f6b	18531
204d4c42	18532
20617373756d6573	18533
6f75746564	18534
2056657273	18535
20696e666572696f72	18536
2062756e646c65	18537
20444e53	18538
6f67726170686572	18539
206d756c746970	18540
20536f756c73	18541
20696c6c7573747261746564	18542
20746163746963	18543
206472657373696e67	18544
2064756f	18545
436f6e66	18546
2072656c656e74	18547
2063616e74	18548
20736361726365	18549
2063616e6479	18550
204346	18551
20616666696c6961746564	18552
20737072696e74	18553
796c616e	18554
20476172636961	18555
206a756e6b	18556
5072696e74	18557
65786563	18558
43726974	18559
20706f727472616974	18560
6972696573	18561
204f4646	18562
206469737075746573	18563
5752	18564
4c6f7665	18565
e38184	18566
205265796e	18567
2068697070	18568
6f70617468	18569
20666c6f6f7273	18570
204665656c	18571
20776f7272696573	18572
20736574746c656d656e7473	18573
20506f73	18574
206d6f73717565	18575
2066696e616c73	18576
2063727573686564	18577
2050726f6261626c79	18578
20426f74	18579
204d616e73	18580
20506572696f64	18581
20736f7665726569676e7479	18582
2073656c6c6572	18583
2061706f7374	18584
20616d6174657572	18585
20646f726d	18586
20636f6e73756d696e67	18587
2061726d6f7572	18588
20526f6f7365	18589
20696e74656e73697665	18590
20656c696d696e6174696e67	18591
2053756e6e69	18592
20416c6570706f	18593
6a696e	18594
20616476697365	18595
70616c	18596
2048616c6f	18597
2064657363656e74	18598
2073696d706c6572	18599
20626f6f7468	18600
535452	18601
4c61746572	18602
2043617665	18603
3d3d3d	18604
206d6f6c	18605
2066697374	18606
2073686f7467756e	18607
73757070	18608
20726f6262657279	18609
456666656374	18610
206f627363757265	18611
2050726f66657373696f6e616c	18612
20656d6261737379	18613
206d696c6974616e74	18614
20696e636172636572	18615
2067656e657261746573	18616
206c61756e63686573	18617
2061646d696e6973747261746f7273	18618
207368616674	18619
2063697263756c6172	18620
2066726573686d616e	18621
20576573	18622
204a6f656c	18623
2044726577	18624
2044756e63616e	18625
204170706172656e746c79	18626
7369676874	18627
20496e7465726e616c	18628
20496e646976696475616c	18629
204645	18630
20626f7265	18631
204d74	18632
2062726f61646c79	18633
204f7074696f6e73	18634
6f756e7461696e	18635
69706573	18636
20566964656f73	18637
323034	18638
2068696c6c73	18639
2073696d756c6174696f6e	18640
206469736170706f696e746d656e74	18641
6974616e	18642
204c61626f7261746f7279	18643
20757077617264	18644
20626f756e64617279	18645
206461726b6572	18646
68617274	18647
20646f6d696e616e6365	18648
436f6e67	18649
204f7261636c65	18650
204c6f726473	18651
207363686f6c617273686970	18652
2056696e63656e74	18653
656465	18654
20526168	18655
20656e636f757261676573	18656
726f76	18657
2071756f	18658
207072656d697365	18659
20437269736973	18660
20486f6c6f6361757374	18661
2072687974686d	18662
206d6574726963	18663
636c7562	18664
207472616e73706f72746564	18665
206e6f64	18666
2050697374	18667
20616e636573746f7273	18668
20467265646572	18669
7468756d626e61696c73	18670
204345	18671
4f4e44	18672
5068696c	18673
76656e6765	18674
2050726f6475637473	18675
636173746c65	18676
207175616c696679696e67	18677
204b6172656e	18678
564552544953454d454e54	18679
206d6967687479	18680
206578706c616e6174696f6e73	18681
20666978696e67	18682
4469	18683
206465636c6172696e67	18684
20616e6f6e796d697479	18685
206a7576656e	18686
204e6f7264	18687
20446f6f6d	18688
2041637475616c6c79	18689
4f6b	18690
70686973	18691
20446573657274	18692
20313136	18693
494b	18694
20464d	18695
20696e636f6d6573	18696
56454c	18697
6f6b657273	18698
20706563756c	18699
206c69676874776569676874	18700
677565	18701
20616363656e74	18702
20696e6372656d656e74	18703
204368616e	18704
20636f6d706c61696e696e67	18705
204261676864	18706
206d69646669656c646572	18707
206f7665726861756c	18708
50726f63657373	18709
20486f6c6c6f77	18710
20546974616e73	18711
536d616c6c	18712
6d616e75656c	18713
20556e697479	18714
204576656e7473	18715
537479	18716
2064697370726f706f7274696f6e	18717
6e65737479	18718
656e6573	18719
20436f64	18720
2064656d6f6e7374726174696f6e73	18721
204372696d736f6e	18722
204f48	18723
20656e726f6c6c6564	18724
2063656c	18725
204272657474	18726
2061696465	18727
206865656c73	18728
2062726f616462616e64	18729
206d61726b696e67	18730
2077697a617264	18731
204e4a	18732
20436869656673	18733
20696e6772656469656e74	18734
20647567	18735
2053687574	18736
75726368617365	18737
656e646f72	18738
206661726d6572	18739
20476f6c646d616e	18740
313239	18741
313535	18742
4f72646572	18743
206c696f6e	18744
6961626c79	18745
20737461696e	18746
6172726179	18747
696c6974617279	18748
20464151	18749
206578706c6f646564	18750
204d63436172746879	18751
205477656574	18752
20477265656e73	18753
656b696e67	18754
6c6e	18755
656e73656e	18756
206d6f746f726379636c65	18757
207061727469636c65	18758
2063686f6c65737465726f6c	18759
42726f6e	18760
207374616972	18761
206f786964	18762
20646573697261626c65	18763
69626c6573	18764
207468656f72	18765
666f7263696e67	18766
2070726f6d6f74696f6e616c	18767
6f766f	18768
626f6f74	18769
20426f6e7573	18770
7261776c696e67	18771
2073686f7274616765	18772
20507379	18773
20726563727569746564	18774
20696e66616e7473	18775
20746573746f737465726f6e65	18776
20646564756374	18777
2064697374696e6374697665	18778
206669726d77617265	18779
6275696c74	18780
313435	18781
206578706c6f726564	18782
2066616374696f6e73	18783
2076696465	18784
20746174746f6f	18785
2066696e616e6369616c6c79	18786
2066617469677565	18787
2070726f63656564696e67	18788
636f6e737469747574696f6e616c	18789
206d69736572	18790
20636861697273	18791
6767696e67	18792
6970706c65	18793
2064656e74	18794
20646973726567	18795
e794	18796
7374616e74	18797
6c6c6f	18798
627073	18799
616b656e696e67	18800
2061626e6f726d616c	18801
20455241	18802
e5a3ab	18803
2048424f	18804
204d4152	18805
20636f6e63657373	18806
2073657276616e74	18807
206173706972	18808
6c6176	18809
2050616e656c	18810
616d6f	18811
20707265636970	18812
207265636f7264696e6773	18813
2070726f636565646564	18814
20636f6c6f6e79	18815
2054616e67	18816
61626c6f	18817
207374726970706564	18818
4c656674	18819
746f6f	18820
20706f7461746f6573	18821
2066696e657374	18822
25292e	18823
2063726170	18824
205a616368	18825
616261736573	18826
20476f7468	18827
2062696c6c696f6e61697265	18828
776f6c66	18829
2073616e6374696f6e	18830
534b	18831
206c6f67676564	18832
506f	18833
65796564	18834
756e616c	18835
20637269636b6574	18836
2061726d696573	18837
20756e636f7665726564	18838
436c6f7564	18839
c3b36e	18840
207265626f756e6473	18841
206d6573	18842
4f706572	18843
506163	18844
206e6174696f6e616c6c79	18845
20696e736572746564	18846
70696374	18847
20676f7665726e616e6365	18848
d0b8	18849
2070726976696c65676573	18850
474554	18851
206661766f7269746573	18852
696d697479	18853
206c6f766572	18854
7468656d	18855
656d706c	18856
20676f7267656f7573	18857
416e6e	18858
20736c6970706564	18859
207665746f	18860
426f62	18861
20736c696d	18862
756363	18863
2046616d65	18864
756464656e6c79	18865
2064656e696573	18866
204d617572	18867
2064697374616e636573	18868
2077616e6e61	18869
746172	18870
20534552	18871
20e288	18872
206c656d6f6e	18873
61746865746963	18874
206c69746572616c	18875
2064697374696e67756973686564	18876
20616e73776572696e67	18877
4749	18878
2072656c6967696f6e73	18879
205068696c6f73	18880
204c6179	18881
20636f6d706f73	18882
6972656d656e7473	18883
204b6f73	18884
696e657a	18885
726f6c6c696e67	18886
20796f756e67657374	18887
616e64697365	18888
20426f726e	18889
20616c746172	18890
616d696e61	18891
20426f6f74	18892
766f63	18893
2064696767696e67	18894
20707265737375726573	18895
206c656e	18896
323634	18897
20617373617373696e6174696f6e	18898
204269726d696e6768616d	18899
204d797468	18900
20736f7665726569676e	18901
20417274697374	18902
2050686f746f6772617068	18903
206465706963746564	18904
2064697370656e73	18905
6f72746879	18906
20616d62756c	18907
696e746567	18908
2043656c65	18909
205469626574	18910
20686965726172636879	18911
206375	18912
20707265736561736f6e	18913
205065746572736f6e	18914
20636f6c6f757273	18915
20776f727279696e67	18916
206261636b657273	18917
2050616c6d6572	18918
20cebc	18919
20636f6e7472696275746f72	18920
2068656172696e6773	18921
207572696e65	18922
20d9	18923
6f757267656f6973	18924
53696d696c6172	18925
205a696d6d6572	18926
736f6d657468696e67	18927
20555343	18928
20737472656e67746873	18929
204649	18930
206c6f6767696e67	18931
41736b6564	18932
2054686169	18933
696e7175	18934
2057616c74	18935
206372657773	18936
697469736d	18937
333031	18938
2073686172706c79	18939
756d6564	18940
207265646972656374	18941
7261746f7273	18942
496e66	18943
20576561706f6e73	18944
207465617370	18945
31393939	18946
4c697665	18947
20457370656369616c6c79	18948
2053746572	18949
205665746572616e73	18950
20696e74726f	18951
6f74686572617079	18952
206d616c77617265	18953
206272656564696e67	18954
206d6f6c6563756c6172	18955
20526f757465	18956
20436f6d6d656e74	18957
6f6368656d	18958
2061696e	18959
536561736f6e	18960
206c696e656261636b6572	18961
c4ab	18962
2045636f6e6f6d696373	18963
65736172	18964
204c69766573	18965
20456d6d61	18966
206b696e	18967
20546572726974	18968
20706c616e746564	18969
6f746f6e	18970
20427574746572	18971
2053706f6e73	18972
504552	18973
2064756e67656f6e	18974
2073796d626f6c6963	18975
2066696c6d6564	18976
206469657473	18977
20636f6e636c75646573	18978
206365727461696e7479	18979
20466f726d6174	18980
20737472616e67657273	18981
666f726d6174	18982
205068617365	18983
20636f70696564	18984
206d6574726573	18985
6c6461	18986
205573657273	18987
2064656c69626572617465	18988
20776173686564	18989
204c616e6365	18990
696d6174696f6e	18991
20696d70726f706572	18992
2047656e65736973	18993
69636b72	18994
204b757368	18995
207265616c697365	18996
20656d62617272617373696e67	18997
616c6b696e67	18998
6275636b73	18999
207665726966696564	19000
206f75746c696e65	19001
7965617273	19002
20496e636f6d65	19003
323032	19004
207a6f6d62696573	19005
46696e616c	19006
204d696c6c656e6e	19007
206d6f64696669636174696f6e73	19008
20566973696f6e	19009
204d6f736573	19010
76657262	19011
6974657272616e65616e	19012
204a6574	19013
206e6176616c	19014
20416767	19015
2075726c	19016
20766963746f72696573	19017
206e6f6e657468656c657373	19018
20696e6a757374	19019
2046616374	19020
e79a	19021
20696e73756666696369656e74	19022
726576696577	19023
66616365626f6f6b	19024
206e65676f74696174696e67	19025
2067756172616e74656573	19026
696d656e	19027
7574656e62657267	19028
2067616d626c696e67	19029
20636f6e6772	19030
4c6f6164696e67	19031
206e657665727468656c657373	19032
20707265736964656e7473	19033
20496e647573747269616c	19034
20313138	19035
20706f75726564	19036
20546f7279	19037
20313735	19038
203a3d	19039
53636f7474	19040
616e6765726564	19041
546f6b	19042
206f7267616e697a657273	19043
4d6174	19044
2047726f777468	19045
206164756c	19046
20656e7375726573	19047
20313137	19048
e9be8de5	19049
206d61737361637265	19050
20677261646573	19051
6265666f7265	19052
4144564552544953454d454e54	19053
20536c6f77	19054
204d4d41	19055
e2809422	19056
205661746963616e	19057
5161656461	19058
206f7765	19059
36363636	19060
20536f727279	19061
204772617373	19062
206261636b67726f756e6473	19063
20657868617573746564	19064
20636c616e	19065
20636f6d70726f6d69736564	19066
20456c66	19067
204973616163	19068
656e736f6e	19069
496e76657374	19070
494641	19071
20696e746572727570746564	19072
e38389e383a9	19073
2074776973746564	19074
20447261676f6e73	19075
4d6f6465	19076
204b72656d6c696e	19077
2066657274696c	19078
6865726573	19079
7068616e	19080
204e6f6465	19081
666564	19082
204f7263	19083
20756e77696c6c696e67	19084
43656e74	19085
207072696f726974	19086
20677261647561746573	19087
207375626a656374697665	19088
2069737375696e67	19089
204c74	19090
20766965776572	19091
20776f6b65	19092
54687573	19093
62726f6f6b	19094
20646570726573736564	19095
20627261636b6574	19096
20476f72	19097
204669676874696e67	19098
20737472696b6572	19099
5265706f7274	19100
20506f72747567616c	19101
206e656f	19102
776564	19103
313939	19104
20666c6565696e67	19105
736861646f77	19106
6964656e746966696564	19107
555345	19108
537465616d	19109
20737472657463686564	19110
20726576656c6174696f6e73	19111
6172746564	19112
204477	19113
20616c69676e6d656e74	19114
6573746f6e	19115
204a61726564	19116
536570	19117
20626c6f6773	19118
757064617465	19119
676f6d	19120
7269736b	19121
20636c617368	19122
20486f7572	19123
2072756e74696d65	19124
20756e77616e746564	19125
207363616d	19126
207261636b	19127
20656e6c69676874	19128
6f6e657374	19129
2046657272	19130
20636f6e76696374696f6e73	19131
207069616e6f	19132
2063697263756c6174696f6e	19133
2057656c636f6d65	19134
206261636b6c617368	19135
2057616465	19136
20726563656976657273	19137
6f74697665	19138
4a656666	19139
206e6574776f726b696e67	19140
2050726570	19141
204578706c6f726572	19142
206c656374757265	19143
2075706c6f61646564	19144
204d656174	19145
424c45	19146
204e617a6973	19147
2053796e64	19148
73747564	19149
726f6f7473	19150
7269616e73	19151
20706f72747261796564	19152
203f3f	19153
20427564646861	19154
73756e	19155
526f62657274	19156
20436f6d706c6578	19157
206f766572736565	19158
20737465616c7468	19159
5469746c65	19160
204a6f6273	19161
204b756d	19162
20617070726563696174696f6e	19163
204d4f44	19164
20626173696373	19165
20636c697073	19166
206e757273696e67	19167
2070726f706f736974696f6e	19168
207265616c69736564	19169
204e5943	19170
20616c6c6f6361746564	19171
7269756d	19172
6172616e	19173
2050726f64756374696f6e	19174
20566f7465	19175
20736d756767	19176
2068756e746572	19177
617a6572	19178
204368616e676573	19179
20666c756374	19180
796f6e	19181
4172726179	19182
206b697473	19183
5761746572	19184
20756e636f6d6d6f6e	19185
2072657374696e67	19186
656c6c73	19187
776f756c64	19188
2070757273756564	19189
20617373657274696f6e	19190
6f6d65746f776e	19191
204d6f73756c	19192
20506c6174666f726d	19193
696f6c6574	19194
207368617265686f6c64657273	19195
20747261696c73	19196
506179	19197
20456e666f7263656d656e74	19198
7479706573	19199
20416e6f6e796d6f7573	19200
2073617469736679696e67	19201
696c6f6779	19202
202827	19203
77617665	19204
63697479	19205
5374657665	19206
20636f6e66726f6e746174696f6e	19207
20456c64	19208
43617074	19209
6168616e	19210
68746d	19211
204374726c	19212
4f4e53	19213
323330	19214
696661	19215
686f6c64696e67	19216
2064656c6963617465	19217
206a6177	19218
20476f696e67	19219
6f72756d	19220
53616c	19221
2064756c6c	19222
2042657468	19223
20707269736f6e73	19224
2065676f	19225
20456c7361	19226
61766f72697465	19227
2047616e67	19228
204e75636c656172	19229
20737069646572	19230
61747375	19231
2073616d706c696e67	19232
206162736f72626564	19233
20506861726d	19234
69657468	19235
206275636b6574	19236
205265636f6d6d	19237
4f46	19238
20466163746f7279	19239
414e4345	19240
20626163746572	19241
486173	19242
204f6273657276	19243
313231	19244
207072656d69657265	19245
446576656c6f70	19246
2063757272656e63696573	19247
43617374	19248
206163636f6d70616e79696e67	19249
204e61736876696c6c65	19250
206661747479	19251
204272656e64	19252
206c6f636b73	19253
2063656e7465726564	19254
205554	19255
6175676873	19256
6f726965	19257
204166666f726461626c65	19258
76616e6365	19259
444c	19260
656d6574	19261
207468726f6e65	19262
20426c7565746f6f7468	19263
206e616d696e67	19264
69667473	19265
414445	19266
20636f72726563746564	19267
2070726f6d70746c79	19268
20535452	19269
2067656e6f6d65	19270
20636f7065	19271
2076616c6c6579	19272
20726f756e646564	19273
204b656e64	19274
616c696f6e	19275
70657273	19276
20746f757269736d	19277
20737461726b	19278
766c	19279
20626c6f77696e67	19280
205363686564756c65	19281
737464	19282
20756e6861707079	19283
206c697469676174696f6e	19284
6365646573	19285
20616e64726f6964	19286
20696e74656772616c	19287
6572657273	19288
75646564	19289
746178	19290
20726569746572	19291
204d6f746f7273	19292
6f636961746564	19293
20776f6e64657273	19294
2041706f7374	19295
75636b696e67	19296
20526f6f736576656c74	19297
6672616d	19298
207969656c6473	19299
20636f6e7374697475746573	19300
61776b	19301
496e746572657374	19302
20696e746572696d	19303
20627265616b7468726f756768	19304
2043686572	19305
2070726f736563	19306
20446a	19307
204d54	19308
52657370	19309
205054	19310
20737065726d	19311
65646974	19312
4254	19313
4c696e7578	19314
636f756e747279	19315
6c6561677565	19316
206469636b	19317
206f6374	19318
20696e73657274696e67	19319
2073637261	19320
2042726577696e67	19321
2031393636	19322
2072756e6e657273	19323
20706c756e	19324
696479	19325
204469616e	19326
2064797366756e6374696f6e	19327
206578636c7573696f6e	19328
206469736772	19329
20696e636f72706f72617465	19330
207265636f6e63	19331
206e6f6d696e61746564	19332
20417263686572	19333
64726177	19334
616368656c6f72	19335
2077726974696e6773	19336
207368616c6c6f77	19337
2068617374	19338
20424d57	19339
205253	19340
207468696768	19341
2031393633	19342
206c616d62	19343
206661766f726564	19344
61676c65	19345
20636f6f6c6572	19346
20486f757273	19347
204755	19348
204f726967696e	19349
20676c696d707365	19350
2d2d2d2d2d2d2d2d2d2d2d2d2d2d2d2d2d2d2d2d	19351
4c696d	19352
20636865656b	19353
206a65616c6f7573	19354
2d27	19355
206861726e657373	19356
20506f69736f6e	19357
206469736162696c6974696573	19358
6e6561706f6c6973	19359
206f75746c6f6f6b	19360
206e6f74696679	19361
20496e6469616e61706f6c6973	19362
20616272757074	19363
6e736963	19364
20656e63727970746564	19365
20666f726665	19366
7265617468	19367
2072616262	19368
20666f756e646174696f6e73	19369
20636f6d706c696d656e74	19370
20496e74657276696577	19371
20537765	19372
2061646f6c657363	19373
206d6f6e69746f7273	19374
2053616372616d656e746f	19375
2074696d656c79	19376
20636f6e74656d706c	19377
20706f736974696f6e6564	19378
20706f7374657273	19379
7068696573	19380
696f76617363756c6172	19381
766f6964	19382
204669667468	19383
20696e7665737469676174697665	19384
4f554e	19385
20696e74656772617465	19386
20494e43	19387
69736861	19388
69626c696e6773	19389
2052657175657374	19390
20526f6472696775657a	19391
20736c69646573	19392
204458	19393
2066656d696e69736d	19394
206461746173	19395
2062656e64	19396
69727573	19397
204e696765726961	19398
466f78	19399
4368616e6765	19400
20616972706c616e65	19401
204c6164656e	19402
207075626c6963697479	19403
69787479	19404
20636f6d6d69746d656e7473	19405
20616767726567617465	19406
20646973706c6179696e67	19407
204172726f77	19408
20313232	19409
207265737065637473	19410
616e64726f6964	19411
736978	19412
20536861	19413
20726573746f726174696f6e	19414
295c	19415
5753	19416
6f7973	19417
20696c6c75737472617465	19418
776974686f7574	19419
313236	19420
20e29482	19421
207069636b7570	19422
6e656c73	19423
202e2e2e2e	19424
666f6f64	19425
2046656e	19426
293f	19427
207068656e6f6d656e61	19428
20636f6d70616e696f6e73	19429
205772697465	19430
207370696c6c	19431
2062726964676573	19432
2055706461746564	19433
20466f	19434
20696e7365637473	19435
415348494e47544f4e	19436
207363617265	19437
696c7472	19438
205a68616e67	19439
207365766572697479	19440
20696e64756c	19441
313439	19442
20436f66666565	19443
206e6f726d73	19444
2070756c7365	19445
204654	19446
20686f727269666963	19447
2044657374726f79	19448
204a534f4e	19449
206f6c697665	19450
20646973637573736573	19451
52657374	19452
456c656374	19453
2057696e6e	19454
20537572766976	19455
2048616974	19456
53757265	19457
6f706564	19458
20726f6f746564	19459
20536b65	19460
2042726f6e7a65	19461
206c6f6c	19462
44656661756c74	19463
20636f6d6d6f64697479	19464
72656469746564	19465
206c6962657274617269616e	19466
20666f7262696464656e	19467
206772616e	19468
e0a8	19469
206c6167	19470
656e7a	19471
6472697665	19472
206d617468656d6174696373	19473
207769726573	19474
20637269746963616c6c79	19475
20636172626f687964	19476
204368616e63656c6c6f72	19477
204564646965	19478
2062616e6e696e67	19479
20467269	19480
20636f6d706c69636174696f6e73	19481
6574726963	19482
2042616e676c6164657368	19483
2062616e647769647468	19484
53746f70	19485
204f726967696e616c6c79	19486
2068616c66776179	19487
796e61737479	19488
7368696e65	19489
2074616c6573	19490
726974696573	19491
6176696572	19492
207370696e6e696e67	19493
2057484f	19494
206e65696768626f7572686f6f64	19495
62616368	19496
20636f6d6d65726365	19497
20536c65	19498
4255	19499
20656e7472657072656e657572	19500
20706563756c696172	19501
20436f6d6d656e7473	19502
667265	19503
333230	19504
494353	19505
20696d6167657279	19506
2043616e6f6e	19507
20456c656374726f6e6963	19508
73686f7274	19509
2828	19510
446967	19511
20636f6d6d656d	19512
75636564	19513
20696e636c696e6564	19514
2053756d6d6f6e	19515
20636c696666	19516
204d65646974657272616e65616e	19517
20706f65747279	19518
2070726f73706572697479	19519
2052656365	19520
2070696c6c73	19521
6d656d626572	19522
2066696e616c65	19523
756e63	19524
20476967	19525
e4bd	19526
206c6f64	19527
206261636b77617264	19528
2d2b	19529
20466f7277617264	19530
2074687269	19531
73757265	19532
20736f6170	19533
204658	19534
524553	19535
2053657875616c	19536
6f756c6f73	19537
20666f6f6c697368	19538
207269676874656f7573	19539
20636f6666	19540
746572726f7269736d	19541
75737461696e	19542
6f746572	19543
20616275736573	19544
6e657874	19545
2061627573697665	19546
2074686572656166746572	19547
2070726f6869626974696f6e	19548
20535550	19549
20646970	19550
20726970706564	19551
20696e68657269746564	19552
2062617473	19553
73747275	19554
4754	19555
20666c61776564	19556
706861626574	19557
20666f67	19558
646f6f7273	19559
20696d6167696e67	19560
20646967697473	19561
2048756e67617279	19562
206172726f67	19563
207465616368696e6773	19564
2070726f746f636f6c73	19565
2042616e6b73	19566
e0b8	19567
706f756e64	19568
2043757274	19569
2e2229	19570
2e2f	19571
206578656d7074696f6e	19572
656e646978	19573
204d756c6c	19574
20696d70726f766573	19575
2047616d6572	19576
64696d656e73696f6e616c	19577
49636f6e	19578
204d61726761726574	19579
537461747573	19580
6461746573	19581
20696e74656e6473	19582
20646570696374	19583
207061726b6564	19584
4a6f65	19585
204d6172696e6573	19586
63686e6f6c6f6779	19587
21292e	19588
206a7564676564	19589
2077656967687473	19590
526179	19591
2061706172746d656e7473	19592
686573746572	19593
207265696e666f726365	19594
206f6666656e646572	19595
6f63637570	19596
20736f7265	19597
657074	19598
20504850	19599
2042726f77	19600
20617574686f72697a6174696f6e	19601
205269736b	19602
2044656c6177617265	19603
205155	19604
206e6f74696669636174696f6e73	19605
2073756e6c69676874	19606
206578636c756465	19607
646174	19608
206d657368	19609
20537564616e	19610
2062656c6f6e676564	19611
20737562776179	19612
206e6f6f6e	19613
20496e746572696f72	19614
6f6c696373	19615
204c616b657273	19616
20636f64696e67	19617
446973636c61696d6572	19618
43616c6966	19619
4f6c64	19620
206469736c	19621
3f3f3f3f3f	19622
20636f6e6669726d73	19623
20726563727569746d656e74	19624
20686f6d6963696465	19625
436f6e7369646572	19626
204a656666726579	19627
667479	19628
7d3b	19629
206f626a656374696f6e	19630
646f696e67	19631
204c656f	19632
57616e74	19633
20676c6f77	19634
20436c61726b65	19635
204e6f726d616e	19636
20766572696669636174696f6e	19637
207061636b6574	19638
20466f726d756c61	19639
20706c6167	19640
657376696c6c65	19641
2073686f7574696e67	19642
206f76	19643
20524543	19644
20427562	19645
206e696e7468	19646
20656e657267	19647
2076616c6964697479	19648
20757073	19649
6a61636b	19650
206e65696768626f72696e67	19651
204e6563	19652
65776f726b73	19653
20486162	19654
6172657a	19655
207370696e65	19656
206576656e7475616c	19657
204c656164657273	19658
204361726e	19659
2070726f626174696f6e	19660
20726f6d616e6365	19661
6d7367	19662
204d656368616e6963616c	19663
455259	19664
526f636b	19665
20706172746973616e	19666
4e6f6465	19667
617373657473	19668
6d696e656e74	19669
20666f726569676e657273	19670
2074657374696679	19671
20557375616c6c79	19672
6c6f726473	19673
204772656e	19674
20506f77656c6c	19675
42494c	19676
207372	19677
20616464696374	19678
207368656c6c73	19679
2073696768	19680
2059616c65	19681
7465726e697479	19682
20373530	19683
4555	19684
205269666c65	19685
20706174726f6e	19686
656d61	19687
2042616e6e6f6e	19688
616e697479	19689
2074726f706963616c	19690
20564949	19691
63726f7373	19692
45766572797468696e67	19693
2049534f	19694
2068756d626c65	19695
617373696e67	19696
20464947	19697
207570646174696e67	19698
79736f6e	19699
2063616c6369756d	19700
20636f6d706574656e74	19701
207374656572696e67	19702
50726f74	19703
205359	19704
2046696e616c73	19705
20527567	19706
313539	19707
313337	19708
20476f6c66	19709
20313236	19710
206163636f6d6d6f646174696f6e	19711
20487567686573	19712
20616573746865746963	19713
6172746973616e	19714
205477696c69676874	19715
207072696e6365	19716
204167726963756c74757265	19717
20446973636f	19718
20707265636564656e74	19719
20747970696e67	19720
617574686f72697a6564	19721
4f7074696f6e	19722
20417562	19723
6c6973686573	19724
61636874	19725
6d6167	19726
5065746572	19727
2055464f	19728
6d6f6e746f6e	19729
204c697468	19730
2061726f6d	19731
207365637572696e67	19732
20636f6e66696e6564	19733
70726976617465	19734
2073776f726473	19735
206d61726b657273	19736
206d657461626f6c6963	19737
73656c656374	19738
204375727365	19739
204f74	19740
6772657373697665	19741
20696e63756d62	19742
2053616761	19743
20707269636564	19744
20636c656172616e6365	19745
436f6e74656e74	19746
206472696c6c696e67	19747
206e6f7469636573	19748
20626f757267656f6973	19749
2076657374	19750
20636f6f6b6965	19751
20477561726469616e73	19752
727973	19753
696e796c	19754
20313234	19755
20706c61757369626c65	19756
6f6e6768	19757
204f64696e	19758
20636f6e63657074696f6e	19759
2059756b	19760
2042616768646164	19761
20466c6167	19762
4175737472616c	19763
2049424d	19764
20696e7465726e6174696f6e616c6c79	19765
2057696b694c65616b73	19766
494544	19767
2063796e	19768
2063686f6f736573	19769
2050696c6c	19770
20636f6d62696e696e67	19771
2072616469	19772
204d6f68616d6d6564	19773
646566656e7365	19774
61746368696e67	19775
5375626a656374	19776
696369656e6379	19777
4672616d65	19778
207b22	19779
206368657373	19780
2074696d6572	19781
313930	19782
2074696e	19783
206f7264696e616e6365	19784
656d6574657279	19785
206163637573696e67	19786
206e6f7469636561626c65	19787
2063656e74726573	19788
206c6964	19789
204d696c6c73	19790
696d677572	19791
207a6f6f6d	19792
6572676963	19793
20636f6d7072657373696f6e	19794
7072696d	19795
66696e64	19796
2073757267	19797
2070616e64	19798
204b6565	19799
2043686164	19800
63656c6c656e6365	19801
6f796c65	19802
20736f6369616c69736d	19803
20547261766973	19804
204d487a	19805
206775696c64	19806
414c4c59	19807
20537562736372696265	19808
2052656c61746564	19809
206f6363757272656e6365	19810
69746368696e67	19811
2066696374696f6e616c	19812
206372757368	19813
204541	19814
636f64	19815
6d6978	19816
20547269706c65	19817
207265747269657665	19818
207374696d756c7573	19819
207073796368696174	19820
20446f6f72	19821
20686f6d6f73657875616c697479	19822
20656c656d656e74617279	19823
2063656c6c756c6172	19824
696469616e	19825
204c61756e	19826
20696e7472696775696e67	19827
20666f616d	19828
2042617373	19829
696469	19830
69747375	19831
20617373757265	19832
20636f6e67726174	19833
20627573696e6573736d616e	19834
20426f6f7374	19835
636c6f7365	19836
206c696564	19837
20736369656e636573	19838
204f6d656761	19839
204772617068696373	19840
203c3d	19841
73706f6b656e	19842
20636f6e6e6563746976697479	19843
5361747572646179	19844
204176656e67657273	19845
20746f67676c65	19846
20616e6b6c65	19847
206e6174696f6e616c697374	19848
6d6f64656c	19849
20506f6f6c	19850
6f70686f626961	19851
566172	19852
204d6f6e73	19853
61746f72696573	19854
20616767726573736976656c79	19855
436c656172	19856
466f726765	19857
616374657273	19858
206865646765	19859
207069706573	19860
20626c756e74	19861
207371	19862
2072656d6f74656c79	19863
576564	19864
6173657273	19865
207265667269676572	19866
2074696c6573	19867
2072657363756564	19868
20636f6d707269736564	19869
696e736b79	19870
206d616e6966	19871
6176616e61756768	19872
2070726f6c69666572	19873
20616c69676e6564	19874
786d6c	19875
2074726976	19876
20636f6f7264696e6174696f6e	19877
20504552	19878
2051756f7465	19879
313334	19880
6266	19881
20536177	19882
207465726d696e6174696f6e	19883
20313930	19884
206164646974696f6e73	19885
207472696f	19886
2070726f6a656374696f6e73	19887
20706f7369746976656c79	19888
20696e636c7573697665	19889
206d656d6272	19890
31393930	19891
6f6c646572	19892
20707261637469636564	19893
696e6b6c65	19894
41726368	19895
207374617274657273	19896
6172697573	19897
20696e7465726d656469617465	19898
2042656e6566	19899
204b696c6c6572	19900
20696e74657276656e74696f6e73	19901
204b696c	19902
20466c79696e67	19903
496e76	19904
207072656d6174757265	19905
207073796368696174726963	19906
20696e646965	19907
20636f6c6c6172	19908
205261696e626f77	19909
616669	19910
2064697372757074696f6e	19911
20464f58	19912
63617374696e67	19913
206d697364656d	19914
63726f	19915
2077697065	19916
6172646f6e	19917
2062617374	19918
20546f6d6d79	19919
20526570726573656e746174697665	19920
2062656c6c79	19921
20504f	19922
20427265697462617274	19923
313332	19924
206d6573736167696e67	19925
53686f756c64	19926
5265666572656e636573	19927
20475245	19928
6973746963616c	19929
4c50	19930
20436176	19931
204372617a79	19932
20696e74756974697665	19933
6b656570696e67	19934
204d6f7373	19935
20646973636f6e74696e	19936
204d6f64756c65	19937
20756e72656c61746564	19938
205072616374696365	19939
205472616e73706f7274	19940
20737461746973746963616c6c79	19941
6f726e73	19942
2073697a6564	19943
7075	19944
20636166	19945
20576f726c6473	19946
20526f6467657273	19947
204c756e	19948
20436f6d6963	19949
6c6976696e67	19950
206361726564	19951
20636c696d626564	19952
297b	19953
20636f6e736973746564	19954
206d6564696576616c	19955
666f6c6b	19956
206861636b6564	19957
2064697265	19958
204865726d696f6e65	19959
2074656e646564	19960
6365616e73	19961
44616e69656c	19962
77656e74	19963
206c656769736c61746f7273	19964
207265646573	19965
67616d6573	19966
20676e	19967
616d696c696172	19968
202b2b	19969
676779	19970
746872656174	19971
206d61676e6574	19972
207065726365697665	19973
207a6970	19974
20696e646963746d656e74	19975
206372697469717565	19976
67617264	19977
2053616665	19978
20437265616d	19979
20616476656e74	19980
6f6261	19981
20766f776564	19982
6f7573616e6473	19983
20736b69	19984
2061626f7274696f6e73	19985
75617274	19986
207374756e6e6564	19987
20616476616e63696e67	19988
206c61636b6564	19989
205c22	19990
20736368697a6f706872656e	19991
20656c6567616e74	19992
20636f6e666572656e636573	19993
2063616e63656c6564	19994
20487564736f6e	19995
20486f706566756c6c79	19996
207472756d70	19997
206672657175656e63696573	19998
206d6574656f72	19999
204a756e696f72	20000
20466c656574	20001
204d616c636f6c6d	20002
20546f6f6c73	20003
202e2e2e2e2e2e2e2e	20004
20686f626279	20005
204575726f7065616e73	20006
2031353030	20007
20496e746f	20008
2073776179	20009
20417070726f	20010
20436f6d706c	20011
436f6d6d756e697479	20012
2074696465	20013
2053756d6d6974	20014
e4bb	20015
20696e74657276616c73	20016
204574686572	20017
2068616269746174	20018
2053746576656e73	20019
6c697368696e67	20020
20446f6d61696e	20021
207472696767657273	20022
2063686173696e67	20023
20636861726d	20024
20466c6f776572	20025
69746f726564	20026
20626c657373696e67	20027
207465787475726573	20028
46697665	20029
206c6971756f72	20030
5250	20031
46494e	20032
2031393632	20033
434152	20034
556e6b6e6f776e	20035
20726573696c	20036
204c696c79	20037
206162756e64616e6365	20038
207072656469637461626c65	20039
726172	20040
2062756c6c73686974	20041
6c65656e	20042
63686574	20043
4d6f72	20044
4d756368	20045
e4b9	20046
20656d70686173697a6564	20047
206372757374	20048
207072696d6974697665	20049
20656e6a6f7961626c65	20050
205069637475726573	20051
207465616d6d617465	20052
706c6572	20053
20546f6c	20054
204b616e65	20055
2073756d6d6f6e6564	20056
746879	20057
72616d61	20058
20486f6e6461	20059
207265616c697a696e67	20060
20717569636b6572	20061
20636f6e63656e7472617465	20062
636c656172	20063
20323130	20064
204572646f67616e	20065
61726973	20066
20726573706f6e6473	20067
204249	20068
20656c69676962696c697479	20069
20707573686573	20070
20496461686f	20071
20616767726176	20072
207275696e73	20073
75726174696f6e73	20074
2062616e73	20075
20616e6174	20076
7368617265	20077
206772696e64	20078
68696e	20079
756d656e	20080
207574696c6974696573	20081
2059616e6b656573	20082
20646174616261736573	20083
204444	20084
20646973706c61636564	20085
20646570656e64656e63696573	20086
207374696d756c6174696f6e	20087
68756e	20088
686f75736573	20089
20507265747479	20090
20526176656e73	20091
20544f444159	20092
206173736f636961746573	20093
2074686572617065	20094
636c6564	20095
2064656572	20096
2072657061697273	20097
72656e74696365	20098
207265636570746f7273	20099
2072656d6564	20100
204365	20101
206d6172726961676573	20102
2062616c6c6f7473	20103
20536f6c64696572	20104
2068696c6172696f7573	20105
6f706c	20106
313338	20107
20696e686572656e746c79	20108
2069676e6f72616e74	20109
20626f756e6365	20110
20456173746572	20111
52454c41544544	20112
2043757272656e6379	20113
4556	20114
e3839e	20115
204c656164	20116
206465636561736564	20117
427269656e	20118
204d75736b	20119
4a53	20120
206d65726765	20121
68656172746564	20122
6372656174	20123
6d697474	20124
6d756e64	20125
20e2808b	20126
20426167	20127
2070726f6a656374696f6e	20128
206a617661	20129
205374616e6461726473	20130
204c656f6e617264	20131
20636f636f6e7574	20132
20506f70756c6174696f6e	20133
207472616a656374	20134
20696d706c79	20135
20637572696f73697479	20136
204442	20137
204672657368	20138
20506f72	20139
2068656176696572	20140
6e657973	20141
676f6d657279	20142
206465736572766564	20143
2070687261736573	20144
204743	20145
207965617374	20146
64657363	20147
4465617468	20148
207265626f6f74	20149
206d65746164617461	20150
4943414c	20151
207265706179	20152
20496e646570656e64656e6365	20153
20737562757262616e	20154
6963616c73	20155
2061746f70	20156
20616c6c6f636174696f6e	20157
67656e65726174696f6e	20158
204772616d	20159
206d6f697374757265	20160
2070696e65	20161
204c69626572616c73	20162
206169646573	20163
20756e646572657374	20164
204265727279	20165
20636572656d6f6e	20166
333730	20167
617374726f7573	20168
2050697261746573	20169
2074656e7365	20170
20496e6475737472696573	20171
2041707065616c73	20172
204e656172	20173
20e8a38fe7	20174
206c6f76657273	20175
20434150	20176
2043726177	20177
206769616e7473	20178
206566666963616379	20179
456c656d656e74	20180
204265686176696f72	20181
20546f796f7461	20182
20696e74657374	20183
50726976	20184
4149	20185
206d616e6575766572	20186
2070657266656374696f6e	20187
2062616e67	20188
7061706572	20189
72696c6c	20190
47656f726765	20191
626f72646572	20192
696e74657273	20193
2053657468	20194
20636c756573	20195
204c657669	20196
20526576656e7565	20197
313437	20198
207661706f72	20199
20666f7274756e617465	20200
20746872656174656e73	20201
20766574	20202
20646570656e64656e6379	20203
6572736564	20204
61727469636c65	20205
20426c697a7a617264	20206
2063686c6f72	20207
206d696e7573	20208
2042696c6c73	20209
2063727970746f63757272656e6379	20210
206d657461626f6c69736d	20211
746572696e67	20212
20706573746963	20213
7374657073	20214
205472656173757265	20215
726163746564	20216
20436f6e7374616e74	20217
2074656d70	20218
313339	20219
20446574656374697665	20220
7572616c6c79	20221
207265636f766572696e67	20222
20636f72746578	20223
20313434	20224
636c6f736564	20225
207072656a7564696365	20226
61756e746564	20227
2073746f726d73	20228
204e4f57	20229
206d616368696e657279	20230
41646472657373	20231
20636f6d70656c6c6564	20232
323730	20233
2064657370616972	20234
62616e65	20235
20766567657461626c65	20236
2062656473	20237
4c6561726e	20238
20636f6c6f7266756c	20239
207370696b65	20240
206d617267696e73	20241
2073796d7061746879	20242
20776f726b73686f70	20243
20434243	20244
536174	20245
206275726e73	20246
2047656e646572	20247
20313239	20248
204361626c65	20249
206465627473	20250
2054686572657361	20251
207265666c656374696e67	20252
206169727374	20253
2072696d	20254
72616d6964	20255
207765616b6e6573736573	20256
57726974	20257
6f67676c65	20258
7469	20259
20436861726765	20260
2077656967686564	20261
20282e	20262
206c61756768746572	20263
20726f75746572	20264
2044656d6f6372616379	20265
44656172	20266
206861736874	20267
206479	20268
2068696e7473	20269
72756e6e696e67	20270
2066696e6973686573	20271
61727573	20272
4d617373	20273
726573756c74	20274
6173637573	20275
2076696e74616765	20276
20636f6e7175	20277
2077696c646c79	20278
6163697374	20279
206c696e6775	20280
2070726f7461676f6e697374	20281
7374726f6d	20282
7465656e7468	20283
20536f6c6f	20284
6d6163	20285
66696c6c6564	20286
2072656e6f776e	20287
697469766573	20288
206d6f74697665	20289
20416e746172	20290
204d616e6e	20291
2041646a757374	20292
20726f636b657473	20293
2074726f75626c696e67	20294
6569	20295
206f7267616e69736d73	20296
6173736973	20297
43687269737469616e	20298
20313435	20299
2048617373	20300
207377616c6c	20301
20776178	20302
20537572766976616c	20303
5653	20304
204d757264	20305
7664	20306
7374616e64617264	20307
20647261676f6e73	20308
20616363656c65726174696f6e	20309
726174696f6e616c	20310
66696e616c	20311
20706169726564	20312
20457468657265756d	20313
20696e7465726661636573	20314
20726573656e74	20315
20617274696661637473	20316
c5ab	20317
6172656c	20318
20636f6d70657469746f72	20319
204e6963686f6c6173	20320
2053757266616365	20321
637070	20322
20546f74	20323
2065636f6e6f6d6963616c6c79	20324
206f7267616e69736564	20325
20656e666f72636564	20326
696e686f	20327
20766172696574696573	20328
206162646f6d	20329
204261696c6579	20330
69646176	20331
2053616c76	20332
70616964	20333
20616c746974756465	20334
657373657274	20335
20477574656e62657267	20336
61726561	20337
6f706f756c6f73	20338
2070726f666573736f7273	20339
69676773	20340
2046617465	20341
686579	20342
2033303030	20343
44697374	20344
207477696e73	20345
63696c6c	20346
204d617073	20347
207472617073	20348
2077656564	20349
204b697373	20350
20796f6761	20351
20726563697069656e7473	20352
20576573746d696e73746572	20353
20706f6f6c73	20354
2057616c6d617274	20355
313838	20356
205363686f6f6c73	20357
61747461636b	20358
2041524d	20359
706172616772617068	20360
5761726e696e67	20361
6a6c	20362
2073656c66697368	20363
616e6368657a	20364
2048656967687473	20365
467265	20366
20536f7068	20367
202d2d2d2d2d2d2d2d2d2d2d2d2d2d2d2d2d2d2d2d2d2d2d2d2d2d2d2d2d2d2d2d	20368
746d6c	20369
333333	20370
207261696473	20371
20736174656c6c69746573	20372
4b4559	20373
206c61737473	20374
d182	20375
496e73	20376
2044616d65	20377
20756e70726564696374	20378
2f2f2f	20379
67686169	20380
20617274696c6c657279	20381
20637275697365	20382
2067656c	20383
20436162696e6574	20384
20626c6f7773	20385
20457370	20386
2070726f78696d697479	20387
6f746865	20388
20536b696c6c73	20389
205570706572	20390
6f626f	20391
204e4450	20392
20656e6a6f7973	20393
20726570656174696e67	20394
20436f6e737472756374696f6e	20395
205175657374696f6e73	20396
48696c6c617279	20397
2075696e74	20398
2070726f636573736f7273	20399
20476962736f6e	20400
204d756c7469706c65	20401
7161	20402
20426f6d	20403
204d696c6573	20404
76656e74696f6e616c	20405
206875727473	20406
736b696e	20407
2041494453	20408
206164766973657273	20409
20526f6f74	20410
206d6574686f646f6c6f6779	20411
2044616c65	20412
206465746f6e	20413
204b6e6f776c65646765	20414
73657175656e746c79	20415
20313231	20416
20636f6e6e65637473	20417
4379	20418
2044616e676572	20419
20636f6e7472696275746f7273	20420
2042656e74	20421
206272617373	20422
2047756e73	20423
696e746f	20424
20466f7274756e65	20425
2062726f6b6572	20426
62616c616e6365	20427
206c656e67746873	20428
20766963	20429
20617665726167696e67	20430
20617070726f7072696174656c79	20431
2043616d657261	20432
2073616e6477696368	20433
20434443	20434
20636f6f7264696e617465	20435
206e61766967	20436
20676f6f646e657373	20437
6c61696d	20438
206272616b65	20439
2065787472656d697374	20440
2057616b65	20441
204d656e64	20442
2054696e79	20443
20434f4c	20444
205246	20445
204475616c	20446
2057696e65	20447
43617365	20448
20726566696e6564	20449
206c616d70	20450
4c656164	20451
2062617074	20452
2043617262	20453
2053616464	20454
204d696e6e6561706f6c6973	20455
504446	20456
4561726c79	20457
2048696464656e	20458
497473	20459
2054494d45	20460
20706170	20461
20636f6d6d697373696f6e6564	20462
20466577	20463
20436f6c7473	20464
204272656e	20465
20626f746865726564	20466
206c696b6577697365	20467
4578706572	20468
2053636877	20469
637279	20470
6e6e	20471
204d69746368	20472
696d6f6e	20473
4d47	20474
626d	20475
554d50	20476
72617973	20477
207265676973747279	20478
20323730	20479
616368696e65	20480
72656c6c61	20481
616e74696e67	20482
3030303030	20483
207275696e6564	20484
73706f74	20485
207461	20486
206d6178696d697a65	20487
20696e636f6e76656e	20488
44656164	20489
48756d616e	20490
456e61626c6564	20491
204d61726965	20492
206368696c6c	20493
205061726164697365	20494
207374617272696e67	20495
204c6174696e6f	20496
2050726f746f636f6c	20497
2045564552	20498
20737570706c69657273	20499
6d657373616765	20500
2042726f636b	20501
20736572756d	20502
e29688e29688e29688e29688	20503
20656e636f6d70	20504
20616d626974696f6e	20505
75657365	20506
206172726f7773	20507
416e64726577	20508
20616e74656e6e61	20509
2031393631	20510
204261726b	20511
20626f6f6c	20512
e382aa	20513
2053746f72616765	20514
207261696c776179	20515
20746f7567686572	20516
20436164	20517
2077617368696e67	20518
5079	20519
275d	20520
656d626564	20521
204d656d70686973	20522
61636b6c65	20523
2066616d6f75736c79	20524
20466f7274756e6174656c79	20525
6f76696573	20526
206d696e64736574	20527
20736e65616b	20528
204468	20529
524157	20530
2053696d70736f6e	20531
206c6976657374	20532
206c616e646d61726b	20533
2063656d656e74	20534
4c6f77	20535
20746872696c6c6564	20536
20436f75727365	20537
696e656c	20538
20636875636b	20539
6964617465	20540
676c6f62616c	20541
2077686974	20542
20efbfbd	20543
6164617973	20544
736b69	20545
205356	20546
2076697275736573	20547
333036	20548
20526573706f6e73	20549
207468656174657273	20550
204272616e6368	20551
2047656e657661	20552
204d4b	20553
20756e62656c696576	20554
20636f6d6d756e697374	20555
4f726967696e616c	20556
205265636569766564	20557
205472616e73666572	20558
20417267	20559
496e707574	20560
205374726174656779	20561
2070616c616365	20562
7468656e696e67	20563
447269	20564
2073656e74656e63696e67	20565
756d626e61696c	20566
2070696e73	20567
72656379	20568
207369626c696e6773	20569
47657474696e67	20570
204255	20571
204e6f72746877657374	20572
2070726f6c6f6e676564	20573
2053616b757261	20574
436f6d62	20575
20426f7572	20576
20696e6164657175617465	20577
204b617368	20578
20757365726e616d65	20579
20496d70726f7665	20580
20626174746c696e67	20581
204d4143	20582
20637572726963756c756d	20583
20736f6461	20584
2043616e6e6f6e	20585
2073656e7369626c65	20586
73706f6e73	20587
446563656d626572	20588
207769636b6564	20589
2050656e6775	20590
206469637461746f7273	20591
20486561727473	20592
6f67796e	20593
2073696d696c61726974696573	20594
205374617473	20595
20686f6c6c6f77	20596
69746174696f6e73	20597
223a5b	20598
20686f766572	20599
204c697374656e	20600
736368	20601
53756e64	20602
20636164	20603
205061726b73	20604
206c7572	20605
2068797065	20606
204c656d	20607
4e414d45	20608
6973757265	20609
467269646179	20610
2073686f6f7473	20611
20636c6f736573	20612
206462	20613
205269646765	20614
20446966666572656e74	20615
207265706c696573	20616
2042726f6164776179	20617
6f70657273	20618
20696e746f6c6572	20619
205a657573	20620
616b65737065	20621
2070726f7072696574617279	20622
2072657175657374696e67	20623
20636f6e74726f6c6c657273	20624
204d494e	20625
696d65646961	20626
6265636361	20627
20657870616e73	20628
206f696c73	20629
426f74	20630
204368616e64	20631
207072696e746572	20632
20746f70706564	20633
20504f4c	20634
204561726c696572	20635
536f6369616c	20636
6176696e	20637
20646563726561736573	20638
20536562	20639
2073706563696669636174696f6e73	20640
20426c617374	20641
204b757274	20642
20667265656c	20643
42726f776e	20644
2064696c6967	20645
726f65	20646
2050726f626c656d	20647
2051756164	20648
20646563656e7472616c	20649
20566563746f72	20650
616e7574	20651
20706c7567696e73	20652
20477265676f7279	20653
206675636b6564	20654
656c696e6573	20655
20416d6261737361646f72	20656
74616b65	20657
20636c65616e73	20658
6f6e6779616e67	20659
416e6f6e796d6f7573	20660
7374726f	20661
227d	20662
616c696e65	20663
204f6464	20664
20457567	20665
323136	20666
20626f696c	20667
20506f77657273	20668
206e7572736573	20669
4f6276696f75736c79	20670
20546563686e6963616c	20671
206578636565646564	20672
4f5253	20673
2065787472656d69737473	20674
20747261636573	20675
6578706c	20676
20636f6d72	20677
2053616368	20678
292f	20679
206d61736b73	20680
20736369	20681
426f6e	20682
2072656772657373696f6e	20683
77656769616e	20684
2061647669736f72	20685
697475726573	20686
20566f	20687
6578616d706c65	20688
20496e737472756374	20689
207369656765	20690
20726564756374696f6e73	20691
707472	20692
207374617475746f7279	20693
2072656d6f766573	20694
207075636b	20695
726564697473	20696
20626565	20697
2073616c6164	20698
2070726f6d6f74696f6e73	20699
204a6f73687561	20700
776974687374616e64696e67	20701
455448	20702
20436861	20703
696d7573	20704
20657870656e646974757265	20705
61756e74696e67	20706
2064656c696768746564	20707
20313535	20708
626568	20709
20636172706574	20710
205370617274	20711
206a756e676c65	20712
6c69737473	20713
2062756c6c79696e67	20714
204e6f62656c	20715
20476c656e	20716
207265666572656e636564	20717
20696e74726f6475636573	20718
7365696e	20719
2063686f70706564	20720
676c617373	20721
205772657374	20722
206e65757472616c697479	20723
20e299	20724
20696e76657374696761746f72	20725
207368656c766573	20726
20756e636f6e737469747574696f6e616c	20727
20726570726f64756374696f6e	20728
206d65726368616e74	20729
6d6961	20730
206d657472696373	20731
206578706c6f7369766573	20732
20536f6e6961	20733
20626f64696c79	20734
20746869636b6e657373	20735
20707265646f6d696e616e746c79	20736
204162696c697479	20737
206d6f6e69746f726564	20738
494348	20739
205d2e	20740
204d617274696e657a	20741
207669736962696c697479	20742
2071756572696573	20743
2067656e6f63696465	20744
2057617266617265	20745
5175657279	20746
2073747564696f73	20747
20656d627279	20748
20636f727269646f72	20749
20636c65616e6564	20750
636f6d706c657465	20751
204d48	20752
20656e726f6c6c6d656e74	20753
494e4753	20754
20696d706163746564	20755
20646973617374726f7573	20756
2059756e	20757
20436c61697265	20758
204261736963616c6c79	20759
7974	20760
7573746572697479	20761
20696e6469726563746c79	20762
77696b	20763
20646f64	20764
2043617272	20765
20616d70	20766
2070726f6869626974	20767
20496e697469616c	20768
205264	20769
696a69	20770
2065647563617465	20771
636f726e	20772
696f7474	20773
20426561757479	20774
20646574656374697665	20775
20436f6e6e	20776
73696e6365	20777
2073746167676572	20778
206f62657365	20779
2062726565	20780
6f6c6f676963	20781
69737365	20782
77616c6b6572	20783
20626c61646573	20784
206c617766756c	20785
66756e63	20786
20426568696e64	20787
206170706574697465	20788
20282a	20789
2074656e6e6973	20790
206f6666737072696e67	20791
206a657473	20792
2073747275637475726564	20793
2061666f72656d656e74696f6e6564	20794
4e6f76	20795
207363616c696e67	20796
66696c6c	20797
2073746577	20798
2063757262	20799
205374657068616e	20800
6564496e	20801
5346	20802
6f626963	20803
e9ad94	20804
6f7567	20805
204d4d	20806
2067656e65746963616c6c79	20807
6f70657a	20808
313336	20809
20756d62	20810
616e63657273	20811
20636f686f7274	20812
206d65726368616e64697365	20813
20696d706f73696e67	20814
204c656769736c6174757265	20815
2041726368697665	20816
69766961	20817
204e6176616c	20818
206f6666656e636573	20819
206d697261636c65	20820
20736e6170706564	20821
20666f6573	20822
20657874656e736976656c79	20823
20526166	20824
206361746572	20825
656469656e6365	20826
4b6974	20827
2042696e	20828
207265636f6d6d656e6473	20829
20436974696573	20830
207269676964	20831
2052454144	20832
204e6f626c65	20833
205469616e	20834
20636572746966696361746573	20835
616e746973	20836
6f696c6572	20837
204275646468697374	20838
646964	20839
207375727665796564	20840
20646f776e77617264	20841
207072696e7473	20842
204d6f74696f6e	20843
726f6e696373	20844
2053616e73	20845
6f737369626c79	20846
756374696f6e73	20847
20636f6c6f6e696573	20848
2044616e697368	20849
756e6974	20850
2073706f696c	20851
2061647669736f7279	20852
62657272696573	20853
506c616e	20854
2073706563696669636174696f6e	20855
6f7068657273	20856
205265736f75726365	20857
20736869727473	20858
70726973696e676c79	20859
636f6d6d756e69636174696f6e73	20860
207472697669616c	20861
206d656e74696f6e696e67	20862
6973657875616c	20863
20737570706c656d656e7473	20864
207375706572766973696f6e	20865
4250	20866
766f72	20867
20776974	20868
20636f6f6c646f776e	20869
20706c61696e74696666	20870
2052657669657773	20871
20537269	20872
204d696e74	20873
205375676172	20874
20616674657277617264	20875
20507269657374	20876
20496e766573746d656e74	20877
6f67656e65	20878
2054616b696e67	20879
2073747265746368696e67	20880
20696e666c616d6d6174696f6e	20881
2054656872616e	20882
206c696e696e67	20883
20667265657a696e67	20884
20456e74697479	20885
20696e73706972696e67	20886
7370656369616c	20887
7072696365	20888
20737565	20889
20506f72746572	20890
6f756e6765	20891
455441	20892
20446572656b	20893
204c756973	20894
756f	20895
796d7068	20896
206578746572696f72	20897
6968696c	20898
204173686c6579	20899
696e61746f72	20900
206e75747269656e7473	20901
205468726f6e6573	20902
2066696e616e636573	20903
20496e7370656374	20904
207370656369616c6c79	20905
205265717569726564	20906
20505453	20907
2056696f6c656e6365	20908
6f696e746564	20909
73686f7473	20910
2065786365727074	20911
636f6f6e	20912
494e53	20913
20477269	20914
207265636f676e69736564	20915
5765656b	20916
596f756e67	20917
20766f6d	20918
69736c65	20919
204375727279	20920
204275646468	20921
206e6f7465626f6f6b	20922
2064757261626c65	20923
2f3f	20924
20476164	20925
2050757070	20926
20666f7267697665	20927
7061726b	20928
20706572736f6e616c6974696573	20929
616e616c79736973	20930
636c616d6174696f6e	20931
20656c657661746f72	20932
2077617265686f757365	20933
20526f6c65	20934
756e6e	20935
20696c6c757374726174696f6e	20936
205363616e	20937
2061746d6f73706865726963	20938
496d706f7274	20939
414e43	20940
726963746564	20941
6675	20942
303130	20943
206172636865	20944
207265776172646564	20945
616b65737065617265	20946
20696e7465726e616c6c79	20947
20524249	20948
616c6b6572	20949
20656c657068616e74	20950
6f7769747a	20951
2050697a7a61	20952
206269706172746973616e	20953
c3a973	20954
20736c6f776564	20955
20537461726b	20956
206f76657272696465	20957
4f5553	20958
20333230	20959
756e6472656473	20960
204465636b	20961
2043656e737573	20962
626565	20963
313436	20964
6f746f72	20965
206970	20966
207562	20967
6f636174696f6e73	20968
20427574746f6e	20969
72696365	20970
206372697070	20971
666666	20972
206f726967696e61746564	20973
206f7665727768656c6d6564	20974
61707061	20975
20666f72656d6f7374	20976
e28091	20977
204c4547	20978
72656c65617365	20979
65617475726564	20980
617463686573	20981
2072657073	20982
206c656e64696e67	20983
205265666572656e6365	20984
20436c69656e74	20985
313635	20986
76656e7468	20987
436f6d706c657465	20988
20506174726f6c	20989
2073776f726e	20990
63616d	20991
2073687574746c65	20992
2052616c7068	20993
20686f6d65746f776e	20994
2d2c	20995
6f6e616c	20996
204250	20997
e58f	20998
207065727375616465	20999
20416c6578616e64	21000
20636f6d62696e6573	21001
207669766964	21002
204c6167	21003
20656e636f64696e67	21004
2073616c766174696f6e	21005
77656e	21006
205265636f76657279	21007
697961	21008
556e6976657273697479	21009
20426964656e	21010
2062756467657473	21011
20546578616e73	21012
66697473	21013
20686f6e6f726564	21014
20707974686f6e	21015
5444	21016
232323	21017
636c6f6e65	21018
20626c696e6b	21019
204c6971756964	21020
20756e656d706c6f796564	21021
20636c6173686573	21022
20436f756e73656c	21023
20646972656374696e67	21024
2070756e6374	21025
2046616c636f6e73	21026
20736861726b	21027
2044616d6173637573	21028
206a65616e73	21029
20656d6261726b	21030
207365697a65	21031
2075707761726473	21032
323830	21033
20457a	21034
20416e797468696e67	21035
2065786f746963	21036
6c6f776572	21037
2043726561746f72	21038
20556d	21039
2073756275726273	21040
626572676572	21041
2057656e64	21042
206d696e74	21043
205858	21044
2044726f	21045
2073756666657273	21046
2068657262	21047
74726565	21048
2066726167696c65	21049
20666c6f6f646564	21050
20416c636f686f6c	21051
6f6c65616e	21052
6e79646572	21053
204b4f	21054
4672616d	21055
20313336	21056
206f776564	21057
204d656c6565	21058
2048617368	21059
20776869736b	21060
207375646f	21061
7272	21062
517569636b	21063
617070726f	21064
206969	21065
204578616d706c6573	21066
686565	21067
2070726f6d6f746573	21068
7065726174757265	21069
6b6172	21070
20486f6e6f72	21071
20736f6469756d	21072
204c6966	21073
726f73736f	21074
696e74656e64656e74	21075
20636f72726573706f6e64656e74	21076
466f756e64	21077
736563726574	21078
206964656e746966696573	21079
61676e65	21080
206c6f75	21081
205050	21082
20636f696e636964656e6365	21083
6d6f7665	21084
206d696c69746961	21085
20696e66696c7472	21086
205072696d617279	21087
207069746368696e67	21088
204962	21089
20474f4f44	21090
e382b8	21091
2057697a61726473	21092
6972616c	21093
2056656e7573	21094
5252	21095
20e28095	21096
204361736579	21097
207361646c79	21098
2061646d697265	21099
20656d626172726173736564	21100
6362	21101
4d656c	21102
207475626573	21103
2062656175746966756c6c79	21104
20517565656e736c616e64	21105
42656c6f77	21106
72657a	21107
71756574	21108
706c656173616e74	21109
20c2ab	21110
43616d70	21111
206465636973697665	21112
31393938	21113
204c616d62	21114
7574746f6e	21115
686e	21116
204a616775	21117
61756e646572	21118
20436f7264	21119
20636c65726b	21120
206361666665	21121
207769706564	21122
207265696d	21123
204d6f756e7461696e73	21124
20696d707269736f6e6564	21125
20646576656c6f7073	21126
20507261	21127
206d6f64656c696e67	21128
416e796f6e65	21129
616e63656c	21130
20536974	21131
20736869656c6473	21132
206c61776e	21133
2063617264696f76617363756c6172	21134
2064656d6f6e7374726174696e67	21135
207061727365	21136
2049737261656c6973	21137
206575726f73	21138
313433	21139
20676c6f72696f7573	21140
696e736b69	21141
656364	21142
20636f6e646974696f6e696e67	21143
2068656c706c657373	21144
206d6963726f7363	21145
20486172626f72	21146
207374616b6573	21147
20323630	21148
20756e657175	21149
20466c6f7964	21150
2064616d70	21151
20617070617261747573	21152
204c617773	21153
20636f756e74657273	21154
20696e64756365	21155
617461626c65	21156
2041686d6564	21157
20736c616d	21158
4e6f76656d626572	21159
2070657273697374	21160
20696d6d696e656e74	21161
c3a16e	21162
207368726564	21163
20706861736573	21164
2045646d6f6e746f6e	21165
2041726d7374726f6e67	21166
204d656574	21167
204b69747479	21168
d180	21169
63697263	21170
204164756c74	21171
2061726f7365	21172
2058656e	21173
44616e	21174
676f77	21175
20737570657266	21176
2041646d6972	21177
20656e64757265	21178
206b6579776f7264	21179
79727573	21180
207961726e	21181
2070617468776179	21182
20486f706b696e73	21183
6d696474	21184
2063656e736f7273686970	21185
646570656e64656e74	21186
20696e7374727563746f72	21187
536f7572636573	21188
20746f65	21189
2062616c6c6f6f6e	21190
4e6f62	21191
207377656172	21192
2043617374726f	21193
20676c6f7373	21194
204b6176616e61756768	21195
2072656d61726b61626c79	21196
50686f746f73	21197
204e6f6d	21198
20536f75746865617374	21199
79657273	21200
2076616c69646174696f6e	21201
2063616e6e6f6e	21202
20566963746f7279	21203
20506965727265	21204
2063617574696f7573	21205
417564696f	21206
206665746368	21207
2047696674	21208
20487970	21209
2072656d656479	21210
5a45	21211
207363656e74	21212
206265617264	21213
20527574	21214
2d22	21215
20706174656e7473	21216
4879	21217
20756e6a757374	21218
20706f7461746f	21219
20666f727468636f6d696e67	21220
2063686566	21221
2052696674	21222
61666665	21223
20524f4d	21224
204c61756e6368	21225
2070616473	21226
204e656f	21227
206f6e736574	21228
2073717565657a65	21229
73616665	21230
20707265666978	21231
20544d	21232
204e6561726c79	21233
20436c696e6963616c	21234
204d656e74616c	21235
6f74696174696f6e	21236
20556e6963	21237
616e747279	21238
20436972	21239
2065706974	21240
c3a6	21241
20657874726163746564	21242
76657273656c79	21243
72696164	21244
2073747261696e73	21245
20746f7073	21246
20706f656d	21247
2052616e6479	21248
204d61706c65	21249
54484552	21250
757069746572	21251
20535344	21252
9ae9	21253
20756e636f6e	21254
706572696e67	21255
20736c657074	21256
696e657273	21257
20756e6465727761746572	21258
2045766964656e6365	21259
676f6e65	21260
323035	21261
20686973746f7269616e73	21262
2073796e746865736973	21263
2066726f67	21264
6261736b657462616c6c	21265
2076696272616e74	21266
207375626f7264	21267
20333635	21268
204469616c	21269
20636f6f706572617465	21270
48414841	21271
2067726565746564	21272
313538	21273
206a617a7a	21274
20696e746f78	21275
2057616c6b696e67	21276
2073757065727669736f72	21277
20467573696f6e	21278
204d65726365646573	21279
73656e64	21280
48616d	21281
7364	21282
6e6c	21283
20746f757273	21284
2046494641	21285
2063756c70	21286
6764	21287
333034	21288
20706c656173	21289
20696c6c7573747261746573	21290
20436f6c6f6d626961	21291
20686967686c69676874696e67	21292
2053756d6d617279	21293
206578706f73696e67	21294
20447275	21295
2069726f6e79	21296
726974696f6e616c	21297
20436172726f6c6c	21298
20456c6c6973	21299
50696374	21300
2052617074	21301
2061646170746572	21302
20756e6d	21303
20636f72707365	21304
2063656c6562726974696573	21305
44656e	21306
6174756d	21307
2041706f63616c79707365	21308
20576167	21309
6c696e696e67	21310
20686f726d6f6e6573	21311
527562	21312
205869	21313
205661756c7473	21314
323038	21315
616c6b79726965	21316
696e6f73617572	21317
206665656473	21318
76697479	21319
20646566656174696e67	21320
57616974	21321
20656d70686173697a65	21322
20537465656c657273	21323
7972696e7468	21324
6c657973	21325
205768656e65766572	21326
43757272656e746c79	21327
20436c6f636b	21328
20636f6c6c6563746976656c79	21329
616e796f6e	21330
204a50	21331
206d656e74616c697479	21332
20646f776e6c6f616473	21333
20737572726f756e64696e6773	21334
204261726e6573	21335
20666c616773686970	21336
20696e64696361746f7273	21337
206772617070	21338
4a616e75617279	21339
20456c656d656e74616c	21340
20417468656e61	21341
6962616c	21342
20736967687473	21343
20636170697461	21344
20547265617479	21345
20766f69636564	21346
2047617a	21347
6c65747465	21348
207961	21349
2065787069726564	21350
4c6567656e64	21351
486f74	21352
6e6174757265	21353
20756e737461626c65	21354
20323830	21355
c3ba	21356
436f6d6d656e74	21357
414c45	21358
20717565737473	21359
2068616e646c6572	21360
6e6973	21361
20766572736174696c65	21362
20636f6e6365616c	21363
656e6765616e6365	21364
20496e746572616374697665	21365
206f62736573736564	21366
20446f6773	21367
20637261636b6564	21368
536f756e64	21369
7376	21370
2044796c616e	21371
726f616473	21372
6678	21373
20436174686f6c696373	21374
20486167	21375
20736c616d6d6564	21376
20676c6f77696e67	21377
73616c65	21378
2074697373756573	21379
20436869	21380
6e6565	21381
2063686572	21382
736963	21383
757272656374696f6e	21384
206261636f6e	21385
756c61746f7279	21386
292e22	21387
206972726567756c6172	21388
464f524d	21389
6173736564	21390
20696e74656e74696f6e616c	21391
20636f6d70656e73617465	21392
20537065616b696e67	21393
2053657473	21394
313533	21395
20636f6e76656e74696f6e73	21396
62616e6473	21397
656d616465	21398
20656363	21399
2057696e73746f6e	21400
20417373617373696e	21401
2042656c6769616e	21402
20646570656e64656e6365	21403
206e69636865	21404
206261726b	21405
204a617a7a	21406
20646973616476616e74616765	21407
206761736f6c696e65	21408
20313635	21409
e79a84	21410
65737361	21411
6d6f64756c65	21412
616e67756c6172	21413
4f59	21414
2054726561746d656e74	21415
69746173	21416
6f6c6174696f6e	21417
2041726e6f6c64	21418
2066657564	21419
204e657374	21420
2074686561747265	21421
657761746572	21422
206d696e6f7273	21423
6f6c696379	21424
20486176656e	21425
6469766973696f6e	21426
207472756e6b	21427
466172	21428
2050756c6c	21429
20636170747572696e67	21430
2031383030	21431
205465656e	21432
206578656d706c	21433
20636c696e696373	21434
2042757267	21435
2073756273746974	21436
207061796c6f6164	21437
204c6176	21438
2054726f79	21439
205769746e657373	21440
20667261676d656e7473	21441
2070617373776f726473	21442
20676f7370656c	21443
2047696e	21444
2074656e616e7473	21445
6f6c697468	21446
536978	21447
50726576696f7573	21448
2041676573	21449
2044617277696e	21450
20626c6174	21451
20656d7061746879	21452
736d697468	21453
626167	21454
204563686f	21455
2043616d62	21456
204d616464	21457
20426f6f	21458
2072656465	21459
204275726e696e67	21460
20736d6f6f74686c79	21461
2041647269616e	21462
2056616d70697265	21463
204d6f6e7374657273	21464
737465616d	21465
5374796c65	21466
4d61	21467
726561	21468
2044776172	21469
616c797374	21470
7572736f72	21471
20656c696d696e6174696f6e	21472
2063727970746f	21473
636874	21474
20457465726e616c	21475
e280a65d	21476
20536f726365	21477
496c6c	21478
4e4552	21479
207568	21480
436f6e636c7573696f6e	21481
77616765	21482
20726573706972	21483
2072656d696e6973	21484
6865746963616c	21485
206779	21486
207574696c697a6564	21487
69636964616c	21488
2031393030	21489
2068756e74657273	21490
205377616e	21491
205265616374	21492
2076697369746f72	21493
205468616e6b73676976696e67	21494
333038	21495
506f737473	21496
2068697073	21497
31393937	21498
6f6d657273	21499
206b6e6f636b696e67	21500
2056656869636c65	21501
2074696c	21502
20313338	21503
206d69	21504
20496e7665737469676174696f6e	21505
204b656e7961	21506
20636173696e6f	21507
206d6f7469766573	21508
2072656761696e	21509
726578	21510
207765656b656e6473	21511
2073746162626564	21512
626f726f	21513
206578706c6f69746564	21514
2048415645	21515
2054656c65766973696f6e	21516
636f636b	21517
207072657061726174696f6e73	21518
20656e64656176	21519
2052656d6f7465	21520
204d616b6572	21521
2050726f6475	21522
204576616e	21523
20696e666f726d6174696f6e616c	21524
204c6f75697376696c6c65	21525
313534	21526
20447265616d73	21527
20706c6f7473	21528
2052756e6e6572	21529
2068757274696e67	21530
2061636164656d79	21531
204d6f6e74676f6d657279	21532
6e6d	21533
204c616e63	21534
20416c7a	21535
323130	21536
656c6f6e67	21537
2072657461696c6572	21538
2061726973696e67	21539
20726562656c6c696f6e	21540
20626c6f6e6465	21541
706c61796564	21542
20696e737472756d656e74616c	21543
43726f7373	21544
20726574656e74696f6e	21545
207468657261706575746963	21546
2073656173	21547
20696e66616e747279	21548
20436c696e74	21549
2070726f6d7074696e67	21550
206269746368	21551
207374656d73	21552
204b7261	21553
20746865736973	21554
20426f67	21555
72756564	21556
206b696e6773	21557
20636c6179	21558
69666963656e74	21559
20594553	21560
205468696e67	21561
2043756273	21562
766579617264	21563
656c7368	21564
696e6172696c79	21565
204579	21566
20526f6c6c696e67	21567
2065766f6c76696e67	21568
496e646961	21569
207265636f676e697a6573	21570
2067726164756174696f6e	21571
6973657273	21572
2066657274696c697479	21573
204d696c616e	21574
436f6d6d616e64	21575
20626f78696e67	21576
2031393433	21577
20676c7574656e	21578
20456d6972	21579
2069646f6c	21580
20636f6e636569766564	21581
204372656174696f6e	21582
4d65726974	21583
75646479	21584
757373696f6e73	21585
204c69657574656e616e74	21586
696574616c	21587
20756e6368616e676564	21588
205363616c65	21589
204372696d6561	21590
62616c6c73	21591
61746f7269616c	21592
20646570746873	21593
20656d7069726963616c	21594
207472616e736d	21595
20756e73616665	21596
6d69737369626c65	21597
636f6d666f7274	21598
313536	21599
206d656368616e6963	21600
303032	21601
6c696e73	21602
20736d6f6b6564	21603
506f73	21604
20736c6f77696e67	21605
206c6176	21606
5465786173	21607
206368656174696e67	21608
204d6574726f706f6c6974616e	21609
657468796c	21610
20646973636f766572696e67	21611
61737365	21612
2070656e63696c	21613
2050796f6e6779616e67	21614
20636c6f736574	21615
205368656574	21616
20456e747279	21617
6f7573746963	21618
206d797374	21619
6572617465	21620
6172696174	21621
206d696e6572616c73	21622
206d7573696369616e	21623
2050756c	21624
204d617a	21625
323439	21626
207065726d697373696f6e73	21627
206976	21628
656e617279	21629
69636b657273	21630
2042696e67	21631
686561	21632
656e61626c65	21633
206772696576	21634
206173736572746564	21635
20436f6c6f6e656c	21636
2061666669646176	21637
776f	21638
20736561746564	21639
2052696465	21640
207061696e74696e6773	21641
20506978	21642
20313337	21643
69736869	21644
756d626169	21645
676f7474656e	21646
204561726c	21647
20696e6e696e67	21648
2063656e737573	21649
2074726176656c6c6564	21650
20436f6e73756c74	21651
313835	21652
62696e64	21653
2073696d706c6963697479	21654
206f7665726c6f6f6b6564	21655
2048656c7066756c	21656
206d6f6e6b6579	21657
206f7665727768656c6d696e676c79	21658
426c6f6f64	21659
20466c696e74	21660
204a616d61	21661
2050726573656e74	21662
2052616765	21663
205441	21664
7074697665	21665
207475726e6f7574	21666
77616c64	21667
20446f6c7068696e73	21668
2056504e	21669
206f6e696f6e	21670
206372616674696e67	21671
6d6d61	21672
204d657263757279	21673
20617272616e6765	21674
20616c65727473	21675
204f54	21676
7a626f6c6c6168	21677
206761736573	21678
2052696368617264736f6e	21679
73616c	21680
6c6172	21681
2066726f7374	21682
206c6f776572696e67	21683
206163636c61696d	21684
207374617274757073	21685
204761696e	21686
6573736d656e74	21687
20677561726469616e	21688
e4baba	21689
20506965	21690
204c696e6b73	21691
206d6572697473	21692
206177616b65	21693
20706172656e74616c	21694
2065786365656473	21695
2069646c65	21696
2050696c6f74	21697
2065426179	21698
20416363657074	21699
69706567	21700
43616d	21701
204b6f74	21702
2074726164657273	21703
6f6c6974696373	21704
756e6b6572	21705
2050616c65	21706
6f7369	21707
616e6d6172	21708
2031393437	21709
2046656c6c	21710
65737469616c	21711
69746174696e67	21712
4746	21713
205372	21714
6966746564	21715
20636f6e6e6563746f72	21716
20426f6e65	21717
696c6c6573	21718
323630	21719
686d61	21720
206f7665726c6170	21721
20476974487562	21722
20636c65616e6572	21723
2042617074697374	21724
20574153	21725
206c756e6773	21726
d181	21727
20425554	21728
2063697465	21729
2070697463686564	21730
726561746d656e74	21731
2074726f7068696573	21732
204e75	21733
333836	21734
205072696465	21735
20617474656e64656573	21736
5b5d	21737
313739	21738
207370617469616c	21739
207072697a6573	21740
2052656c6967696f6e	21741
2073686f7763617365	21742
2043617465676f7279	21743
7669646961	21744
546172676574	21745
50726f7065727479	21746
3f2c	21747
20667573696f6e	21748
706965	21749
2055434c41	21750
20736f756e64747261636b	21751
207072696e63657373	21752
20436176616c	21753
73686f756c64	21754
206c696d6273	21755
4261636b67726f756e64	21756
206c6f6e656c79	21757
20636f726573	21758
205461696c	21759
7368656574	21760
20313332	21761
5261	21762
e382ab	21763
20426f6c74	21764
20626f6f6b6564	21765
2061646d696e6973746572	21766
20657175616c73	21767
7779	21768
206f6273657276696e67	21769
204261726f6e	21770
2041646f6265	21771
2076697267696e	21772
20536f6369616c697374	21773
4d6f7665	21774
6768617a69	21775
204c696e6461	21776
323132	21777
2062726577696e67	21778
206d65726368616e7473	21779
6275727365	21780
206469766f72	21781
206d6574616c73	21782
204e6572	21783
2073756d73	21784
20456e656d79	21785
20656e766973696f6e	21786
206772616e74696e67	21787
20486f6e6579	21788
20536b7972696d	21789
20736f63696f	21790
677261646564	21791
2073656c656374697665	21792
57415348494e47544f4e	21793
2031393438	21794
20536972697573	21795
2047726f7373	21796
6163746976697479	21797
204976616e	21798
20667572696f7573	21799
425344	21800
2050726576696f7573	21801
20726573706f6e73697665	21802
2063686172697461626c65	21803
206c65616e696e67	21804
20506577	21805
2076696f6c61746573	21806
5c5c5c5c5c5c5c5c	21807
20436f6d696e67	21808
77697265	21809
20706f6574	21810
207265736f6c7574696f6e73	21811
636f6d6d616e64	21812
20506f7274756775657365	21813
206e69636b6e616d65	21814
2064656166	21815
4665627275617279	21816
207265636f676e697365	21817
20656e746972657479	21818
20736561736f6e616c	21819
706c61636564	21820
2054656c656772617068	21821
206d6963726f70686f6e65	21822
6f7572696e67	21823
20677261696e73	21824
20676f7665726e6564	21825
20706f737470	21826
20576174657273	21827
696e656d656e74	21828
20756e646f63756d656e746564	21829
20436f6d63617374	21830
20666f78	21831
2061737361756c7473	21832
72656f6e	21833
6d616e79	21834
204a656e6b696e73	21835
20416e79776179	21836
206173736573736d656e7473	21837
20646f776e73	21838
204d6f757365	21839
20737570657262	21840
6b74	21841
20446f77	21842
207461786174696f6e	21843
343031	21844
20736d696c6573	21845
20756e64657274616b656e	21846
20657868	21847
20656e74687573696173746963	21848
207477656e74	21849
20676f7665726e6d656e74616c	21850
206175746f6e6f6d79	21851
20546563686e6f6c6f67696573	21852
20436861696e	21853
2070726576616c656e74	21854
6662	21855
206e69636f74696e65	21856
6f6772616d	21857
6a6f62	21858
206177616974696e67	21859
204d656e75	21860
206465707574696573	21861
6b6f76	21862
6973686f7073	21863
427574746f6e	21864
205368616e67686169	21865
2064696573656c	21866
204475636b	21867
5279616e	21868
20504373	21869
4e46	21870
6a757279	21871
656e7465	21872
20696e6163637572617465	21873
65646479	21874
5768617465766572	21875
2073686f7763	21876
204e6164	21877
6f647573	21878
657472	21879
20706c61696e7469666673	21880
20574f52	21881
20417373616e6765	21882
20707269766174	21883
207072656d69756d73	21884
2074616d	21885
55524c	21886
20656c69746573	21887
2052616e676572	21888
6f7474656e68616d	21889
20486f6666	21890
20417468656e73	21891
20646566696e697465	21892
20736967686564	21893
206576656e6c79	21894
323131	21895
20416d626572	21896
616b6961	21897
206d61696c696e67	21898
206372617368696e67	21899
20436f6e6665646572617465	21900
727567676564	21901
57616c	21902
20446570746873	21903
206a7576656e696c65	21904
2072656163746f72	21905
496e74726f64756374696f6e	21906
2044656c757865	21907
31393935	21908
2053616e6368657a	21909
204d656164	21910
697661626c65	21911
3a2d	21912
20506c616e6e696e67	21913
2054726170	21914
7175696e	21915
2050726f74656374	21916
7665726564	21917
496e666f726d6174696f6e	21918
206b69646e6579	21919
696e6e616d6f6e	21920
6c6173	21921
20706f6c6963696e67	21922
20746f6c6572617465	21923
205169	21924
20626961736564	21925
466f7274	21926
204b69	21927
73617665	21928
2070726976696c65676564	21929
20626561737473	21930
20476c6173	21931
2043696e656d	21932
20636f6d656261636b	21933
53756e646179	21934
20657874696e6374696f6e	21935
686f7073	21936
207472616e736d6974	21937
20646f75626c6573	21938
20466c6174	21939
313637	21940
206469737075746564	21941
20696e6a757374696365	21942
666f6f	21943
56696374	21944
726f6c65756d	21945
204a756c6965	21946
436f6e74657874	21947
20526172697479	21948
6973737565	21949
436f6d706f6e656e74	21950
20636f756e73656c696e67	21951
616e6e65	21952
6461726b	21953
206f626a656374696f6e73	21954
75696c74	21955
2067617374	21956
20706c6163	21957
20756e75736564	21958
e38387	21959
20547269616c	21960
204a6173	21961
68656472616c	21962
6f6262	21963
2074656d706f72616c	21964
2050524f	21965
204e57	21966
20416e6e6976657273617279	21967
4c61726765	21968
20746865726d	21969
206461766964	21970
2073797374656d6963	21971
2053686972	21972
6d7574	21973
204e657074	21974
61646472657373	21975
207363616e6e696e67	21976
20756e6465727374616e6461626c65	21977
2063616e766173	21978
436174	21979
205a6f6f	21980
20616e67656c73	21981
4c4f	21982
2053746174656d656e74	21983
20536967	21984
6f7661626c65	21985
2041776179	21986
73686172696e67	21987
6f6372617473	21988
737461746564	21989
207765696768696e67	21990
4e6f72	21991
77696c64	21992
426579	21993
206173746f6e697368696e67	21994
205265796e6f6c6473	21995
206f70656e6572	21996
20747261696e6572	21997
20737572676963616c	21998
706e	21999
2061646a757374696e67	22000
776865656c	22001
2066726f776e	22002
6572766174697665	22003
2073757370656e64	22004
57697468696e	22005
7465696e	22006
206f62737461636c65	22007
206c6962657274696573	22008
796d6573	22009
207572616e69756d	22010
616e736f6d	22011
616e6f6c	22012
756261	22013
204c6f7373	22014
2061726f7573	22015
2048656e646572736f6e	22016
576f77	22017
73706c	22018
637572	22019
20c2ad	22020
20746865697273	22021
44616d616765	22022
20646f776e6c6f6164696e67	22023
206469736365726e	22024
2053746f	22025
20466c61	22026
2068617468	22027
20416a	22028
20756e706c656173616e74	22029
4575726f7065616e	22030
657870656e73697665	22031
2073637265656e73686f74	22032
205556	22033
20616c6c696564	22034
205065727369616e	22035
206d6f6e6f706f6c79	22036
2061746f6d	22037
20526564736b696e73	22038
223e3c	22039
2063616e63656c6c	22040
2063696e656d61	22041
313331	22042
66616972	22043
20416c66726564	22044
206475636b	22045
61726773	22046
323233	22047
20495349	22048
207369676e616c696e67	22049
696e6172	22050
206c6175676873	22051
20666f727761726473	22052
207265636b6c657373	22053
206c697374656e657273	22054
61746976697479	22055
20766173746c79	22056
6e616e74	22057
4c657373	22058
2048756e74696e67	22059
20536369656e7469666963	22060
49544544	22061
206b6e69676874	22062
20485443	22063
757361	22064
746d70	22065
2072756465	22066
204c6567656e64617279	22067
20617269736573	22068
426164	22069
20436c61696d	22070
706567	22071
207265616c6974696573	22072
5468696e6b	22073
20c2b0	22074
20726f6465	22075
20737472697665	22076
20616e656364	22077
2073686f727473	22078
206879706f74686573	22079
20636f6f7264696e61746564	22080
2047616e646869	22081
20465053	22082
524544	22083
207375736365707469626c65	22084
20736872696e6b	22085
204368617274	22086
48656c70	22087
20696f6e	22088
64656570	22089
7269626573	22090
204b6169	22091
20437573746f6d6572	22092
53756d6d617279	22093
20636f756768	22094
77696665	22095
206c656e64	22096
20706f736974696f6e696e67	22097
206c6f7474657279	22098
2043616e796f6e	22099
2066616465	22100
2062726f6e7a65	22101
204b656e6e79	22102
20626f61737473	22103
20456e68616e636564	22104
7265636f7264	22105
20656d657267656e6365	22106
20616b696e	22107
2042657274	22108
69746f7573	22109
e29691	22110
2073746970	22111
2065786368616e676564	22112
6f6d6f7265	22113
616c7368	22114
207265736572766f6972	22115
207374616e64706f696e74	22116
574d	22117
20696e697469617465	22118
206465636179	22119
2062726577657279	22120
207465727269626c79	22121
206d6f7274616c	22122
6c6576617264	22123
207265766973	22124
4e49	22125
656c6f	22126
20636f6e66657373	22127
204d534e4243	22128
207375626d697373696f6e73	22129
436f6e74726f6c6c6572	22130
20323032	22131
2052757468	22132
7d293b	22133
20417a757265	22134
202e22	22135
323036	22136
204d61726b6574696e67	22137
206c61756e64	22138
69656e63696573	22139
2072656e6f776e6564	22140
2054726f75	22141
204e474f	22142
626c656d73	22143
20746572726966696564	22144
207761726e73	22145
2070657274	22146
20756e73757265	22147
343830	22148
616c657a	22149
756c747a	22150
204f757473696465	22151
207374796c	22152
20556e64657267726f756e64	22153
2070616e63	22154
2064696374696f6e617279	22155
20666f65	22156
72696d696e616c	22157
204e6f7277656769616e	22158
206a61696c6564	22159
206d617465726e616c	22160
c3a965	22161
204c756379	22162
636f70	22163
43686f	22164
20756e7369676e6564	22165
205a656c6461	22166
20496e7369646572	22167
20436f6e74696e756564	22168
20313333	22169
204e617275746f	22170
204d616a6f72697479	22171
313639	22172
20576f	22173
e38293	22174
20706173746f72	22175
20696e666f726d616c	22176
d0bd	22177
616e7468726f70	22178
6a6f696e	22179
e38197	22180
69746174696f6e616c	22181
4e50	22182
2057726974696e67	22183
666e	22184
204265766572	22185
313935	22186
2079656c6c696e67	22187
2064726173746963616c6c79	22188
20656a656374	22189
206e657574	22190
20746872697665	22191
204672657175	22192
6f7578	22193
20706f73736573736573	22194
2053656e61746f7273	22195
20444553	22196
205368616b65737065617265	22197
204672616e636f	22198
204c42	22199
75636869	22200
20696e6361726e	22201
20666f756e64657273	22202
46756e6374696f6e	22203
206272696768746e657373	22204
204254	22205
207768616c65	22206
2054686561746572	22207
6d617373	22208
20446f6c6c	22209
536f6d657468696e67	22210
206563686f6564	22211
20486578	22212
63726974	22213
61666961	22214
20676f6464657373	22215
20656c6576656e	22216
2050726576696577	22217
204175726f7261	22218
20343031	22219
756c73697665	22220
204c6f67616e	22221
696e6275726768	22222
2043656e74657273	22223
204f4e4c59	22224
20416964	22225
2070617261646f78	22226
2068757264	22227
204c43	22228
447565	22229
636f757274	22230
206f6666656e646564	22231
206576616c756174696e67	22232
204d61747468657773	22233
20746f6d62	22234
20706179726f6c6c	22235
2065787472616374696f6e	22236
2048616e6473	22237
696669	22238
2073757065726e61747572616c	22239
20434f4d4d	22240
5d3d	22241
646f6773	22242
20353132	22243
204d656574696e67	22244
52696368617264	22245
204d6178696d756d	22246
20696465616c73	22247
5468696e6773	22248
6d616e64	22249
205265676172646c657373	22250
2068756d696c69	22251
627566666572	22252
4c6974746c65	22253
2044616e69	22254
204e616b	22255
206c696265726174696f6e	22256
20416265	22257
204f4c	22258
2073747566666564	22259
616361	22260
696e6461	22261
726170686963	22262
206d6f737175	22263
2063616d706169676e696e67	22264
206f6363757079	22265
537175	22266
72696e61	22267
2057656c	22268
205653	22269
20706879736963	22270
2070756c73	22271
72696e74	22272
6f61646564	22273
455446	22274
204172636869766573	22275
2076656e756573	22276
686e6572	22277
20547572626f	22278
206c757374	22279
2061707065616c6564	22280
7175657a	22281
696c6962	22282
2054696d6f746879	22283
206f6d6e	22284
64726f	22285
206f6273657373696f6e	22286
20536176616765	22287
31393936	22288
476c6f62616c	22289
4a6573	22290
323134	22291
20736c6964696e67	22292
20646973617070726f	22293
204d61676963616c	22294
20766f6c756e746172696c79	22295
6762	22296
616e6579	22297
2070726f70686574	22298
205265696e	22299
204a756c6961	22300
20576f727468	22301
6175727573	22302
20626f756e6473	22303
696575	22304
292929	22305
2063726f7265	22306
20436974697a656e	22307
536b79	22308
20636f6c756d6e697374	22309
207365656b657273	22310
6f6e646f	22311
495341	22312
204c656e677468	22313
206e6f7374616c67	22314
206e6577636f6d	22315
2064657472696d	22316
656e74726963	22317
333735	22318
204745	22319
206175746f70	22320
2061636164656d696373	22321
41707044617461	22322
205368656e	22323
206964696f74	22324
205472616e736974	22325
2074656173706f6f6e	22326
57696c	22327
4b4f	22328
20436f6d656479	22329
3e2c	22330
20706f70756c61746564	22331
5744	22332
2070696773	22333
204f63756c7573	22334
2073796d7061746865746963	22335
206d61726174686f6e	22336
313938	22337
207365697a757265	22338
7369646564	22339
20646f70	22340
69727475616c	22341
4c616e64	22342
20466c6f6f72	22343
6f7361757273	22344
2e2e2e5d	22345
206c6f73	22346
2073756273696469617279	22347
4559	22348
205061727473	22349
2053746566	22350
204a7564696369617279	22351
20313334	22352
206d6972726f7273	22353
206b6574	22354
74696d6573	22355
206e6575726f6c6f67	22356
20636176	22357
204775657374	22358
2074756d6f72	22359
7363696c6c	22360
204c6c6f7964	22361
457374	22362
20636c6561726572	22363
2073746572656f7479706573	22364
20647572	22365
6e6f7468696e67	22366
526564646974	22367
206e65676f746961746564	22368
2d2d2d2d2d2d2d2d2d2d2d2d2d2d2d2d2d2d2d2d2d2d2d2d	22369
323335	22370
20666c6f776e	22371
2053656f756c	22372
205265736964656e74	22373
20534348	22374
20646973617070656172616e6365	22375
2056696e6365	22376
67726f776e	22377
206772616273	22378
72696c	22379
20496e66696e697465	22380
205477656e7479	22381
207065646573747269616e	22382
206a6572736579	22383
20467572	22384
20496e66696e697479	22385
20456c6c696f7474	22386
206d656e746f72	22387
206d6f72616c6c79	22388
206f626579	22389
736563757265	22390
69666665	22391
20616e746962696f74696373	22392
616e676c6564	22393
20467265656d616e	22394
20496e74726f64756374696f6e	22395
4a756e	22396
206d61727368	22397
6963616e73	22398
204556454e5453	22399
6f63686f6e64	22400
57616c6c	22401
6963756c7479	22402
206d697364656d65616e6f72	22403
206c79	22404
54686f6d6173	22405
205265736f6c7574696f6e	22406
20616e696d6174696f6e73	22407
20447279	22408
20696e746572636f75727365	22409
204e6577636173746c65	22410
20486f67	22411
2045717569706d656e74	22412
313737	22413
207465727269746f7269616c	22414
206172636869766573	22415
323033	22416
46696c746572	22417
204d756e696368	22418
20636f6d6d616e646564	22419
2057616e64	22420
2070697463686573	22421
2043726f6174	22422
20726174696f73	22423
204d697473	22424
20616363756d756c61746564	22425
205370656369666963616c6c79	22426
2067656e746c656d616e	22427
6163657262	22428
2070656e6e	22429
20616b61	22430
2046756b	22431
20696e74657276656e65	22432
20526566756765	22433
20416c7a6865696d6572	22434
2073756363657373696f6e	22435
6f68616e	22436
646f6573	22437
4c6f7264	22438
2073657061726174	22439
20636f72726573706f6e64656e6365	22440
207368696e79	22441
5072696f72	22442
2073756c66	22443
206d6973657261626c65	22444
2064656469636174696f6e	22445
28292e	22446
207370656369616c69737473	22447
2064656665637473	22448
2043756c74	22449
20586961	22450
206a656f70617264	22451
204f7265	22452
4162696c697479	22453
206c656172	22454
20616d626974696f6e73	22455
20424d49	22456
204172616273	22457
2031393432	22458
20707265736572766174696f6e	22459
69666963617465	22460
20617368616d6564	22461
6c6f7373	22462
2052657374617572	22463
20726573656d626c65	22464
20656e72696368	22465
204b4e	22466
20436c616e	22467
666c6f6174	22468
20706c617961626c65	22469
495454	22470
206861726d6f6e79	22471
61727269736f6e	22472
205765696e737465696e	22473
77657265	22474
20706f69736f6e696e67	22475
20436f6d707574	22476
20576f72645072657373	22477
6d616a6f72	22478
2056616c7665	22479
46616e	22480
205468726f77	22481
20526f6d616e73	22482
2044657072657373696f6e	22483
61646f73	22484
20746f727475726564	22485
2062616c616e63696e67	22486
626f74746f6d	22487
20616371756972696e67	22488
204d6f6e7465	22489
61726469	22490
2061757261	22491
202323	22492
205374616e64696e67	22493
2041746c6173	22494
4346	22495
20696e7472696e73	22496
2042656e6768617a69	22497
2063616d70696e67	22498
20746170706564	22499
626c616465	22500
7374726f7573	22501
2052616262	22502
205772697474656e	22503
746970	22504
204e65696768	22505
7374657264616d	22506
20416c6c6f77	22507
204865616c696e67	22508
2052686f64	22509
6e756d	22510
206361666665696e65	22511
2050657263656e74	22512
20626f6f	22513
206170706c6573	22514
333035	22515
2077656c636f6d696e67	22516
206170706c617564	22517
20617573746572697479	22518
c2b1	22519
205265616c697479	22520
656665	22521
e5ae	22522
207375636b73	22523
2074616273	22524
2050617950616c	22525
206261636b7061636b	22526
20676966746564	22527
6162756c617279	22528
2053636f7574	22529
69727465656e	22530
206368696e	22531
206f6d6974746564	22532
206e656761746976656c79	22533
20616363657373696e67	22534
204561726e	22535
20616d62756c616e6365	22536
206865616470686f6e6573	22537
20323035	22538
2052656672657368	22539
707265736964656e74	22540
204b69746368656e	22541
20456e7465726564	22542
20536e79646572	22543
303035	22544
6f6d6963616c	22545
20626f72726f776564	22546
204e656d	22547
206176696174696f6e	22548
207374616c6c	22549
72696d696e6174696f6e	22550
20756e69666f726d73	22551
6974696d65	22552
2053696d6d6f6e73	22553
656e65726779	22554
61626c6973686564	22555
7979	22556
7175616c6966696564	22557
2072616c6c696573	22558
20537475617274	22559
666c69676874	22560
2067616e6773	22561
726167	22562
207661756c74	22563
6c7578	22564
20436f6d706172	22565
2064657369676e6174696f6e	22566
323039	22567
204a6f73	22568
646f6c6c6172	22569
7a65726f	22570
2077656c6c73	22571
333033	22572
20636f6e7374697475656e7473	22573
206865636b	22574
20636f7773	22575
20636f6d6d616e64657273	22576
20646966666572656e7469616c	22577
20436174686572696e65	22578
323939	22579
2076616c7665	22580
206272616365	22581
20706572737065637469766573	22582
63657274	22583
66616374	22584
6963756c61726c79	22585
204d634e	22586
706c616e6573	22587
20696e74726963	22588
2070656173	22589
6f76616e	22590
20746f73736564	22591
7265746368	22592
204c6f70657a	22593
20756e66616d696c696172	22594
6465617468	22595
204170617274	22596
204368616e67	22597
2072656c6965766564	22598
726f706865	22599
20616972706f727473	22600
20667265616b	22601
7574696c	22602
4d696c6c	22603
204368696e	22604
204f77656e	22605
6d616c65	22606
2042726f6b656e	22607
2057696e6473	22608
726f62	22609
726973696e67	22610
20666972656669676874657273	22611
20617574686f726974617269616e	22612
20313438	22613
426974636f696e	22614
65787465726e616c	22615
2062726f7773657273	22616
69636865766572	22617
6f7269616e	22618
20756e62	22619
20706f6b65	22620
205a6f74	22621
4d6964	22622
20506f70756c6172	22623
20636f76657274	22624
20636f6e7472696275746573	22625
20363530	22626
20636f6e74656e74696f6e	22627
47617465	22628
20636f6e736f6c6573	22629
206368726f6d6f73	22630
204958	22631
2076697375616c6c79	22632
20456973656e	22633
206a6577656c7279	22634
2064656c65676174696f6e	22635
20616363656c6572617465	22636
2052696c6579	22637
20736c6f7065	22638
20696e646f6f72	22639
697469616c6c79	22640
20687567656c79	22641
2074756e6e656c73	22642
2066696e6564	22643
20646972656374697665	22644
20666f726568656164	22645
7573746f6d6564	22646
20736b617465	22647
4d75736963	22648
676173	22649
207265636f676e697a696e67	22650
616d626f	22651
206f766572776569676874	22652
204772616465	22653
d98a	22654
20736f756e64696e67	22655
206c6f636b696e67	22656
2052454d	22657
53746f7265	22658
206578636176	22659
204c696b6577697365	22660
204c6967687473	22661
20656c626f77	22662
20537570706c79	22663
776963	22664
2068616e64736f6d65	22665
31393934	22666
436f6c6c	22667
2061646571756174656c79	22668
204173736f6369617465	22669
20737472697073	22670
20637261636b646f776e	22671
206d617276656c	22672
204b756e	22673
207061737361676573	22674
40404040	22675
2054616c6c	22676
2074686f7567687466756c	22677
6e616d657365	22678
2070726f737469747574696f6e	22679
627573696e657373	22680
2062616c6c6973746963	22681
706572736f6e616c	22682
636967	22683
697a6174696f6e616c	22684
526f756e64	22685
20c2a020c2a020c2a020c2a0	22686
20436f6c656d616e	22687
2061646d697474696e67	22688
20506c7567	22689
20626974636f696e73	22690
2053757a	22691
20666169726e657373	22692
20737570706c696572	22693
20636174617374726f70686963	22694
2048656c656e	22695
6f7175	22696
4d617263	22697
2041727469636c6573	22698
676965	22699
20656e64616e6765726564	22700
2064657374696e79	22701
20566f6c74	22702
6f6c6961	22703
61786973	22704
206368656174	22705
20756e6966696564	22706
49434f	22707
71756f7465	22708
333032	22709
20536564	22710
207375707072657373696f6e	22711
20616e616c797a696e67	22712
207371756174	22713
206669677572696e67	22714
20636f6f7264696e61746573	22715
206368756e6b73	22716
2031393436	22717
2073756270	22718
2077696b69	22719
20466f72626573	22720
204a757069746572	22721
204572696b	22722
696d6572	22723
20436f6d6d65726369616c	22724
5c29	22725
206c65676974696d616379	22726
2064656e74616c	22727
204d65616e	22728
206465666963697473	22729
353530	22730
4f726967696e616c6c79	22731
20486f72726f72	22732
20636f6e74616d696e6174696f6e	22733
6c6c6168	22734
20636f6e66697363	22735
20436c617265	22736
5442	22737
204661696c6564	22738
616e6564	22739
2072756c6572	22740
20436f6e74726f6c6c6572	22741
2066656d696e69737473	22742
466978	22743
676179	22744
323037	22745
20726162626974	22746
5468697264	22747
6f776e746f776e	22748
20676c7565	22749
20766f6c6174696c65	22750
207368696e696e67	22751
20666f6c6c	22752
20696d706169726564	22753
20737570657273	22754
e688	22755
20636c75746368	22756
9ae98692	22757
2070726f6c6574	22758
202821	22759
2079656c6c6564	22760
204b696576	22761
2045726e	22762
2053686f636b	22763
4b42	22764
207369747561746564	22765
7175657279	22766
204e6173	22767
20616e6e6578	22768
636861726163746572	22769
20486f6c69646179	22770
206175746f6d6174696f6e	22771
204a696c6c	22772
2052656d61737465726564	22773
206c696e656d	22774
2077696c6465726e657373	22775
20486f72697a6f6e	22776
204775696e6561	22777
415a	22778
206d61696e6c616e64	22779
2073656372656379	22780
4c45415345	22781
2070756e6b	22782
2050726f76696e6365	22783
28292c	22784
5370656564	22785
2068616e64696e67	22786
20536562617374	22787
536972	22788
72617365	22789
206a6f75726e616c73	22790
20636f6e67657374	22791
20547574	22792
697272656c	22793
20736368697a6f706872656e6961	22794
206d69736f67796e	22795
6865616c746879	22796
49726f6e	22797
2072656163746564	22798
2d24	22799
323532	22800
20706c7572616c	22801
20706c756d	22802
206261726761696e	22803
2067726f756e646564	22804
66696e646572	22805
206469737365	22806
204c617a	22807
4f4f44	22808
206174726f63	22809
466163746f7279	22810
206d696e696f6e73	22811
206f7269	22812
204272617665	22813
20505245	22814
204d79616e6d6172	22815
20486f64	22816
2065787065646974696f6e	22817
206578706c6f6465	22818
20436f6f7264	22819
2065787472	22820
204272696566	22821
2041444844	22822
2068617264636f7265	22823
66656564696e67	22824
2064696c65	22825
204672756974	22826
2076616363696e6174696f6e	22827
204d616f	22828
6f737068657265	22829
20636f6e7465737473	22830
2d7c	22831
206672656e	22832
69737068657265	22833
526f6d	22834
205368617270	22835
205472656e64	22836
20646973636f6e6e656374	22837
e280a2e280a2	22838
207065727365637574696f6e	22839
4561727468	22840
206865616c7468696572	22841
333834	22842
20636f62	22843
205472696e697479	22844
4f5753	22845
414e4e	22846
207370656369616c7479	22847
20677275	22848
20636f6f7065726174697665	22849
776879	22850
5374617274696e67	22851
20497373756573	22852
73747265	22853
656e736f72	22854
20313835	22855
416476	22856
213f	22857
20526576656c	22858
656d6961	22859
2048756c6b	22860
2063656c6562726174696f6e73	22861
20536f75	22862
72617564	22863
204b6c65696e	22864
20756e7265616c	22865
636f6e74657874	22866
20706172746e65727368697073	22867
2061646f7074696e67	22868
746963616c	22869
2073706c617368	22870
2048657a626f6c6c6168	22871
63617465676f7279	22872
6379636c6f70	22873
78746f6e	22874
20446f74	22875
75726479	22876
747a	22877
20656e76656c6f7065	22878
204e4c	22879
e295	22880
207768657265696e	22881
53706563	22882
313834	22883
2074656c6576	22884
616c696174696f6e	22885
206d79746873	22886
e5b0	22887
207269676f726f7573	22888
20636f6d6d756e69636174696e67	22889
206f62736572766572	22890
2072656865	22891
2057617368	22892
2061706f6c6f67697a6564	22893
2054696e	22894
20657870656e64697475726573	22895
776f726b657273	22896
646f63756d656e74	22897
206865736974617465	22898
204c656e696e	22899
20756e7072656469637461626c65	22900
2072656e6577616c	22901
636c6572	22902
6f6b6961	22903
20434f4e54	22904
20706f7374736561736f6e	22905
546f6b656e73	22906
2065786163657262	22907
2062657474696e67	22908
20313437	22909
20656c65766174696f6e	22910
576f6f64	22911
20536f6c6f6d6f6e	22912
313934	22913
303034	22914
6f7574707574	22915
20726564756e64	22916
204d756d626169	22917
207048	22918
20726570726f64756365	22919
204475726174696f6e	22920
4d4158	22921
20626f67	22922
434253	22923
2042616c616e6365	22924
20536774	22925
20526563656e74	22926
206364	22927
20706f70706564	22928
20696e636f6d706574	22929
70726f70	22930
6179616e	22931
677579	22932
50616369666963	22933
20747972	22934
207b7b	22935
204d7973746963	22936
2044616e61	22937
206d617374757262	22938
2067656f6d65747279	22939
c3a2	22940
20436f7272656374	22941
207472616a6563746f7279	22942
2064697374726163746564	22943
20666f6f	22944
2057656c7368	22945
4c7563	22946
6d697468	22947
207275676279	22948
2072657370697261746f7279	22949
20747269616e676c65	22950
20323135	22951
20756e6465726772616475617465	22952
205375706572696f72	22953
6368616e67696e67	22954
5f2d	22955
2072696768746c79	22956
2072656665726565	22957
206c7563726174697665	22958
20756e617574686f72697a6564	22959
20726573656d626c6573	22960
20474e55	22961
204465726279	22962
207061746877617973	22963
204c6564	22964
20656e647572616e6365	22965
207374696e74	22966
20636f6c6c6563746f72	22967
46617374	22968
20646f7473	22969
206e6174696f6e616c73	22970
2053656375726974696573	22971
2077686970	22972
506172616d	22973
206c6561726e73	22974
4d61676963	22975
2064657461696c696e67	22976
6d6f6f6e	22977
2062726f616463617374696e67	22978
2062616b6564	22979
323635	22980
686f6c6d	22981
20536168	22982
204875737365696e	22983
20436f757274657379	22984
313734	22985
20313436	22986
2067656f67726170686963	22987
7065616365	22988
206a756467696e67	22989
20537465726e	22990
427572	22991
2073746f72796c696e65	22992
47756e	22993
20537469636b	22994
323435	22995
333037	22996
e382b4e383b3	22997
2041646d696e6973747261746f72	22998
206275726e74	22999
2070617665	23000
63686f6573	23001
45786563	23002
2063616d7075736573	23003
526573756c74	23004
206d75746174696f6e73	23005
2043686172746572	23006
206361707475726573	23007
20636f6d7061726573	23008
206261646765	23009
536369656e74	23010
2065726164	23011
69657279	23012
6f69	23013
6574746573	23014
20457374617465	23015
207374726170	23016
2070726f75646c79	23017
206672696564	23018
2077697468647261776e	23019
20566f79	23020
70686f6e79	23021
4974656d73	23022
20506965726365	23023
62617264	23024
20616e6e6f746174696f6e	23025
616e746f6e	23026
696c6c6f6e	23027
496d70726f	23028
2e2e2e29	23029
2068617070696572	23030
2d2d2d2d2d2d	23031
61646a757374	23032
207374616666657273	23033
20616374697669736d	23034
2070657266	23035
20616c7269676874	23036
4e656564	23037
20636f6d6d656e6365	23038
206f70696f6964	23039
20416d616e6461	23040
4573	23041
2050617273	23042
204b6177	23043
576f726b73	23044
323438	23045
20696e646f	23046
7463	23047
656e64616e74	23048
204d6f746f	23049
206c6567616c697a6174696f6e	23050
4f5445	23051
207461736b6564	23052
20747370	23053
20414354494f4e53	23054
313636	23055
2072656672657368696e67	23056
204e52	23057
20506572657a	23058
20696e6672696e67656d656e74	23059
5359	23060
4c697374656e	23061
696e6e696e67	23062
6b75	23063
20726f74617465	23064
70726f6772616d	23065
61726168	23066
44657369676e	23067
2028c2a3	23068
2073746f72696e67	23069
2077617272616e7473	23070
206a756467656d656e74	23071
204272697374	23072
757375616c6c79	23073
70686f746f	23074
2052616e	23075
2050696e65	23076
206f7574726167656f7573	23077
2056616c656e74696e65	23078
6c75656e6365	23079
204576657279626f6479	23080
416c7465726e	23081
2072656c6576616e6365	23082
207465726d696e61746564	23083
2064657373657274	23084
2066756c66696c6c6564	23085
2070726f73656375746564	23086
20576f726473	23087
206d696772616e74	23088
2063756c7469766174696f6e	23089
c383c382c383c382c383c382c383c382c383c382c383c382c383c382c383c382c383c382c383c382c383c382c383c382c383c382c383c382c383c382c383c382	23090
6964656c697479	23091
205665726e	23092
204c6f67696e	23093
206d65746170686f72	23094
20546970	23095
207265637275697473	23096
20506967	23097
726962696e67	23098
20656e746875736961737473	23099
6578706572	23100
20667269676874656e696e67	23101
2048616972	23102
616e736f6e	23103
737472617465	23104
206869	23105
486569676874	23106
206f776e696e67	23107
6e6f6e65	23108
206469736c696b65	23109
206b6e69766573	23110
7068657264	23111
206c6f75646c79	23112
2041504973	23113
446973706c6179	23114
204c6163	23115
20555353	23116
61626c	23117
76657261676573	23118
4a6577	23119
20313732	23120
20486973746f726963616c	23121
61746f6f6e	23122
2050687973696373	23123
696e7465726e	23124
207761726d7468	23125
20746f7070	23126
444d	23127
2067756e6d616e	23128
20656d7065726f72	23129
6f6469	23130
e383a3	23131
696e61746f7279	23132
20526962	23133
20313331	23134
2053617475726e	23135
205368696e696e67	23136
2077616b696e67	23137
51756f746573	23138
20636f6d656469616e	23139
656e62657267	23140
c2bd	23141
2062656c696576657273	23142
207061706572776f726b	23143
637573746f6d	23144
206c6576	23145
206c616d656e74	23146
20706f7572696e67	23147
323232	23148
706f6c69746963616c	23149
20537570706c656d656e74	23150
6d616964	23151
20637275656c7479	23152
207472656164	23153
7973696373	23154
4177	23155
7269746573	23156
206d6f646966696572	23157
20506f736974696f6e	23158
4164616d	23159
6c62	23160
756273	23161
20696d70657266656374	23162
20636c757374657273	23163
20456e67696e656572	23164
20436865727279	23165
20696e61756775726174696f6e	23166
20536175	23167
20656d626f64696d656e74	23168
20556e636c65	23169
206f76657272	23170
206578706c6f73696f6e73	23171
63756c65	23172
205072696e6365746f6e	23173
20416e64726561	23174
20696e636f72726563746c79	23175
206561726e657374	23176
2070696c6772	23177
20537072696e74	23178
20736c65657665	23179
206865617273	23180
20416d617a696e67	23181
2062726f7773696e67	23182
6167696e	23183
20686f6d656c616e64	23184
20686177	23185
20646976696e67	23186
69737465726564	23187
313738	23188
206261726761696e696e67	23189
20417263616465	23190
2064656c6567617465	23191
746572736f6e	23192
2e2e2e2e2e2e2e2e2e2e2e2e2e2e2e2e2e2e2e2e2e2e2e2e2e2e2e2e2e2e2e2e2e2e2e2e2e2e2e2e2e2e2e2e2e2e2e2e2e2e2e2e2e2e2e2e2e2e2e2e2e2e2e2e	23193
204a61636b736f6e76696c6c65	23194
323735	23195
20737461676e	23196
206164616d	23197
20536865726d616e	23198
4342	23199
20737562757262	23200
20466f6f6473	23201
20636f6e76657274696e67	23202
204172697374	23203
206368616d62657273	23204
6c6f7665	23205
20616d696e6f	23206
2047616e	23207
206d61646e657373	23208
6d63	23209
20555345	23210
646566696e6564	23211
20756c7472	23212
696e64757374	23213
20776f6c766573	23214
6c616e6365	23215
4164646974696f6e616c6c79	23216
20637261636b73	23217
61736961	23218
20526561736f6e	23219
2050756d70	23220
206163636964656e74616c	23221
204c61736572	23222
20526964	23223
20696e697469616c697a6564	23224
656c6c69	23225
20756e6e616d6564	23226
206e6f756e	23227
20506173736564	23228
20686f7374616765	23229
20457468696f70	23230
736869727473	23231
20756e72656c	23232
20456d6261737379	23233
2031393431	23234
2061746f6d73	23235
20707572706f72746564	23236
313634	23237
204669	23238
2067616c6c6f6e73	23239
204d6f6e696361	23240
207067	23241
656e6d656e74	23242
20736f72746564	23243
20476f7370656c	23244
2068656967687473	23245
20747261636564	23246
20756e646572676f696e67	23247
5368656c6c	23248
207361636b73	23249
2070726f706f7274696f6e73	23250
2068616c6c7563	23251
466f6e74	23252
61636574	23253
207761726d6572	23254
20494e544552	23255
206772616262696e67	23256
506c7567	23257
207265616c697a6174696f6e	23258
204275726b65	23259
20656e6368616e74	23260
41544552	23261
2053656564	23262
206162756e64616e74	23263
464d	23264
206369766963	23265
5673	23266
697369	23267
20766f77	23268
207265706572	23269
20506172746e657273686970	23270
2070656e6574726174696f6e	23271
20617865	23272
20736861747465726564	23273
205a6f6d62696573	23274
2076696e796c	23275
20416c657274	23276
656f6e	23277
206f626c69676564	23278
20496c6c757374	23279
20506c617a61	23280
2046726f6e74696572	23281
2064617669646a6c	23282
2053657269616c	23283
20486176	23284
204e7574726974696f6e	23285
4269	23286
20e29688	23287
204a617973	23288
6c696e7578	23289
206875727279	23290
20766f79	23291
20686f70656c657373	23292
20537465616c7468	23293
20e381	23294
6573736f7273	23295
74746c65	23296
626f7267	23297
20536166617269	23298
66656c6c	23299
2077617279	23300
647565	23301
2041626f7665	23302
4861	23303
454c4c	23304
206e6f746f72	23305
20576f6e	23306
546f6f	23307
206f636375706174696f6e73	23308
20706f7373657373696f6e73	23309
20696e766974696e67	23310
207072656461746f7273	23311
20616363656c657261746564	23312
20313537	23313
757465727465	23314
2043756265	23315
65617374	23316
6163636f756e74	23317
47697665	23318
207472616e73706c616e74	23319
72656469656e7473	23320
696461626c65	23321
2073637265656e73686f7473	23322
2047756e64	23323
204653	23324
2074726176656c657273	23325
2073656e736f7279	23326
2046696174	23327
20526f636b657473	23328
8e8b	23329
5f7b	23330
467269656e64	23331
20636861726d696e67	23332
414c53	23333
20656e6a6f796d656e74	23334
6d7068	23335
2035303030	23336
20524547	23337
d986	23338
626961	23339
20636f6d70696c6174696f6e	23340
726f7374	23341
205650	23342
205363686e65	23343
32303139	23344
20636f7079696e67	23345
4d4f5245	23346
20466c6f7265	23347
66616c6c73	23348
323135	23349
746f74616c	23350
206469736369706c6573	23351
646f75626c65	23352
20657863656564696e67	23353
20736d6173686564	23354
20636f6e6365707475616c	23355
20526f6d616e6961	23356
204272656e74	23357
20494345	23358
20546f75	23359
2067726170	23360
206e61696c73	23361
313839	23362
e38398	23363
2070726f63757265	23364
657572	23365
20636f6e6669726d696e67	23366
20436563	23367
617769	23368
204564656e	23369
206e67	23370
20656e67696e6565726564	23371
6174696373	23372
20686f6f6b6564	23373
2064697367757374696e67	23374
204d7572646572	23375
e382bf	23376
4c696272617279	23377
20313638	23378
416c6d6f7374	23379
68656d61746963	23380
4d656e75	23381
204e6f747265	23382
204a7572	23383
206b69646e6170706564	23384
206861636b6572	23385
204a616465	23386
20637265657079	23387
2064726177696e6773	23388
2053706f6e736f72	23389
206379636c69737473	23390
20476f626c696e	23391
206f7074696d697a6564	23392
20737461676564	23393
204d6344	23394
6265747765656e	23395
416765	23396
656e6f	23397
536578	23398
2057696465	23399
6e696e6773	23400
61766973	23401
20696e63617061626c65	23402
204b6f62	23403
20726577617264696e67	23404
204c6f6e65	23405
6f6c657363656e74	23406
20636f6e74726163746564	23407
20737469636b79	23408
4a6f7365	23409
42616c6c	23410
66657374	23411
20496e707574	23412
20526563656e746c79	23413
20746f6d6174	23414
737175617265	23415
4170706c69636174696f6e	23416
206e6974726f67656e	23417
206475706c6963617465	23418
205265636f6e	23419
2044656172	23420
4c6f6e646f6e	23421
20696e747261	23422
20646f636b	23423
206f75747265616368	23424
204d696c6c696f6e	23425
206d616d6d616c73	23426
616d70746f6e	23427
56414c	23428
20736e617073	23429
20646f73	23430
2057686f6c65	23431
205265616479	23432
547279	23433
2057696e6e69706567	23434
656172616e6365	23435
20696e637572726564	23436
72656e63686564	23437
204e5357	23438
696c6f74	23439
7261696e65	23440
2063756265	23441
676f74	23442
2072756e776179	23443
657465726d696e6564	23444
204861776b73	23445
207375727669766f72	23446
2057697368	23447
2044696e	23448
20444546	23449
205661756c74	23450
313837	23451
206d757368726f6f6d73	23452
206372697370	23453
626579	23454
20446973636f76657279	23455
20646576656c6f706d656e74616c	23456
20706172616469676d	23457
206368616f746963	23458
20547375	23459
20333333	23460
626f6e73	23461
2062616374657269616c	23462
20636f6d6d697473	23463
20636f736d6963	23464
206d656761	23465
6f636174697665	23466
205061696e74	23467
6f70686f626963	23468
207661696e	23469
20636172766564	23470
205468696566	23471
2047756c	23472
6f7773686970	23473
206369746573	23474
204564696e6275726768	23475
2064696d696e6973686564	23476
2061636b6e6f776c6564676573	23477
204b696c6c73	23478
206d6963726f77	23479
2048657261	23480
2073656e696f7273	23481
2077686572656279	23482
486f70	23483
6174726f6e	23484
20756e617661696c61626c65	23485
204e617465	23486
20343830	23487
20736c61746564	23488
2052656265636361	23489
2042617474657279	23490
206772616d6d6172	23491
2068656164736574	23492
20637572736f72	23493
206578636c7564696e67	23494
616e7965	23495
61756e646572696e67	23496
6562696e	23497
206665617369626c65	23498
205075626c697368696e67	23499
204c616273	23500
20436c696666	23501
2046657272617269	23502
20706163	23503
76697369626c65	23504
6d61726b6564	23505
70656c6c	23506
20706f6c697465	23507
2073746167676572696e67	23508
2047616c6163746963	23509
2073757065727374	23510
20706172616e	23511
204f66666963657273	23512
e38081	23513
20737065636966696373	23514
756c7573	23515
323339	23516
205061737465	23517
414d50	23518
2050616e616d61	23519
2044656c657465	23520
616e6775617264	23521
726573747269616c	23522
206865726f6963	23523
204479	23524
d8a7d984	23525
20696e63756d62656e74	23526
206372756e6368	23527
74726f	23528
2073636f6f70	23529
20626c6f67676572	23530
2073656c6c657273	23531
7572656e	23532
206d65646963696e6573	23533
2043617073	23534
20416e696d6174696f6e	23535
6f7879	23536
206f757477617264	23537
20696e71756972696573	23538
323239	23539
2070737963686f6c6f67697374	23540
205361736b	23541
6576696c	23542
20636f6e74616d696e61746564	23543
e382a8	23544
686572656e6365	23545
206272616e646564	23546
20416264756c	23547
7a68	23548
2070617261677261706873	23549
206d696e73	23550
20636f7272656c61746564	23551
657262	23552
20696d70617274	23553
206d696c6573746f6e65	23554
20536f6c7574696f6e73	23555
6f746c65	23556
20756e646572636f766572	23557
206d617263686564	23558
204368617267657273	23559
666178	23560
2053656372657473	23561
2072757468	23562
77656174686572	23563
2066656d696e696e65	23564
207368616d	23565
2070726573746967696f7573	23566
696767696e73	23567
2073756e67	23568
686973746f7279	23569
6574746c65	23570
67676965	23571
206f75746461746564	23572
6f6c616e64	23573
2070657263657074696f6e73	23574
2053657373696f6e	23575
20446f6467657273	23576
756a	23577
20454e44	23578
446f63	23579
20646566696369656e6379	23580
4772616e64	23581
204a6f6b6572	23582
20726574726f7370656374	23583
20646961676e6f73746963	23584
206861726d6c657373	23585
20726f677565	23586
204176616c	23587
457175	23588
207472616e7363	23589
20526f62657274736f6e	23590
20446570656e64696e67	23591
204275726e73	23592
69766f	23593
20686f7374696c697479	23594
4665617475726573	23595
9398	23596
20646973636f6d666f7274	23597
204c4344	23598
737065636966696564	23599
20457870656374	23600
333430	23601
20696d7065726174697665	23602
20526567756c6172	23603
4368696e657365	23604
20737461746577696465	23605
2073796d6d	23606
206c6f6f7073	23607
20617574756d6e	23608
4e69636b	23609
2073686170696e67	23610
2071756f74	23611
20636865727279	23612
2043726f7373726566	23613
e8a69ae98692	23614
5374616e64617264	23615
68656564	23616
2044656c6c	23617
20566965746e616d657365	23618
206f7374	23619
2056616c6b79726965	23620
4f41	23621
4173736164	23622
207265626f756e64	23623
2054726166666963	23624
706c61636573	23625
e698	23626
20427563	23627
313732	23628
207368656c74657273	23629
20696e73697374696e67	23630
204365727461696e6c79	23631
204b656e6e657468	23632
20544350	23633
2070656e616c	23634
205265706c6179	23635
6865617264	23636
206469616c656374	23637
697a61	23638
204659	23639
697463686572	23640
20444c	23641
2073706972616c	23642
20717561727465726261636b73	23643
2068756c6c	23644
20676f6f676c65	23645
20746f6464	23646
20537465726c696e67	23647
20506c617465	23648
20737079696e67	23649
6d626f6c	23650
205265616c6d	23651
2050726f636564	23652
204372617368	23653
207465726d696e617465	23654
2070726f74657374696e67	23655
43656e746572	23656
677569646564	23657
20756e636f766572	23658
20626f79636f7474	23659
207265616c697a6573	23660
736f756e64	23661
2070726574656e64696e67	23662
20566173	23663
31393830	23664
206672616d6564	23665
20313339	23666
2064657363656e646564	23667
207265686162696c69746174696f6e	23668
20626f72726f77696e67	23669
2042756368	23670
20626c7572	23671
526f6e	23672
2046726f7a656e	23673
656e7a61	23674
4368696566	23675
20506f6f72	23676
207472616e736c61746573	23677
4d494e	23678
20323132	23679
4a454354	23680
2065727570746564	23681
20737563636573736573	23682
534543	23683
20706c61677565	23684
2067656d73	23685
646f6d73	23686
20737472657463686573	23687
20537079	23688
2073746f727974656c6c696e67	23689
437265646974	23690
2050757368	23691
207472616374696f6e	23692
20696e656666656374697665	23693
204c756e61	23694
207461706573	23695
20616e616c7974696373	23696
657263697365	23697
2070726f6772616d6d6573	23698
20436172626f6e	23699
206265686f6c64	23700
6865617679	23701
20436f6e736572766174696f6e	23702
20464952	23703
207361636b	23704
7465726d696e	23705
7269636b73	23706
20686f75736564	23707
20756e757375616c6c79	23708
496365	23709
20657865637574696e67	23710
204d6f726f63	23711
65646179	23712
2065646974696f6e73	23713
20736d6172746572	23714
204241	23715
206f75746c6177	23716
2076616e6973686564	23717
696261	23718
414c5345	23719
2053696c7661	23720
323338	23721
436f756c64	23722
207068696c6f736f70686572	23723
20657661637561746564	23724
536563726574	23725
313432	23726
207669736173	23727
e382ac	23728
204d616c74	23729
20436c6561726c79	23730
204e69676572	23731
20436169726f	23732
2046697374	23733
333830	23734
20584d4c	23735
6175746f	23736
6974616e74	23737
207265696e666f72636564	23738
5265636f7264	23739
205375727669766f72	23740
47487a	23741
20736372657773	23742
706172656e7473	23743
206f6365616e73	23744
6d61726573	23745
206272616b6573	23746
766173697665	23747
2068656c6c6f	23748
2053494d	23749
72696d70	23750
206f7265	23751
2041726d6f7572	23752
323437	23753
207465727269666963	23754
20746f6e6573	23755
313431	23756
204d696e75746573	23757
457069736f6465	23758
20637572766573	23759
20696e666c616d6d61746f7279	23760
2062617474696e67	23761
2042656175746966756c	23762
4c6179	23763
20756e706f70	23764
7661626c65	23765
2072696f7473	23766
2054616374696373	23767
6261756768	23768
20436f636b	23769
206f726761736d	23770
20536173	23771
20636f6e7374727563746f72	23772
65747a	23773
476f76	23774
20616e7461676f6e	23775
207468656174	23776
206465656473	23777
68616f	23778
63757473	23779
204d63436c	23780
20756d	23781
20536369656e7469737473	23782
206772617373726f6f7473	23783
7973736579	23784
225d3d3e	23785
207375726661636564	23786
20736861646573	23787
206e65696768626f757273	23788
206164766572746973	23789
6f7961	23790
206d6572676564	23791
55706f6e	23792
20676164	23793
20616e7469636970617465	23794
416e79776179	23795
20736c6f67616e	23796
2064697372657370656374	23797
4972616e	23798
205442	23799
6163746564	23800
20737562706f656e	23801
6d6564696174656c79	23802
4f4f4f4f	23803
20776169766572	23804
2076756c6e65726162696c6974696573	23805
6f7474657376696c6c65	23806
2048756666696e67746f6e	23807
4a6f7368	23808
204448	23809
4d6f6e646179	23810
20456c6c656e	23811
4b6e6f77	23812
786f6e	23813
6974656d73	23814
323238	23815
2066696c6c73	23816
204e696b65	23817
2063756d756c6174697665	23818
616e64616c73	23819
4972	23820
20ec	23821
206672696374696f6e	23822
696761746f72	23823
207363616e73	23824
205669656e6e61	23825
6c646f6d	23826
20706572666f726d657273	23827
5072696d	23828
2062696464696e67	23829
4d7572	23830
206c65616e6564	23831
2050726978	23832
616c6b73	23833
205be280a65d	23834
20547769746368	23835
20446576656c6f706572	23836
20476972	23837
2063616c6c6261636b	23838
4162737472616374	23839
206163637573746f6d6564	23840
2066726565646f6d73	23841
205047	23842
7572616379	23843
206c756d70	23844
69736d616e	23845
2c2c2c2c	23846
31393932	23847
20524544	23848
20776f726d	23849
4d61746368	23850
20506c6174696e756d	23851
494a	23852
204f776e6572	23853
547269766961	23854
636f6d706c	23855
206e6577626f726e	23856
2066616e746173	23857
4f776e	23858
2031393539	23859
2073796d70617468	23860
207562697175	23861
206f757470757473	23862
20616c6c6576	23863
2070726167	23864
4b6576696e	23865
206661766f7273	23866
2062757269616c	23867
206e757274	23868
736f6c657465	23869
6361636865	23870
20313536	23871
20756e6c6f636b73	23872
746563686e	23873
4d616b696e67	23874
20636f6e71756572	23875
61646963	23876
e696	23877
20656c66	23878
20656c6563746f72617465	23879
204b75726473	23880
20537461636b	23881
2053616d75726169	23882
20e29885	23883
207b7d	23884
2053616964	23885
2046616c6c6f7574	23886
206b696e646e657373	23887
20437573746f6d73	23888
20426f756c6576617264	23889
2068656c69636f7074657273	23890
6f74696373	23891
205665676574	23892
636f6d6d656e74	23893
2063726974696369736564	23894
20706f6c6973686564	23895
2052656d6978	23896
2043756c747572616c	23897
207265636f6e73	23898
20646f69	23899
6174656d	23900
53637265656e	23901
20626172726564	23902
436f6d6d656e7473	23903
2047656e6572616c6c79	23904
20736c6170	23905
373230	23906
56617269	23907
70696e65	23908
20656d7074	23909
2068617473	23910
20506c6179696e67	23911
6c6162	23912
61766572616765	23913
666f726d73	23914
20436f74746f6e	23915
2063616e73	23916
20444f4e	23917
20536f6d616c6961	23918
4372797074	23919
20496e63726561736573	23920
45766572	23921
6d6f6465726e	23922
2073757267656f6e	23923
33303030	23924
2072616e646f6d697a6564	23925
3d3d3d3d3d3d3d3d3d3d3d3d3d3d3d3d3d3d3d3d3d3d3d3d3d3d3d3d3d3d3d3d3d3d3d3d3d3d3d3d3d3d3d3d3d3d3d3d3d3d3d3d3d3d3d3d3d3d3d3d3d3d3d3d	23926
4265726e	23927
696d706c	23928
20434f52	23929
2070726f636c61696d	23930
74686f757365	23931
20746f6573	23932
20616d706c65	23933
2070726573657276696e67	23934
2064697362656c	23935
6772616e64	23936
42657369646573	23937
2073696c6b	23938
205061747465726e	23939
686d	23940
20656e746572707269736573	23941
20616666696461766974	23942
2041647669736f7279	23943
2061647665727469736564	23944
2052656c6967696f7573	23945
73656374696f6e73	23946
7073796368	23947
204669656c6473	23948
6177617973	23949
2068617368746167	23950
204e696768746d617265	23951
2076616d70697265	23952
20666f72656e736963	23953
726f73736f766572	23954
6e6172	23955
206e617679	23956
20766163616e74	23957
204475656c	23958
2068616c6c776179	23959
2066616365626f6f6b	23960
6964656e74616c6c79	23961
204e5241	23962
206d617474	23963
20687572726963616e65	23964
204b69726279	23965
2050757a7a6c65	23966
20736b697274	23967
6f757374	23968
64756c6c6168	23969
20616e616c6f6779	23970
696e696f6e	23971
20746f6d61746f6573	23972
204e56	23973
205065616b	23974
204d65796572	23975
206170706f696e746d656e7473	23976
206d617363	23977
20616c6c6579	23978
726568656e64	23979
20636861726974696573	23980
20756e646f	23981
2064657374696e6174696f6e73	23982
2054657374696e67	23983
223e3c2f	23984
2064657374696e6564	23985
20696d706c656d656e7473	23986
204861726f6c64	23987
52454354	23988
206f7074696d697a6174696f6e	23989
206b696c6f6d6574726573	23990
20636d64	23991
20696d706169726d656e74	23992
20756e7375636365737366756c	23993
2073776966746c79	23994
20476c6173676f77	23995
617274656e	23996
20536861726573	23997
20416e73776572	23998
20416c62756d	23999
206e7574726974696f6e616c	24000
e38396	24001
20467574	24002
20626c6f63	24003
204e4643	24004
2077686f6c6573616c65	24005
204357	24006
206e65676c6563746564	24007
206c61756e63686572	24008
20616e6e6f756e63656d656e7473	24009
4f554c44	24010
636f6d62	24011
20726f746174696e67	24012
207265737473	24013
205469636b6574	24014
63686564656c	24015
4c6f75	24016
20566963	24017
202227	24018
2074656d706c61746573	24019
207265706c61636573	24020
417263	24021
3a3a3a3a	24022
2047696c62657274	24023
20696c6c6e6573736573	24024
207363686564756c6573	24025
2068657465726f73657875616c	24026
4c494e45	24027
2068657265696e	24028
20636f657263	24029
2064656372656173696e67	24030
206465706f72746174696f6e	24031
7375646f	24032
20496e646967656e6f7573	24033
20776569676873	24034
416c6f6e67	24035
27293b	24036
2042656e67616c73	24037
373037	24038
206a6f696e7473	24039
7665727473	24040
20313439	24041
6e61697265	24042
2073696d706c657374	24043
206c6f7265	24044
31303830	24045
66696374696f6e	24046
204461746162617365	24047
207265736572766174696f6e	24048
20736f75	24049
2073616e637475617279	24050
617564696f	24051
61706c65	24052
207665676574617269616e	24053
20616e74696369706174696f6e	24054
6d6963726f	24055
20656e647572696e67	24056
206465706172746564	24057
207369646577616c6b	24058
2070726f686962697473	24059
20466f6e74	24060
20636f6d70757465	24061
2053656374	24062
20313538	24063
426174746c65	24064
20626f6d626572	24065
206469737472616374696f6e	24066
20656e6475726564	24067
2070726163746974696f6e657273	24068
20646973747572626564	24069
206472616e6b	24070
6f726465726564	24071
20737572707269736573	24072
73656174	24073
5365637572697479	24074
20576973646f6d	24075
6f676f	24076
20737562706172616772617068	24077
2050656e696e73756c61	24078
204f726967696e73	24079
6972656e	24080
20506176	24081
6967676c65	24082
20677261746974756465	24083
2047726176697479	24084
6f7665727479	24085
696d616e	24086
637472	24087
20436165736172	24088
636f756c64	24089
67656d	24090
20736b696573	24091
206368616d70	24092
206167726565696e67	24093
46616d696c79	24094
446976	24095
313736	24096
206d65737379	24097
756d7074696f6e	24098
4665646572616c	24099
65726e6f	24100
2043686174	24101
4265796f6e64	24102
206465766f7465	24103
2057616c7368	24104
2064756d706564	24105
20616363756d756c6174696f6e	24106
73746164	24107
6869626974696f6e	24108
20736d6f6b657273	24109
20696e73706563746f72	24110
4672656e6368	24111
697373616e	24112
2056697461	24113
207265736561726368696e67	24114
52414d	24115
2043656c74696373	24116
20636c6f616b	24117
205465727261	24118
4d617279	24119
736f6c64	24120
20444f4d	24121
6d6f6473	24122
496e74656c	24123
206d756c746974756465	24124
20496d70726f766564	24125
2072656c69616e6365	24126
206172746966616374	24127
20616c61726d696e67	24128
50726f6d	24129
686f6e	24130
54494f4e	24131
6d656469756d	24132
207265666c6578	24133
20457863656c	24134
207765616b656e6564	24135
313633	24136
323234	24137
20636f7374756d6573	24138
20756e697175656c79	24139
20736f72726f77	24140
206d616e73696f6e	24141
7770	24142
2073616c76	24143
2047726f7665	24144
627370	24145
20536e69706572	24146
205368697070696e67	24147
20504f57	24148
20756e646973	24149
206272616e64696e67	24150
4769726c	24151
2041686d6164	24152
204c616b6573	24153
20436f726579	24154
20696e6865726974616e6365	24155
656e657279	24156
207061636b696e67	24157
205072657374	24158
44657374	24159
4657	24160
20726567756c61746f72	24161
6c6f636b6564	24162
20636f6e746573746564	24163
204d656c69737361	24164
20447563	24165
20756e706f70756c6172	24166
20737461636b6564	24167
2031393137	24168
20796561726c79	24169
207374617265	24170
20617373657373696e67	24171
c3b8	24172
20626576657261676573	24173
20636f6d7065746974696f6e73	24174
20737472656e677468656e696e67	24175
616c6f6e67	24176
204c7564	24177
206d656c746564	24178
7374616e62756c	24179
20626f756e7479	24180
454e43	24181
204c616e6473	24182
206465636c61726573	24183
20637573746f6d697a65	24184
20636f6d706f73697465	24185
e383ac	24186
434d	24187
6f6772617068696373	24188
2054656d70	24189
20636f6e74656e646572	24190
20696e7369676e	24191
204c414e	24192
20646973617374657273	24193
696e737069726564	24194
206a7564676d656e7473	24195
75737461696e61626c65	24196
757273696f6e	24197
2076617269616e6365	24198
20556c74696d6174656c79	24199
202d2d2d2d2d2d2d2d	24200
7561646f72	24201
205258	24202
206d656c74696e67	24203
20457874656e646564	24204
20547765	24205
4d616a6f72	24206
2042696c	24207
207379727570	24208
717569636b	24209
20486f6c646572	24210
20696e6e6f63656e6365	24211
554c45	24212
204d69676874	24213
39393939	24214
2066616c	24215
20636f6e74696e75697479	24216
2031393533	24217
204253	24218
7374696c6c	24219
4c6174	24220
204162757365	24221
20756e737570706f72746564	24222
7878787878787878	24223
20696e73746974757465	24224
20667261676d656e74	24225
20506570	24226
5765737465726e	24227
204361757365	24228
2046726167	24229
20417273	24230
e0a5	24231
617374696373	24232
20626973686f70	24233
2063726f73736573	24234
20313534	24235
2055706772616465	24236
206d69746967617465	24237
205261796d6f6e64	24238
4d6f6473	24239
20746f6d61746f	24240
207374756d626c6564	24241
2064696666657273	24242
496e697469616c	24243
20526173706265727279	24244
2069676e6f726573	24245
2074616e74	24246
c3a0	24247
2072656c6179	24248
20626973657875616c	24249
20636f6e66657373696f6e	24250
2064656d656e74	24251
696e6173	24252
2048656174686572	24253
706c6174666f726d	24254
64726976696e67	24255
626f757267	24256
204d757368	24257
20687973746572	24258
44657461696c73	24259
206472696674	24260
2057616c64	24261
204c75636b696c79	24262
6f7266	24263
20657870697265	24264
2050756e6368	24265
7a796d65	24266
676f6c64	24267
20756e70616964	24268
205472656e74	24269
20756e61726d6564	24270
20696c6c69636974	24271
20546f7474656e68616d	24272
20736d617368	24273
496e7465726e6174696f6e616c	24274
696e6b6572	24275
207374696e67	24276
2053616464616d	24277
20415254	24278
20747275746873	24279
6269727468	24280
20736f626572	24281
204e6974	24282
206962	24283
20757361626c65	24284
20737461636b73	24285
2053796c76	24286
206e6f72746865617374	24287
20646f6d696e6174696f6e	24288
204d6f7572	24289
454e5345	24290
204d656173757265	24291
2070726f6772616d6d6572	24292
203c2d	24293
313832	24294
20436f6e646974696f6e	24295
206261636b79617264	24296
69726c696e67	24297
204a6562	24298
204372656564	24299
2048616e67	24300
20434f4d50	24301
464552	24302
20497368	24303
2064657465637469766573	24304
2d2d2d2d2d2d2d2d2d2d2d2d2d2d2d	24305
204d657373656e676572	24306
206c6f6f7068	24307
2067617465776179	24308
313531	24309
204d6174657269616c73	24310
204454	24311
20646f6f6d6564	24312
6f646f	24313
20736c69636573	24314
20656d61696c6564	24315
205065726c	24316
2072656e6f76	24317
555448	24318
6f64796e616d	24319
20536f75746877657374	24320
6765746963	24321
20545050	24322
206f7074696d69736d	24323
20546f77	24324
756c61746f7273	24325
70726f746563746564	24326
796c6573	24327
c2ab	24328
206578696c65	24329
656e76	24330
50726f70	24331
205a696d6d65726d616e	24332
d98e	24333
4361	24334
6f6d616c79	24335
e38386	24336
207261696c726f6164	24337
4c6565	24338
323332	24339
207265706c6963617465	24340
20636f6d666f727461626c79	24341
6163746c79	24342
20726176	24343
2074656c6573636f7065	24344
20686f6e65737479	24345
20506570706572	24346
204272696e67	24347
2072696368657374	24348
206f7574646f6f7273	24349
2068616c6c73	24350
20636f6e74656e64	24351
495345	24352
207375626d697474696e67	24353
206e61697665	24354
61726174696f6e73	24355
20313433	24356
20706f69736564	24357
726573706f6e7369626c65	24358
20736f636b73	24359
20536b756c6c	24360
5175657374696f6e	24361
20646973636f766572696573	24362
4a6f696e6564	24363
20456e656d696573	24364
20576972656c657373	24365
20526576656e6765	24366
2070757a7a6c6573	24367
20636561736564	24368
323930	24369
6372697074696f6e73	24370
20436f6e736f6c65	24371
20626f696c696e67	24372
2064697363726570	24373
20646564756374696f6e	24374
20617273656e616c	24375
58585858	24376
20416d7374657264616d	24377
726f78696d6174656c79	24378
205368616e65	24379
20706f73696e67	24380
2041434c55	24381
20436f6d70616e696573	24382
207468656f6c6f6779	24383
205567	24384
71756172746572	24385
2048616e6b	24386
436f696e	24387
204c76	24388
20616c6c65676174696f6e	24389
2041766f6964	24390
20696e646566696e6974656c79	24391
20636f6d6d6f646974696573	24392
2062726967	24393
204d616e6974	24394
2074656e7468	24395
6d6574686f64	24396
204b6e69636b73	24397
20e2808e	24398
20696e766f6b6564	24399
4469616c	24400
415241	24401
20636175637573	24402
323237	24403
204a6162	24404
206f756e636573	24405
626179	24406
206275646479	24407
66616e	24408
323334	24409
2048696c	24410
616468	24411
205459	24412
20494e44	24413
2031393339	24414
20697465726174696f6e	24415
20476f6e7a616c657a	24416
2056657274	24417
20494f	24418
656d62	24419
72657261	24420
656e6368	24421
20526571756972656d656e7473	24422
2057696e73	24423
206c69766573746f636b	24424
686f757273	24425
22e280a6	24426
6272616c	24427
4d617267	24428
20446f6e65	24429
2077617374696e67	24430
696e676564	24431
67726f757073	24432
2077697368696e67	24433
2054756d626c72	24434
2074617070696e67	24435
206e6174696f6e616c69736d	24436
20427972	24437
2073717561726573	24438
20416374696f6e73	24439
e383a5	24440
496e73696465	24441
6465627567	24442
20617070656e64	24443
2073747562626f726e	24444
2043696e64	24445
54656c6c	24446
2074656172696e67	24447
20526579	24448
6f7263	24449
20446179746f6e	24450
204e48	24451
204d61646e657373	24452
436861726c	24453
204d6f727269736f6e	24454
66696c746572	24455
20616363757365	24456
202e2f	24457
20746f7272656e74	24458
206465636c696e6573	24459
67616c6c657279	24460
4d696e65	24461
206e65676f74696174696f6e	24462
20426173686172	24463
6f706961	24464
31393933	24465
656d6f7274	24466
204e6f76656c	24467
2046616e67	24468
657273697665	24469
20496e7374616e74	24470
20726f6c6c6572	24471
41726f756e64	24472
20456c656374696f6e73	24473
47616d6573	24474
20696e657870656e73697665	24475
20776f7273	24476
2076756c	24477
20486f6c65	24478
20756e62656c69657661626c65	24479
206e61757365	24480
20656e7472	24481
626f6174	24482
20535445	24483
2062757368	24484
2048617373616e	24485
20776f	24486
20706175736564	24487
204d6967	24488
6c69766564	24489
2073636f7574	24490
206c697468	24491
5075626c6973686564	24492
6475696e6f	24493
636f6f6c	24494
2063697263756c6174696e67	24495
69646173	24496
2050616d	24497
76696f6c656e74	24498
2043726177666f7264	24499
7564646c65	24500
204c657474657273	24501
4775617264	24502
6d6f727068	24503
2077616e646572696e67	24504
20736f70686f6d6f7265	24505
207175656572	24506
20426c696e64	24507
727565	24508
204d61727269616765	24509
446f6d	24510
2070616464696e67	24511
20666f6c64657273	24512
206d65616e696e676c657373	24513
2063616e646964616379	24514
61666f7274	24515
2077686973746c65626c	24516
204964656e746966696564	24517
206369676172	24518
20686964	24519
204475626169	24520
20706f7374757265	24521
2068696b696e67	24522
205465726d696e616c	24523
4c6567656e64617279	24524
205450	24525
2041544b	24526
20537461726275636b73	24527
2052696f74	24528
31393931	24529
20426f74746f6d	24530
6566666963	24531
20457567656e65	24532
2057796f6d696e67	24533
20526f636b79	24534
2073616c6d6f6e	24535
206d6574726f	24536
2062696c61746572616c	24537
2063656c65627261746573	24538
4c656e677468	24539
62696c6c696f6e	24540
426174	24541
2072656c6567	24542
2070736575646f	24543
4454	24544
2052686f6465	24545
506172656e74	24546
706c6574696f6e	24547
206174747269627574	24548
2074756e696e67	24549
204e4f5445	24550
20526562656c	24551
69637573	24552
46756e64	24553
20636f636b7461696c	24554
20353031	24555
2073706f6f6e	24556
2062727574616c697479	24557
20756e697465	24558
206d6963726f6269	24559
205265696368	24560
706f736974697665	24561
20616d617a6564	24562
204e54	24563
44657363	24564
454354494f4e	24565
2066616c73656c79	24566
20486967686c616e646572	24567
204372697374	24568
20566963746f7269616e	24569
20646973747269627574696f6e73	24570
7468656972	24571
2045696e737465696e	24572
20706f64	24573
2065706964656d	24574
2068656170	24575
2052616e6368	24576
20616e7468656d	24577
207265617070	24578
2041756275726e	24579
20636f6e63757272656e74	24580
205468726f7567686f7574	24581
20504f5354	24582
e298	24583
20686f6d656d616465	24584
6b69636b	24585
426567	24586
2063686173736973	24587
636f756e746572	24588
206d6572676572	24589
206c617073	24590
323137	24591
756e696f6e	24592
2054726967676572	24593
2064656261746564	24594
2073696c656e746c79	24595
20726573747261696e74	24596
42616c	24597
30303030303030	24598
20666f726d696461626c65	24599
2046696c6970	24600
2073616372696669636573	24601
466f6f64	24602
206477617266	24603
2053657175	24604
696e69616e	24605
4d6f72656f766572	24606
2074616e6769626c65	24607
6f70736973	24608
204d696e656372616674	24609
20526567697374726174696f6e	24610
6f616e	24611
20726570726573656e746174696f6e73	24612
20746869727374	24613
20636f7270	24614
6972656d656e74	24615
4d616465	24616
6c6f65	24617
3e22	24618
63617473	24619
2a2e	24620
206765737475726573	24621
67656e6572616c	24622
4c6561677565	24623
207061636b657473	24624
20496e73706563746f72	24625
2042657267	24626
206672617564756c656e74	24627
20637269746963697a65	24628
46756e	24629
20626c616d696e67	24630
6e647261	24631
20736c617368	24632
204573746f6e	24633
2070726f706f73696e67	24634
207768616c6573	24635
20746865726170697374	24636
20737562736574	24637
206c656973757265	24638
454c44	24639
20435645	24640
204163746976697479	24641
2063756c6d696e	24642
73686f70	24643
20444159	24644
697363686572	24645
2041646d6972616c	24646
2041747461636b73	24647
2031393538	24648
206d656d6f6972	24649
20666f6c646564	24650
20736578697374	24651
20313533	24652
204c49	24653
2072656164696e6773	24654
20656d626172726173736d656e74	24655
20456d706c6f796d656e74	24656
77617274	24657
6368696e	24658
20636f6e74696e756174696f6e	24659
6c6961	24660
526563656e746c79	24661
206475656c	24662
2065766163756174696f6e	24663
204b6173686d6972	24664
20646973706f736974696f6e	24665
20526967	24666
20626f6c7473	24667
20696e737572657273	24668
343637	24669
4d6578	24670
20726574616c696174696f6e	24671
206d6973657279	24672
20756e726561736f6e61626c65	24673
7261696e696e67	24674
496d6d	24675
205055	24676
656d6572	24677
2067656e6974616c	24678
e382b3	24679
2043616e6479	24680
206f6e696f6e73	24681
2050617474	24682
6c696e6572	24683
20636f6e6365646564	24684
206661	24685
20666f7263	24686
204865726e616e64657a	24687
2047656f6666	24688
64656269616e	24689
205465616d73	24690
206372696573	24691
20686f6d656f776e657273	24692
323337	24693
414243	24694
20737469746368	24695
20737461746973746963	24696
2068656164657273	24697
2042696f6c6f6779	24698
206d6f746f7273	24699
2047454e	24700
204c6970	24701
206861746573	24702
206865656c	24703
53656c66	24704
69706c	24705
45444954	24706
6f7274696e67	24707
20616e6e6f74	24708
20537065656368	24709
6f6c64656d6f7274	24710
204a617661736372697074	24711
204c6542726f6e	24712
20666f6f747072696e74	24713
20666e	24714
207365697a75726573	24715
6e6173	24716
68696465	24717
2031393534	24718
20426565	24719
204465636c61726174696f6e	24720
204b61746965	24721
207265736572766174696f6e73	24722
4e52	24723
66656d616c65	24724
20736174757261746564	24725
206269626c6963616c	24726
2074726f6c6c73	24727
446576696365	24728
70686f746f73	24729
206472756d73	24730
e38389e383a9e382b4e383b3	24731
4e69676874	24732
66696768746572	24733
2048616b	24734
7269626572	24735
2063757368	24736
206469736369706c696e617279	24737
6261756d	24738
204748	24739
205363686d696474	24740
696c69627269756d	24741
207369787479	24742
204b7573686e6572	24743
726f7473	24744
2070756e64	24745
20526163	24746
20737072696e6773	24747
20636f6e7665	24748
427573696e657373	24749
46616c6c	24750
207175616c696669636174696f6e73	24751
20766572736573	24752
206e617263697373	24753
204b6f68	24754
20576f77	24755
20436861726c6f7474657376696c6c65	24756
65646f	24757
20696e746572726f676174696f6e	24758
20576f6f6c	24759
333635	24760
427269616e	24761
20e29c93	24762
20616c6c65676573	24763
6f6e6473	24764
69646174696f6e	24765
204a61636b6965	24766
7975	24767
206c616b6573	24768
20776f7274687768696c65	24769
206372797374616c73	24770
204a756461	24771
20636f6d70726568656e64	24772
20666c757368	24773
206162736f727074696f6e	24774
204f43	24775
20667269676874656e6564	24776
2043686f636f6c617465	24777
4d617274696e	24778
2062757973	24779
206275636b73	24780
20617070656c6c	24781
204368616d70696f6e7368697073	24782
206c697374656e6572	24783
20446566656e73697665	24784
20637a	24785
756473	24786
204d617465	24787
207265706c6179	24788
206465636f7261746564	24789
2073756e6b	24790
20564950	24791
20416e6b	24792
20313935	24793
61616161	24794
4e6f626f6479	24795
204d696c6b	24796
20477572	24797
204d6b	24798
2053617261	24799
2073656174696e67	24800
20576964	24801
547261636b	24802
20656d706c6f7973	24803
20676967616e746963	24804
415050	24805
e382a7	24806
696e76656e746f7279	24807
20746f77656c	24808
6174636865	24809
6c617374696e67	24810
20544c	24811
206c6174656e6379	24812
206b6e65	24813
426572	24814
6d65616e696e67	24815
20757068656c64	24816
20706c617967726f756e64	24817
206d616e74	24818
53696465	24819
2073746572656f	24820
206e6f72746877657374	24821
20657863657074696f6e616c6c79	24822
2072617973	24823
20726563757272696e67	24824
4472697665	24825
2075707269676874	24826
20616264756374	24827
204d61726174686f6e	24828
20676f6f64627965	24829
20616c706861626574	24830
6870	24831
20636f757274726f6f6d	24832
72696e67746f6e	24833
6f7468696e67	24834
546167	24835
206469706c6f6d617473	24836
20626172626172	24837
2041717561	24838
313833	24839
33333333	24840
206d61747572697479	24841
20696e73746162696c697479	24842
20417061636865	24843
203d3d3d	24844
2066617374696e67	24845
2047726964	24846
4d6f644c6f61646572	24847
20313532	24848
416273	24849
204f7065726174696e67	24850
65747469	24851
206163717561696e74	24852
446f6e6e656c6c	24853
204b656d	24854
20466f726765	24855
2061726d6f726564	24856
4d696c	24857
207068696c6f736f7068657273	24858
696e76657374	24859
506c6179657273	24860
e288	24861
206d7972696164	24862
20636f6d7261646573	24863
526f74	24864
2072656d656d626572696e67	24865
20636f72726573706f6e6473	24866
2070726f6772616d6d657273	24867
204c796e6e	24868
206f6c6967	24869
20636f686572656e74	24870
796e6368726f6e	24871
204368656d6963616c	24872
206a756767	24873
70616972	24874
706f737473	24875
457965	24876
20496e6e6572	24877
2073656d6573746572	24878
6f7474657374	24879
20456d697261746573	24880
726963616e6573	24881
6f726f75736c79	24882
6d697473	24883
20576973	24884
20646f646765	24885
6c6f636174696f6e	24886
206661646564	24887
416d617a6f6e	24888
2050726f63656564	24889
20494e464f	24890
6a6f75726e616c	24891
20547275636b	24892
54656e	24893
20323137	24894
207374617475746573	24895
6d6f62696c65	24896
205479706573	24897
5265636f6d6d	24898
627573746572	24899
706578	24900
206c6567656e6473	24901
206865616461636865	24902
6661636564	24903
2057694669	24904
69667479	24905
20484552	24906
206369726375697473	24907
4552524f52	24908
323236	24909
6f6c696e	24910
2063796c696e646572	24911
6f7370616365	24912
696b657273	24913
5072656d	24914
5175616e74	24915
20636f6e666c696374696e67	24916
20736c69676874657374	24917
20666f72676564	24918
696f6e616765	24919
5374657068656e	24920
204b7562	24921
204f70706f7274756e	24922
204865616c	24923
20626c6f	24924
2072756c657273	24925
20687568	24926
207375626d6172696e65	24927
6679	24928
6173736572	24929
20616c6c6f77616e6365	24930
204b6173696368	24931
20546173	24932
204175737472616c69616e73	24933
466f7267654d6f644c6f61646572	24934
20e28691	24935
204d6174726978	24936
616d696e73	24937
2031323030	24938
2041637175	24939
323336	24940
446f63756d656e74	24941
20427265616b696e67	24942
313933	24943
205375627374	24944
20526f6c6c6572	24945
2050726f70657274696573	24946
204e49	24947
74696572	24948
206372757368696e67	24949
206164766f636174696e67	24950
467572746865726d6f7265	24951
6b656570657273	24952
2073657869736d	24953
7864	24954
2063616c6c6572	24955
2053656e7365	24956
636869657665	24957
205446	24958
206675656c6564	24959
2072656d696e697363656e74	24960
206f6273657373	24961
75727374	24962
207570686f6c64	24963
2046616e73	24964
686574696373	24965
20e297	24966
2042617468	24967
206265766572616765	24968
206f7363696c6c	24969
323534	24970
20706f6c6573	24971
206772616475616c	24972
20657874696e67	24973
2053756666	24974
2053756464656e6c79	24975
206c696b696e67	24976
2031393439	24977
756e63696174696f6e	24978
616d696e6174696f6e	24979
204f6d6172	24980
204c56	24981
20436f6e73657175656e746c79	24982
2073796e74686573	24983
20474946	24984
207061696e73	24985
20696e746572616374696e67	24986
756f75736c79	24987
696e637265	24988
2072756d6f72	24989
20536369656e746f6c6f6779	24990
313937	24991
205a6967	24992
207370656c6c696e67	24993
20415353	24994
20657874696e6775	24995
6d736f6e	24996
206768	24997
2072656d61726b6564	24998
20537472617465676963	24999
204d4f4e	25000
e5a5	25001
676165	25002
2057484154	25003
45726963	25004
2043616d707573	25005
206d657468616e65	25006
20696d6167696e	25007
4a555354	25008
20416c6d	25009
5854	25010
6971	25011
20525353	25012
2077726f6e67646f696e67	25013
61747461	25014
206269676f74	25015
2064656d6f6e73747261746f7273	25016
2043616c76696e	25017
2056696c6c61	25018
206d656d6272616e65	25019
20417765736f6d65	25020
2062656e65666963	25021
323638	25022
206d61676e69666963656e74	25023
204c6f7473	25024
47726567	25025
20426f726973	25026
2064657461696e656573	25027
204865726d616e	25028
20776869737065726564	25029
20617765	25030
50726f666573736f72	25031
66756e64696e67	25032
2070687973696f6c6f676963616c	25033
204465737472756374696f6e	25034
206c696d62	25035
206d616e6970756c61746564	25036
20627562626c6573	25037
207073657564	25038
206879647261	25039
2042726973746f6c	25040
207374656c6c6172	25041
20457870616e73696f6e	25042
204b656c6c	25043
20496e746572657374696e676c79	25044
206d616e73	25045
206472616767696e67	25046
2065636f6c6f676963616c	25047
20466974	25048
2067656e74	25049
2062656e656669746564	25050
204861697469	25051
20706f6c7967	25052
e3838e	25053
2032303330	25054
2070726f77	25055
207265636f6e737472756374696f6e	25056
2077617374	25057
2070737963686963	25058
20477265656b73	25059
48616e646c6572	25060
313632	25061
2050756c7365	25062
20736f6c69636974	25063
20737973	25064
20696e666c7578	25065
2047656e746c65	25066
70657263656e74	25067
2070726f6c696665726174696f6e	25068
2074617861626c65	25069
20646973726567617264	25070
206573636170696e67	25071
2067696e676572	25072
20776974687374616e64	25073
2064657661737461746564	25074
20446577	25075
736572696573	25076
20696e6a6563746564	25077
656c61696465	25078
207475726e6f766572	25079
68656174	25080
9982	25081
4861707079	25082
2053696c656e74	25083
e382ad	25084
697669736d	25085
206972726174696f6e616c	25086
414d41	25087
2072656566	25088
727562	25089
20313632	25090
2062616e6b657273	25091
20457468696373	25092
7676	25093
2063726974696369736d73	25094
4b6e	25095
313836	25096
4d6f766965	25097
20546f72696573	25098
206e6f6f64	25099
20646973746f7274696f6e	25100
46616c7365	25101
6f646f7265	25102
207461737479	25103
5265736561726368	25104
20554944	25105
2d29	25106
206469766f72636564	25107
204d55	25108
204861796573	25109
2049736e	25110
69616e69	25111
204851	25112
202223	25113
69676e616e74	25114
20747261756d61746963	25115
204c696e67	25116
48756e	25117
207361626f74	25118
6f6e6c696e65	25119
72616e646f6d	25120
2072656e616d6564	25121
7261726564	25122
4b41	25123
64656164	25124
c3a974	25125
20417373697374616e6365	25126
2073656166	25127
2b2b2b2b2b2b2b2b	25128
2073656c646f6d	25129
2057656262	25130
20626f6f6c65616e	25131
756c6574	25132
207265667261696e	25133
20444959	25134
72756c65	25135
207368757474696e67	25136
207574696c697a696e67	25137
6c6f6164696e67	25138
20506172616d	25139
636f616c	25140
6f6f746572	25141
2061747472616374696e67	25142
20446f6c	25143
2068657273	25144
61676e65746963	25145
205265616368	25146
696d6f	25147
20646973636172646564	25148
20506970	25149
303135	25150
c3bc72	25151
206d7567	25152
496d6167696e65	25153
434f4c	25154
20637572736564	25155
2053686f7773	25156
20437572746973	25157
205361636873	25158
737065616b696e67	25159
205669737461	25160
204672616d65776f726b	25161
6f6e676f	25162
20737562726564646974	25163
2063727573	25164
204f76616c	25165
526f77	25166
67726f77696e67	25167
20696e7374616c6c6d656e74	25168
20676c6163	25169
20416476616e6365	25170
45434b	25171
204c47425451	25172
4c4559	25173
2061636574	25174
2073756363657373697665	25175
204e69636f6c65	25176
2031393537	25177
51756f7465	25178
2063697263756d7374616e6365	25179
61636b657473	25180
20313432	25181
6f727469756d	25182
2067756573736564	25183
204672616d65	25184
207065727065747261746f7273	25185
204176696174696f6e	25186
2042656e6368	25187
2068616e6463	25188
4170	25189
2031393536	25190
323539	25191
72616e64	25192
4e65744d657373616765	25193
64696e	25194
7572746c6573	25195
686967	25196
2056494949	25197
6666697469	25198
2053776f726473	25199
6269616c	25200
206b69646e617070696e67	25201
646576696365	25202
206261726e	25203
20456c69	25204
6175636173	25205
53656e64	25206
436f6e7374727563746564	25207
20c2bd	25208
206e6565646c6573	25209
206164766572746973656d656e7473	25210
20766f75	25211
20657868696269746564	25212
20466f727472657373	25213
41736b	25214
4265727279	25215
54595045	25216
2063616e63657273	25217
756d70696e67	25218
205465727269746f7279	25219
2070727564	25220
206e6173	25221
2061746865697374	25222
2062616c616e636573	25223
e3819f	25224
20536861776e	25225
2626	25226
206c616e647363	25227
20524742	25228
207065747479	25229
20657863656c6c656e6365	25230
207472616e736c6174696f6e73	25231
2070617263656c	25232
2043686576	25233
45617374	25234
204f7574707574	25235
696d69	25236
20616d6269656e74	25237
20546872656174	25238
2076696c6c61696e73	25239
20353530	25240
494341	25241
2074616c6c6572	25242
206c65616b696e67	25243
637570	25244
20706f6c697368	25245
20696e66656374696f7573	25246
204b43	25247
204040	25248
6261636b67726f756e64	25249
206275726561756372616379	25250
20536169	25251
756e6c657373	25252
6974696f7573	25253
20536b797065	25254
41746c	25255
4944454e54	25256
303038	25257
206879706f6372	25258
207069746368657273	25259
206775657373696e67	25260
2046494e414c	25261
4265747765656e	25262
2076696c6c6167657273	25263
20323532	25264
66617368696f6e	25265
2054756e6973	25266
426568	25267
20457863	25268
204d4944	25269
323838	25270
204861736b656c6c	25271
313936	25272
204e4f52	25273
207370656373	25274
20696e76617269	25275
20676c7574	25276
2043617273	25277
20696d70756c7365	25278
20686f6e6f7273	25279
67656c	25280
206a7572697364696374696f6e73	25281
2042756e646c65	25282
756c6173	25283
43616c69666f726e6961	25284
20496e637265617365	25285
2070656172	25286
2073696e676c6573	25287
2063756573	25288
20756e64657277656e74	25289
205753	25290
206578616767657261746564	25291
20647562696f7573	25292
20666c617368696e67	25293
4c4f47	25294
295d2e	25295
4a6f75726e616c	25296
7467	25297
56616e	25298
20497374616e62756c	25299
20496e7370	25300
204672616e6b656e	25301
44726177	25302
207361646e657373	25303
2069726f6e6963	25304
20467279	25305
7863	25306
20313634	25307
69736368	25308
576179	25309
2050726f74657374616e74	25310
686f726e	25311
20756e616666	25312
20566976	25313
696c6c6173	25314
2050726f64756374696f6e73	25315
20486f67616e	25316
20706572696d65746572	25317
2053697374657273	25318
2073706f6e74616e656f7573	25319
20646f776e73696465	25320
2064657363656e64616e7473	25321
206f726e	25322
776f726d	25323
4a6170616e657365	25324
2031393535	25325
20313531	25326
20446f696e67	25327
656c73656e	25328
756d626c6573	25329
207261646963616c6c79	25330
204472756d	25331
2042616368	25332
206c696162696c6974696573	25333
204f42	25334
20456c656d656e74617279	25335
206d656d65	25336
796e6573	25337
2066696e6765727072696e74	25338
2047726162	25339
20756e64657274616b65	25340
4d656d62657273	25341
20526561646572	25342
2053696d73	25343
676f64	25344
206879706f746865746963616c	25345
736369656e74	25346
20414a	25347
206368617269736d	25348
2061646d697373696f6e73	25349
204d697373696c65	25350
7472616465	25351
2065786572636973696e67	25352
204261636b67726f756e64	25353
5772697474656e	25354
20766f63616c73	25355
77686574686572	25356
207669	25357
2057696e6e6572	25358
206c6974746572	25359
2053686f6f74696e67	25360
5354454d	25361
e382a1	25362
2041464c	25363
20766172696162696c697479	25364
2065617473	25365
20445053	25366
62726f77	25367
20656c657068616e7473	25368
207374726174	25369
20c5	25370
20736574746c657273	25371
4d617474686577	25372
20696e616476657274	25373
4849	25374
20494d46	25375
20476f616c	25376
206e6572766573	25377
4a6f686e736f6e	25378
657965	25379
61626c6973686d656e74	25380
5468757273646179	25381
42494c495459	25382
486164	25383
616d6f746f	25384
686574616d696e65	25385
657073	25386
206d69746f63686f6e64	25387
20636f6d70726573736564	25388
20547265766f72	25389
20416e696d616c73	25390
546f6f6c	25391
4c6f636b	25392
20747765616b	25393
2070696e6368	25394
2063616e63656c6c6174696f6e	25395
506f74	25396
20666f63616c	25397
20417374726f6e	25398
313733	25399
20415343	25400
204f54484552	25401
756d6e69	25402
2064656d697365	25403
646c	25404
d985	25405
53656d697469736d	25406
20637261636b696e67	25407
20636f6c6c61626f726174697665	25408
206578706c6f726573	25409
73716c	25410
206865726273	25411
20636f6e66696775726174696f6e73	25412
6d6973	25413
20526573756c74	25414
61636579	25415
20536d6f6b65	25416
2073616e6374	25417
656c6961	25418
20646567656e6572	25419
2064656570657374	25420
2073637265616d6564	25421
206e6170	25422
536f667477617265	25423
2053544152	25424
4546	25425
2058696e	25426
73706f6e736f726564	25427
6d616e73686970	25428
323333	25429
207072696d6172696573	25430
2066696c746572696e67	25431
20617373656d626c65	25432
6d696c	25433
204d79657273	25434
626f7773	25435
2070756e63686564	25436
4d6963	25437
20696e6e6f766174696f6e73	25438
2066756e63	25439
616e646f	25440
20667261636b696e67	25441
2056756c	25442
d0bed0	25443
6f73686f70	25444
20496d6d756e	25445
20736574746c696e67	25446
2061646f6c657363656e7473	25447
2072656275696c64696e67	25448
207472616e73666f726d696e67	25449
207061726f6c65	25450
20686172626f72	25451
20626f6f6b696e67	25452
6f74696f6e616c	25453
6f6e676576697479	25454
20596f	25455
627567	25456
20656d6572676573	25457
204d6574686f6473	25458
20436875	25459
50726573	25460
2044756e67656f6e73	25461
20747261696c696e67	25462
2052756d	25463
2048756768	25464
e5a4a9	25465
20457261	25466
20426174746c6573	25467
526573756c7473	25468
2054726164696e67	25469
207665727361	25470
637373	25471
6178696573	25472
68656574	25473
206772656564	25474
31393839	25475
2067617264656e73	25476
20636f6e74696e67656e74	25477
5061726b	25478
204c65616673	25479
686f6f6b	25480
726f6265	25481
206469706c6f6d616379	25482
204675656c	25483
20496e766173696f6e	25484
20757067726164696e67	25485
4d616c65	25486
20656c6963	25487
2072656c656e746c657373	25488
20436f76656e616e74	25489
6170657368	25490
2054726f70	25491
5479	25492
70726f64756374696f6e	25493
61727479	25494
2070756e63686573	25495
616b6f	25496
6379636c6f7065646961	25497
20526162626974	25498
2048444d49	25499
20313431	25500
20666f696c	25501
4974656d496d616765	25502
204647	25503
20696d706c656d656e746174696f6e73	25504
20506f6d	25505
69787475726573	25506
206177616974	25507
20333330	25508
616d7573	25509
20756d6272656c6c61	25510
20666f7265736565	25511
7365706172	25512
2063697263756d636973696f6e	25513
207065726970686572616c	25514
536179	25515
20457870657274	25516
496e63	25517
207769746864726577	25518
20416e64657273	25519
6672696564	25520
20726164696f616374697665	25521
204f70656e696e67	25522
20626f617264696e67	25523
204e44	25524
206f7665727468726f77	25525
4163746976	25526
5750	25527
2041637473	25528
d799	25529
206d6f74696f6e73	25530
766963	25531
204d6967687479	25532
20446566656e646572	25533
616572	25534
207468616e6b66756c	25535
204b696c6c696e67	25536
2042726973	25537
6d6f696c	25538
2070726564696374696e67	25539
323636	25540
63686f696365	25541
206b696c6c657273	25542
20696e637562	25543
204368657374	25544
6174686572696e67	25545
2070726f636c61696d6564	25546
666c6f776572	25547
6f73736f6d	25548
756d626c65646f7265	25549
204379636c696e67	25550
204f6363757079	25551
41474553	25552
50656e	25553
20597567	25554
207061636b61676564	25555
20686569676874656e6564	25556
636f74	25557
737461636b	25558
436f6e64	25559
207374616d7073	25560
6d616765	25561
20706572737561646564	25562
20656e736c	25563
2043617264696e616c	25564
20736f6c6974617279	25565
20706f7373657373696e67	25566
20436f726b	25567
2065766964	25568
20546179	25569
20626c756573	25570
2065787472656d69736d	25571
206c756e6172	25572
20636c6f776e	25573
546563686e	25574
20666573746976616c73	25575
20507650	25576
204c6172	25577
20636f6e73657175656e746c79	25578
70726573656e74	25579
20736f6d65646179	25580
e78e8b	25581
204d6574656f72	25582
20746f7572696e67	25583
63756c74757265	25584
2062656163686573	25585
53686970	25586
6361757365	25587
20466c6f6f64	25588
e383af	25589
20707572697479	25590
74686f7365	25591
20656d697373696f6e	25592
626f6c74	25593
2063686f7264	25594
20536372697074757265	25595
4c75	25596
20247b	25597
63726561746564	25598
4f7468657273	25599
323538	25600
20656c656d656e74616c	25601
20616e6e6f796564	25602
204145	25603
64616e	25604
20536167	25605
5265736561726368657273	25606
206661697279	25607
e28093e28093	25608
3d3d3d3d3d3d3d3d3d3d3d3d	25609
536d617274	25610
47474747	25611
20736b656c65746f6e73	25612
20707570696c73	25613
6c696e6b6564	25614
20757267656e6379	25615
656e61626c6564	25616
204675636b	25617
20636f756e63696c6c	25618
726162	25619
55414c	25620
5449	25621
206c69666573	25622
20636f6e666573736564	25623
427567	25624
206861726d6f6e	25625
20434f4e464947	25626
204e65757472616c	25627
446f75626c65	25628
20737461706c65	25629
20534841	25630
42726974697368	25631
20534e50	25632
41544f52	25633
6f636f	25634
207377696e67696e67	25635
676578	25636
6f6c656f6e	25637
706c61696e	25638
204d697373696e67	25639
2054726f706879	25640
76617269	25641
72616e6368	25642
20333031	25643
343430	25644
30303030303030303030303030303030	25645
20726573746f72696e67	25646
206861756c	25647
7563696e67	25648
6e657267	25649
2066757475726573	25650
2073747261746567697374	25651
7175657374696f6e	25652
206c61746572616c	25653
2042617264	25654
20736f72	25655
2052686f646573	25656
20446f776e746f776e	25657
3f3f3f3f3f2d	25658
204c6974	25659
2042656e6564	25660
20636f696c	25661
737472656574	25662
20506f7274616c	25663
46494c45	25664
20477275	25665
2a2c	25666
323331	25667
6e65756d	25668
207375636b6564	25669
20726170706572	25670
2074656e64656e63696573	25671
204c617572656e	25672
63656c6c616e656f7573	25673
323637	25674
2062726f777365	25675
206f76657263	25676
686561646572	25677
6f697365	25678
2062656574	25679
20476c65	25680
53746179	25681
206d756d	25682
207479706564	25683
20646973636f756e7473	25684
54616c6b	25685
204f67	25686
6578697374696e67	25687
2053656c6c	25688
757068	25689
4349	25690
20417573747269616e	25691
205761726d	25692
206469736d697373616c	25693
206176657261676573	25694
63616d657261	25695
20616c6c656769616e6365	25696
4c414e	25697
3d2223	25698
20636f6d6d656e7461746f7273	25699
2053657474696e67	25700
204d696477657374	25701
20706861726d6163	25702
20455850	25703
20737461696e6c657373	25704
4368696361676f	25705
2074616e	25706
323434	25707
20636f756e74727973696465	25708
20566163	25709
323935	25710
2070696e6e6564	25711
20637269736573	25712
207374616e64617264697a6564	25713
5461736b	25714
204a61696c	25715
20446f636b6572	25716
636f6c6f726564	25717
666f727468	25718
227d2c	25719
20706174726f6e73	25720
207370696365	25721
206d6f75726e	25722
204d6f6f64	25723
206c61756e647279	25724
206571756970	25725
204d6f6c65	25726
796c6c	25727
20544843	25728
6e6174696f6e	25729
20536865726c6f636b	25730
2069737375	25731
204b7265	25732
20416d657269636173	25733
20414141	25734
2073797374656d61746963616c6c79	25735
20636f6e747261	25736
2053616c6c79	25737
20726174696f6e616c65	25738
206361727269616765	25739
207065616b73	25740
20636f6e74726164696374696f6e	25741
656e736174696f6e	25742
204661696c757265	25743
2070726f7073	25744
206e616d657370616365	25745
20636f7665	25746
6669656c6473	25747
e3828b	25748
20776f6f6c	25749
204361746368	25750
2070726573756d6564	25751
204469616e61	25752
7261676f6e	25753
696769	25754
2068616d6d	25755
207374756e74	25756
20475549	25757
204f627365727661746f7279	25758
2053686f7265	25759
20736d656c6c73	25760
616e6e6168	25761
20636f636b706974	25762
2044757465727465	25763
383530	25764
206f7070726573736564	25765
627265616b6572	25766
20436f6e747269627574	25767
2050657275	25768
204d6f6e73616e746f	25769
20417474656d7074	25770
20636f6d6d616e64696e67	25771
20667269646765	25772
2052696e	25773
204368657373	25774
75616c697479	25775
206f6c	25776
52657075626c6963616e	25777
20476c6f7279	25778
2057494e	25779
2e2e2e2e2e2e2e	25780
6167656e74	25781
72656164696e67	25782
20696e68	25783
4a6f6e6573	25784
20636c69636b73	25785
616c616e	25786
205b5d3b	25787
204d616a65737479	25788
20436564	25789
6f707573	25790
6174656c	25791
c3aa	25792
415243	25793
2045637561646f72	25794
e383a0	25795
204b75726f	25796
2072697475616c73	25797
2063617074697665	25798
206f756e6365	25799
2064697361677265656d656e74	25800
20736c6f67	25801
6675656c	25802
506574	25803
4d61696c	25804
20657865726369736564	25805
20736f6c6963	25806
207261696e66616c6c	25807
206465766f74696f6e	25808
204173736573736d656e74	25809
20726f626f746963	25810
6f7074696f6e73	25811
205250	25812
2046616d696c696573	25813
20466c616d6573	25814
2061737369676e6d656e7473	25815
303037	25816
616b65646f776e	25817
20766f636162756c617279	25818
5265696c6c79	25819
20636176616c	25820
67617273	25821
2073757070726573736564	25822
20534554	25823
204a6f686e73	25824
2077617270	25825
62726f6b656e	25826
2073746174756573	25827
206164766f6361746564	25828
20323735	25829
20706572696c	25830
6f6d6f727068	25831
2046656d696e	25832
70657266656374	25833
206861746368	25834
4c6962	25835
353132	25836
206c6966656c6f6e67	25837
333133	25838
20636865656b73	25839
206e756d6265726564	25840
204d7567	25841
426f6479	25842
726176656c	25843
576569676874	25844
204a616b	25845
204865617468	25846
206b697373696e67	25847
204a555354	25848
20776176696e67	25849
75706c6f6164	25850
20696e7369646572	25851
2050726f6772657373697665	25852
2046696c746572	25853
747461	25854
204265616d	25855
2076696f6c656e746c79	25856
69706174696f6e	25857
20736b657074696369736d	25858
2031393138	25859
20416e6e6965	25860
205349	25861
2067656e6574696373	25862
206f6e626f617264	25863
61746c	25864
2046726965646d616e	25865
20427269	25866
63657074697665	25867
20706972617465	25868
205265706f72746572	25869
323738	25870
206d7974686f6c6f6779	25871
2065636c69707365	25872
20736b696e73	25873
20676c797068	25874
696e6768616d	25875
46696c6573	25876
436f7572	25877
776f6d656e	25878
20726567696d6573	25879
2070686f746f67726170686564	25880
4b6174	25881
204d4158	25882
4f6666696369616c73	25883
20756e65787065637465646c79	25884
20696d7072657373696f6e73	25885
46726f6e74	25886
3b3b3b3b3b3b3b3b	25887
2073757072656d616379	25888
2073616e67	25889
2061676772617661746564	25890
206162727570746c79	25891
20536563746f72	25892
2065786375736573	25893
20636f7374696e67	25894
6964657072657373	25895
537461636b	25896
20524e41	25897
6f62696c	25898
2067686f737473	25899
6c646f6e	25900
61746962696c697479	25901
546f70696373	25902
207265696d6275727365	25903
20484d	25904
20446567	25905
207468696566	25906
796574	25907
6f67656e65736973	25908
6c65616e696e67	25909
204b6f6c	25910
204261736b657462616c6c	25911
206669	25912
20536565696e67	25913
2072656379636c696e67	25914
205b2d	25915
436f6e6772657373	25916
206c65637475726573	25917
507379	25918
206e6570	25919
206d616964	25920
206f7269656e746564	25921
4158	25922
207265737065637466756c	25923
72656e65	25924
666c757368	25925
20556e6c6f61646564	25926
72657175657374	25927
67726964	25928
20416c7465726e61746976656c79	25929
204875676f	25930
20646563726565	25931
20427564646869736d	25932
616e64756d	25933
416e64726f6964	25934
20436f6e676f	25935
204a6f796365	25936
2061636b6e6f776c656467696e67	25937
686573697665	25938
20546f6d6f72726f77	25939
204869726f	25940
746872656e	25941
204d61636564	25942
20686f6178	25943
20496e63726561736564	25944
2050726164657368	25945
57696c64	25946
5f5f5f5f5f5f	25947
313631	25948
2061756e74	25949
20646973747269627574696e67	25950
205475636b6572	25951
2053534c	25952
20576f6c766573	25953
4275696c64696e67	25954
6f756c74	25955
204c756f	25956
20596173	25957
2053706972	25958
205368617065	25959
2043616d626f64	25960
20495076	25961
206d6c	25962
20657874726164	25963
333930	25964
2050656e6e79	25965
647265616d	25966
2073746174696f6e6564	25967
6f7074696f6e616c	25968
65776f72746879	25969
2e3c2f	25970
20756e64657274616b696e67	25971
20636869636b656e73	25972
207374696d756c69	25973
20456c7365	25974
696761746f7273	25975
20426567696e6e696e67	25976
63746f7279	25977
207072657061726573	25978
2064656c7461	25979
20766963696e697479	25980
746f6f6c	25981
20776f726b73686f7073	25982
4d487a	25983
2061636375736174696f6e	25984
20686973746f72696573	25985
726f706f6c6973	25986
20436875726368696c6c	25987
206e656f6e	25988
2062616666	25989
64696573	25990
6d61796265	25991
20e8a38fe8a69ae98692	25992
2073796d70746f6d	25993
454348	25994
204d616e75656c	25995
2062616e616e61	25996
204842	25997
202a2a2a2a	25998
204b6f7265616e73	25999
636f6c6c	26000
4642	26001
2070726179696e67	26002
2043616e6e6f74	26003
204d696c65	26004
20656d62726163696e67	26005
2053696c6b	26006
333933	26007
6f74657273	26008
4644	26009
206461796c69676874	26010
616c696173	26011
2042726967616465	26012
2048616e6e6168	26013
20636c65726779	26014
20736f75746865617374	26015
20616c636f686f6c6963	26016
2070726f706f736573	26017
6c6976696f6e	26018
2063616c63756c6174696e67	26019
207374696d756c617465	26020
2073706c697474696e67	26021
6569676874	26022
20496e6479	26023
706c617973	26024
2050696b	26025
20646f6d657374	26026
20666f72676976656e657373	26027
2052696e6773	26028
70617469656e74	26029
6b696e736f6e	26030
4d6f6e74	26031
696769626c65	26032
3b22	26033
20706572696f646963616c6c79	26034
616d6d6164	26035
204272697474	26036
70617264	26037
206172626974726174696f6e	26038
205363686e6569646572	26039
20436f72706f72617465	26040
204d617961	26041
20736e616b6573	26042
61756d	26043
20626c6173746564	26044
206d7973746572696573	26045
20726576697665	26046
6f63616d70	26047
20446f646765	26048
204f70657261	26049
323739	26050
206f727068616e	26051
20737065636966696573	26052
204d657473	26053
4475726174696f6e	26054
48656e	26055
2066697265776f726b73	26056
2070726f736563757465	26057
2054696c6c6572736f6e	26058
6470	26059
7573616765	26060
6c696e657373	26061
2044656269616e	26062
20323234	26063
7269736573	26064
20496e66656374	26065
61747261	26066
205252	26067
204c6f72	26068
64696666	26069
20436861726c6573746f6e	26070
2061636f7573746963	26071
20616d757365	26072
333330	26073
20636572	26074
20546163	26075
205b2b	26076
2063617264696163	26077
2052657374617572616e74	26078
65726779	26079
2066757a7a	26080
206269746573	26081
2068617a6172646f7573	26082
206272696768746572	26083
72616e73	26084
205374657068616e6965	26085
6578747261	26086
524554	26087
20436872697374696e65	26088
20537565	26089
73746174656d656e74	26090
20626f6c73746572	26091
20616e746974	26092
526164696f	26093
424954	26094
e382b0	26095
20766973696f6e73	26096
20436f6e63657074	26097
20696e6c696e65	26098
205068696c6f736f706879	26099
6973616e73	26100
20497276696e67	26101
c3a3	26102
74616b696e67	26103
20696e636f6e73697374	26104
204b756d6172	26105
206c6967	26106
20536368756d6572	26107
20526567756c6174696f6e73	26108
20487a	26109
7468726f	26110
20566f6c64656d6f7274	26111
204d4544	26112
2046726564657269636b	26113
506164	26114
323231	26115
20616c6c6567696e67	26116
20436f6d6d756e69636174696f6e	26117
20313637	26118
20666f72656361737473	26119
2073706964657273	26120
4f7267616e	26121
205061727469636970616e7473	26122
204f7073	26123
64657369676e	26124
436c6f7365	26125
20666163746f	26126
20626f6d62657273	26127
726573697374616e74	26128
617465676f72696573	26129
5363686f6f6c	26130
20686f6d65776f726b	26131
20636f72726f	26132
54756573646179	26133
204272656e64616e	26134
204d58	26135
205453	26136
2053747269	26137
207374616b65686f6c64657273	26138
204d696c6c656e6e69756d	26139
207472616e7366657272696e67	26140
4a7564	26141
20746163	26142
2031363030	26143
2053444b	26144
7262	26145
20696e746572707265746174696f6e73	26146
205347	26147
207570737461697273	26148
2048617276657374	26149
20766167696e61	26150
20696e67657374	26151
7866	26152
204f72696f6e	26153
204a6f6579	26154
2073616e64776963	26155
20696d6d6f7274616c	26156
20666c6970706564	26157
6f72746578	26158
746872656174656e696e67	26159
20736e69706572	26160
20636f6e7665727473	26161
20696e7374616c6c6174696f6e73	26162
2042756c676172	26163
6f7273636865	26164
6d61696c73	26165
206c757265	26166
206e6172726f776c79	26167
206772656e616465	26168
2047696e67	26169
20756e64657277656172	26170
2d2d2d2d2d2d2d2d2d2d2d2d2d2d	26171
20636861736564	26172
2056414c	26173
20706172656e74696e67	26174
2048616d62	26175
20426c617a	26176
20616e61726368697374	26177
204d656469616e	26178
2050726f6772616d73	26179
cebd	26180
206f626a	26181
204e6f6b6961	26182
6f726d616e	26183
616e7175	26184
617469736d	26185
6f7061	26186
2066756c66696c6c696e67	26187
207075707079	26188
20656e746974	26189
2053656261737469616e	26190
2073686f6f74657273	26191
20726963686572	26192
e8a1	26193
2074656d70746564	26194
20415454	26195
204356	26196
20746f7265	26197
5265736f75726365	26198
20446576696c73	26199
343038	26200
696e6174696f6e616c	26201
206173737572616e6365	26202
2044617272656e	26203
20776869636865766572	26204
706f73757265	26205
2066757279	26206
53746f636b	26207
20756e6976657273616c6c79	26208
726573706f6e7365	26209
206f616b	26210
20776f726b6c6f6164	26211
20436f726e6572	26212
65656c65	26213
222e2e2e	26214
206465707269766564	26215
6b6f77736b69	26216
206361737473	26217
20616666696c696174696f6e	26218
20416368	26219
2041736b6564	26220
61746865	26221
206c616374	26222
20546875	26223
726d	26224
206169726c696e6573	26225
206e6f74696f6e73	26226
466f726d6174	26227
20464141	26228
e3838a	26229
647269766572	26230
207472616e7363656e64	26231
53657474696e6773	26232
2050726f7365637574	26233
207370696e616c	26234
2064656661756c7473	26235
464b	26236
2070726566657273	26237
72656e6465726564	26238
74687573	26239
66696c6d	26240
207469676572	26241
20537069636572	26242
7265636f676e	26243
205275676279	26244
4e6574776f726b	26245
2070697479	26246
20636f6d706172746d656e74	26247
63617374657273	26248
204d6f6e726f65	26249
20373230	26250
20636f7272656374696f6e73	26251
20646f70616d696e65	26252
20415a	26253
437574	26254
20726f6f6d6d	26255
2073706563756c617465	26256
48617368	26257
207265737472696374697665	26258
31313131	26259
72656469626c65	26260
6f6e656c	26261
2072616d70616e74	26262
7265706f72746564	26263
205375697465	26264
204d696e696d756d	26265
616c7973	26266
617a617264	26267
6c6f6f70	26268
206c656e74	26269
736861	26270
2076616e64616c	26271
6d656e75	26272
20426f65686e6572	26273
206e617272617469766573	26274
2061757468656e746963697479	26275
323639	26276
616e6963	26277
64757479	26278
323835	26279
207468616e6b6564	26280
206265747261796564	26281
6c696674	26282
20736f75746877657374	26283
20446578746572	26284
20426f64	26285
206b6579776f726473	26286
41766572616765	26287
444953	26288
206574686e6963697479	26289
21292c	26290
204e6174696f6e616c73	26291
e1b9	26292
20546168	26293
696f786964	26294
20776964676574	26295
207061737461	26296
2062696c6c696e67	26297
207472696c6f6779	26298
204c696e6573	26299
20736e696666	26300
206e6570686577	26301
4c617465	26302
207072696e636970	26303
204c6f6f70	26304
204d617278697374	26305
20646973736f6c766564	26306
20636f6e7465787473	26307
20416d6f756e74	26308
205370696b65	26309
20746f74616c73	26310
206f7267616e697a6572	26311
207570726973696e67	26312
7368697073	26313
5959	26314
204e6f72746865617374	26315
6d6f6e6579	26316
677261646174696f6e	26317
20676f616c6b6565706572	26318
2048656172	26319
20737465616b	26320
2042757a7a46656564	26321
20736f6c656d6e	26322
205363616e64	26323
20706f7070696e67	26324
20616468657265	26325
20416c6c6567	26326
62797465	26327
20576f6c766572	26328
20756e696e	26329
207265636f6c	26330
69747564	26331
206d696d6963	26332
69627573	26333
207072656469637473	26334
204b6565706572	26335
696174696e67	26336
20646563657074696f6e	26337
206c6561726e74	26338
206469617279	26339
20636f6e646974696f6e616c	26340
2072656c6963	26341
20696e766f6b65	26342
69656e636564	26343
e588	26344
20506f6e74	26345
2063656c6c70686f6e65	26346
207370656564696e67	26347
207461636b6c696e67	26348
206e756465	26349
6f70656e6564	26350
204d616e61666f7274	26351
2031393532	26352
206d616a6f7273	26353
2053696c656e6365	26354
206c6f67697374696373	26355
207765696768746564	26356
205073796368696174	26357
223a5b22	26358
207369636b6e657373	26359
206469766964656e6473	26360
7a6f6e	26361
52656c65617365	26362
204b657973	26363
20496368	26364
20656e7a	26365
204665726e616e64	26366
20ceb1	26367
206d65616e696e6773	26368
2070656e6e79	26369
20737465726e	26370
206c6172	26371
205075626c6973686564	26372
206261636b64726f70	26373
4b696d	26374
2053796e74	26375
2064656275746564	26376
776d	26377
2049736c65	26378
20726567756c6174696e67	26379
6f747469	26380
205363686f6c617273	26381
69636573746572	26382
2043686566	26383
20706f7073	26384
204c61756e63686572	26385
20566172696f7573	26386
20636f6d6d656e74696e67	26387
6f736c6176	26388
656e7a6965	26389
20726976616c7279	26390
e282ac	26391
5265616c6c79	26392
206f7263	26393
206265616e	26394
204a756479	26395
4e6f74696365	26396
2042696b65	26397
3f5d	26398
2072656e746564	26399
7374656e	26400
20666f726566726f6e74	26401
2042616c6477696e	26402
207969656c646564	26403
7461696c73	26404
5072696d65	26405
20536f7572636573	26406
696361746f72	26407
5365616e	26408
206d61726368696e67	26409
4f7574707574	26410
204a756e676c65	26411
20726573696465	26412
7a7a6c65	26413
20416e6472657773	26414
20746f72717565	26415
4261736963	26416
41637475616c6c79	26417
7374726170	26418
70656e746572	26419
206578616d73	26420
205961	26421
20313539	26422
204465636973696f6e	26423
2072616e736f6d	26424
657465656e7468	26425
656e73696e67	26426
323133	26427
2073756e736574	26428
343034	26429
205261706964	26430
204865696e	26431
2041626f726967696e616c	26432
206f7267616e69736d	26433
205365766572	26434
20636c61	26435
616a69	26436
53696d706c65	26437
20466c61766f72	26438
204576616c	26439
70727573	26440
2063686f727573	26441
444159	26442
2064656e6f756e636564	26443
2062696f677261706879	26444
205475726e62756c6c	26445
526563656e74	26446
4e6f726d616c	26447
6c656374696f6e73	26448
576f7264	26449
206665727279	26450
205761676e6572	26451
686f6d	26452
556e6974	26453
2073757065726d61726b6574	26454
2053697468	26455
206e6f6d696e656573	26456
206469637461746f7273686970	26457
6964646c6572	26458
20616e6e6f756e636573	26459
205468656d	26460
204e657074756e65	26461
206465697479	26462
205969	26463
206d6f6e61726368	26464
415252	26465
20696e7661646564	26466
20486f6b	26467
756e74617279	26468
4365727461696e	26469
656761	26470
206b696464696e67	26471
20526567756c6174696f6e	26472
2074726179	26473
2070686f746f6772617068657273	26474
20417263616e65	26475
2064697363686172676564	26476
206576616e67656c6963616c	26477
20696e7465726368616e6765	26478
2066696c6d6d616b6572	26479
20456e646c657373	26480
20323930	26481
2053616c7661646f72	26482
415359	26483
205369676e616c	26484
207772617468	26485
e29c	26486
6c6f74	26487
272f	26488
2070726f6a656374696c65	26489
20656d706c6f79696e67	26490
20496e74657266616365	26491
313931	26492
6174656c6c697465	26493
2052617468	26494
7061636b616765	26495
20696e6469636174696f6e73	26496
4a61736f6e	26497
2061726773	26498
2047487a	26499
2074696c74	26500
6e616e7473	26501
776f6e	26502
e382b5	26503
72656464	26504
72657363656e74	26505
2043616c656e646172	26506
206d6f64756c6172	26507
20617373697374696e67	26508
2072656465656d	26509
204265616e	26510
20776f727368	26511
20646563656e7472616c697a6564	26512
292e2e2e	26513
333737	26514
20617272617973	26515
206163636f6d706c6973686d656e7473	26516
cebf	26517
646f74	26518
206d757475616c6c79	26519
206f62737472756374	26520
206d6973726570726573656e74	26521
6f72657374	26522
696f6e6963	26523
72756365	26524
253b	26525
206b6e6f77696e676c79	26526
706f7274696e67	26527
696e656e746c79	26528
417269	26529
20536368756c747a	26530
4461	26531
2043657265	26532
206f62736f6c657465	26533
858b	26534
67697665	26535
2062616974	26536
20656e6c617267	26537
4e65696c6c	26538
2031393333	26539
207265636f6e7369646572	26540
205365726765616e74	26541
204469616e65	26542
20436f676e	26543
2049636f6e	26544
506f736974696f6e	26545
20666f7374	26546
207374697272696e67	26547
736576656e	26548
20537061636558	26549
756767657473	26550
206d656464	26551
47616c	26552
20536973746572	26553
426f79	26554
2074726967676572696e67	26555
54616b696e67	26556
2073637265616d73	26557
2063617573616c	26558
206177616b656e	26559
41726d	26560
323937	26561
2064697370617463686564	26562
2046414c5345	26563
206f7267616e697a6174696f6e616c	26564
20546f6e67	26565
2064696c656d6d61	26566
64656d6f6e	26567
53706c	26568
20686f6f6b73	26569
7564696e67	26570
2076616c6964617465	26571
20706f74696f6e	26572
20636c6177	26573
20627572676c	26574
2071756972	26575
414341	26576
204272656e6e616e	26577
206475726162696c697479	26578
20626f6d62696e6773	26579
2057696e646f77	26580
2063756c70726974	26581
333235	26582
5468657265666f7265	26583
756d6265726564	26584
706572666f726d616e6365	26585
7761727473	26586
20656e666f7263696e67	26587
20426c6f77	26588
2072657072696e74	26589
69666178	26590
616c706861	26591
2073696e6973746572	26592
20627572676572	26593
6669676874696e67	26594
53636f7265	26595
2053746f6e6573	26596
69656d	26597
343035	26598
6368656d79	26599
2076696e65676172	26600
6e6f6d	26601
207072657661696c696e67	26602
204c6174657374	26603
c2b6	26604
206261	26605
20577269746572	26606
20313737	26607
20436f6e776179	26608
20636f6c6c65637473	26609
207175616e7469746174697665	26610
20686f72726f7273	26611
6f67656e73	26612
20536c6f76	26613
206c617973	26614
686177	26615
20536c617368	26616
206e69676874636c7562	26617
20446176696573	26618
206272696465	26619
20536361726c6574	26620
796d6d	26621
204170706c69636174696f6e73	26622
76656c656e677468	26623
207265766976616c	26624
20736f66746c79	26625
207a6f6f	26626
697461697265	26627
437572	26628
20656c656374726f6d	26629
20706c616e74696e67	26630
4f544f	26631
20456c656d656e7473	26632
207377616c6c6f77	26633
706f72746572	26634
206c6170746f7073	26635
207065616e7574	26636
206c6f62627969737473	26637
ceb2	26638
50616e656c	26639
204a6f616e	26640
696d696c	26641
746e63	26642
207265736973746564	26643
206f75747765	26644
2072657461696e696e67	26645
61747269	26646
20706f6f726572	26647
2053797269616e73	26648
2048616d6d6f6e64	26649
2077656c64	26650
75646572	26651
746f706963	26652
205454	26653
7269636961	26654
2074686965766573	26655
4c6963	26656
2047757374	26657
2057617973	26658
6172657468	26659
323433	26660
2062726f6164636173746572	26661
736869656c64	26662
61737369756d	26663
75626c65	26664
20616972737472696b6573	26665
6f6e736f	26666
20706564616c	26667
20636f6c6c6563746f7273	26668
2056616e646572	26669
204d657361	26670
206469637461746f72	26671
20646972	26672
656e746f6e	26673
63617274	26674
73636f7265	26675
6164646572	26676
437279	26677
20737368	26678
67676572	26679
206472756e6b656e	26680
204753	26681
2053656174	26682
20636f726e65726261636b	26683
20736b6970706564	26684
205265736561726368657273	26685
2041756469	26686
5265666572656e6365	26687
206861756e746564	26688
c3ab	26689
20436c696e6963	26690
637a	26691
207073	26692
2050616c6164696e	26693
20526563697065	26694
20737469676d61	26695
6f707079	26696
206d6f6e6b657973	26697
204861776b	26698
536164	26699
222f3e	26700
20576f726b73686f70	26701
2052657461696c	26702
20417661746172	26703
363235	26704
4e61	26705
205643	26706
20536563757265	26707
4d59	26708
31393838	26709
6f73736970	26710
2070726f7374617465	26711
20756e64656e	26712
2067616d6572	26713
20436f6e74656e7473	26714
2057617268616d6d6572	26715
2053656e74696e656c	26716
333130	26717
207365677265676174696f6e	26718
20466c6578	26719
204d4159	26720
206472696c6c73	26721
204472756773	26722
49736c616d6963	26723
2073707572	26724
2063616665	26725
20696d6167696e617279	26726
2067756964696e67	26727
207377696e6773	26728
205468656d65	26729
6f6279	26730
206e7564	26731
2062656767696e67	26732
207374726f6e6768	26733
2072656a656374696e67	26734
207065646573747269616e73	26735
2050726f7370656374	26736
52617265	26737
736c65	26738
20636f6e63657373696f6e73	26739
20436f6e737469747574696f6e616c	26740
206265616d73	26741
20666962657273	26742
706f6f6e	26743
20696e7374696e637473	26744
70726f7065727479	26745
20424947	26746
53616e64657273	26747
696d61746573	26748
20636f6174696e67	26749
20636f7270736573	26750
2054525545	26751
636865636b6564	26752
20313636	26753
417368	26754
204a53	26755
2046696374696f6e	26756
20636f6d6d756e616c	26757
20656e65726765746963	26758
6f6f6f6f6f6f6f6f	26759
206e6f776164617973	26760
494c44	26761
69626f	26762
20535556	26763
52656e	26764
206477656c6c696e67	26765
53696c766572	26766
2074616c6c79	26767
204d6f76696e67	26768
20636f77617264	26769
2067656e6572616c73	26770
20686f726e73	26771
2063697263756c61746564	26772
20726f62626564	26773
20556e6c696d69746564	26774
206861726173736564	26775
20696e6869626974	26776
20636f6d706f736572	26777
2053706f74696679	26778
2073707265616473	26779
333634	26780
20737569636964616c	26781
206e6f69736573	26782
2053747572	26783
2073616761	26784
204b6167	26785
69736f	26786
207468656f7265746963616c6c79	26787
4d6f6e6579	26788
2073696d696c6172697479	26789
20736c69636564	26790
7574696c73	26791
696e676573	26792
222d	26793
20616e7468	26794
20696d706564	26795
4d6f64756c65	26796
5468726f7567686f7574	26797
206d656e7573	26798
636f6d6d6974746565	26799
616e6469	26800
6f626a	26801
696e6176	26802
6669726564	26803
20416264756c6c6168	26804
20756e64656164	26805
20666f6e7473	26806
486f6c64	26807
454e47	26808
207375737461696e6162696c697479	26809
20666c69636b	26810
2072617a6f72	26811
2046657374	26812
2043686172616374657273	26813
20776f7264696e67	26814
20706f70756c697374	26815
20637269746963697a696e67	26816
206d757365	26817
76696e65	26818
2063617264626f617264	26819
206b696e646c79	26820
206672696e6765	26821
205468656674	26822
6963756c747572616c	26823
20676f7665726e6f7273	26824
20efbfbdefbfbdefbfbdefbfbd	26825
20313633	26826
2074696d656f7574	26827
2041757468	26828
4368696c6472656e	26829
4155	26830
20726564656d7074696f6e	26831
20416c676572	26832
2031393134	26833
207761766564	26834
20617374726f6e61757473	26835
6f6772616d73	26836
207377616d70	26837
2046696e6e697368	26838
2063616e646c65	26839
20746f6e6e6573	26840
75746d	26841
20726179	26842
207370756e	26843
206665617266756c	26844
61727469636c6573	26845
2063617573	26846
6f726963616c6c79	26847
205265717569726573	26848
20476f6c	26849
20706f7065	26850
20696e6175677572616c	26851
20676c65	26852
414441	26853
204953494c	26854
204f6666656e73697665	26855
207761746368646f67	26856
2062616c636f6e	26857
656e74697479	26858
20486f6f	26859
2067616c6c6f6e	26860
414343	26861
20646f75626c696e67	26862
20696d706c69636174696f6e	26863
205369676874	26864
20646f637472	26865
2d2d2d2d2d2d2d	26866
205c5c	26867
206d616c74	26868
526f6c6c	26869
20e289a5	26870
207265636170	26871
616464696e67	26872
75636573	26873
2042656e64	26874
666967757265	26875
207475726b6579	26876
20736f63696574616c	26877
205469636b657473	26878
20636f6d6d65726369616c6c79	26879
207370696379	26880
20323136	26881
2052616d70	26882
207375706572696f72697479	26883
c3af	26884
20547261636b6572	26885
4361726c	26886
20436f79	26887
2050617472696f74	26888
20636f6e73756c746564	26889
206c697374696e6773	26890
20736c6577	26891
7265656e73686f74	26892
20476f6e65	26893
205b2e2e2e5d	26894
333039	26895
20686f7474657374	26896
d8b1	26897
20726f636b79	26898
204469617a	26899
206d617373616765	26900
20706172616c79	26901
20706f6e79	26902
417a	26903
20636172747269646765	26904
204e5a	26905
20736e61636b	26906
204c616d6172	26907
706c656d656e74	26908
204c65736c6965	26909
206d61746572	26910
20736e697070	26911
323436	26912
206a6f696e746c79	26913
204272697362616e65	26914
2069506f64	26915
2070756d70696e67	26916
20676f6174	26917
20536861726f6e	26918
65616c696e67	26919
20636f726f6e	26920
20616e6f6d616c	26921
726168696d	26922
20436f6e6e656374696f6e	26923
207363756c7074757265	26924
207363686564756c696e67	26925
204461646479	26926
617468696e67	26927
2065796562726f7773	26928
20637572766564	26929
2073656e74696d656e7473	26930
206472616674696e67	26931
44726f70	26932
285b	26933
206e6f6d696e616c	26934
204c656164657273686970	26935
2047726f77	26936
20313736	26937
20636f6e737472756374697665	26938
69766174696f6e	26939
20636f72727570746564	26940
676572616c64	26941
2043726f73	26942
2043686573746572	26943
204c6170	26944
e381aa	26945
4f5448	26946
44415441	26947
20616c6d6f6e64	26948
70726f6261626c79	26949
496d70	26950
206665617374	26951
205761726372616674	26952
466c6f72	26953
20636865636b706f696e74	26954
207472616e736372697074696f6e	26955
20323034	26956
20747765616b73	26957
2072656c69657665	26958
536369656e6365	26959
20706572666f726d6572	26960
5a6f6e65	26961
207475726d6f696c	26962
696761746564	26963
6869626974	26964
2043616665	26965
7468656d6564	26966
20666c756f72	26967
62656e6368	26968
206465636f6d	26969
20556e74	26970
2042617272657474	26971
204661637473	26972
2074617374696e67	26973
2050545344	26974
205365616c	26975
204a75646169736d	26976
2044796e616d6963	26977
20436f7273	26978
5665	26979
204d696e67	26980
205472616e73666f726d	26981
766f6e	26982
20446566656e64657273	26983
20546163746963616c	26984
20566f6e	26985
20556e6976657273	26986
20646973746f72746564	26987
20427265617468	26988
3f2722	26989
2061676f6e	26990
20446561646c79	26991
206c616e	26992
204379636c65	26993
6f726e6564	26994
2072656c6961626c79	26995
20676c6f72	26996
204d6f6e6b6579	26997
e383a1	26998
20616472656e	26999
206d6963726f77617665	27000
20416c62616e	27001
69726372616674	27002
6469676974	27003
736d617274	27004
204472656164	27005
c2afc2afc2afc2afc2afc2afc2afc2afc2afc2afc2afc2afc2afc2afc2afc2af	27006
7b7b	27007
20526f63686573746572	27008
2073696d706c6966696564	27009
20696e666c6963746564	27010
2074616b656f766572	27011
20796f757273656c766573	27012
61646974696f6e616c	27013
206d757363756c6172	27014
4b53	27015
20696e67656e	27016
546178	27017
2046656174757265	27018
323737	27019
2063727563	27020
206372617465	27021
20756e6964656e746966696564	27022
206163636c61696d6564	27023
204d616e6761	27024
204672616e636573	27025
204e6570616c	27026
20476572616c64	27027
204b7577616974	27028
20736c61696e	27029
20486562	27030
20476f6b75	27031
e381aee6	27032
323836	27033
4d7273	27034
20436f6479	27035
2053616e637475617279	27036
303136	27037
206469736d616e74	27038
2064617461736574	27039
20486f6e64	27040
6275636b	27041
20506174746572736f6e	27042
2070616c65747465	27043
204744	27044
69636f6c	27045
204c6f646765	27046
20706c616e6574617279	27047
616b696e	27048
2052656769737465726564	27049
61627765	27050
2050657465727362757267	27051
206861696c6564	27052
205069656365	27053
53636865	27054
20444f4a	27055
20656e756d6572	27056
313831	27057
204f62736572766572	27058
20426f6c64	27059
666f756e646564	27060
636f6d6d65726365	27061
206578706c6f697473	27062
2046696e64696e67	27063
55524e	27064
20536e65	27065
2041636964	27066
617965747465	27067
2056616c756573	27068
2064726173746963	27069
206172636869746563747572616c	27070
20222e	27071
d795	27072
756d706564	27073
207772617070696e67	27074
207769646f77	27075
20536c61796572	27076
6c616365	27077
6f6e6365	27078
4765726d616e79	27079
61766f6964	27080
2074656d706c6573	27081
504152	27082
c3b4	27083
204c756369666572	27084
20466c69636b72	27085
6c6f76	27086
666f72636573	27087
2073636f7574696e67	27088
206c6f75646572	27089
74657379	27090
206265666f726568616e64	27091
c493	27092
204e656f6e	27093
20576f6c	27094
205479706963616c6c79	27095
20506f6c697469636f	27096
2d2b2d2b	27097
206275696c646572	27098
20646572697665	27099
4b696c6c	27100
20706f6b6572	27101
20616d626967756f7573	27102
206c69667473	27103
20637974	27104
2072696273	27105
6f6f646c65	27106
20536f756e6473	27107
68616972	27108
2053796e64726f6d65	27109
7466	27110
2070726f706f7274696f6e616c	27111
756964	27112
207065727461696e696e67	27113
204b696e646c65	27114
204e6567726f	27115
2072656974657261746564	27116
20546f6e69676874	27117
6f746873	27118
20436f726e656c6c	27119
206f77696e67	27120
20323038	27121
656c66617265	27122
6f636174696e67	27123
204269726473	27124
537562736372696265	27125
20657373617973	27126
2062757264656e73	27127
20696c6c757374726174696f6e73	27128
6172696f7573	27129
4552414c	27130
2043616c63756c	27131
2078656e	27132
204c696e6b6564496e	27133
204a756e67	27134
20726564657369676e	27135
436f6e6e6f72	27136
323936	27137
20726576657273616c	27138
204164656c61696465	27139
204c4c	27140
2073696e6b696e67	27141
2067756d	27142
555348	27143
63617074	27144
204772696d6d	27145
20666f6f747374657073	27146
20434244	27147
697370657273	27148
2070726f7365	27149
5765646e6573646179	27150
204d6f76696573	27151
6564696e	27152
206f7665727475726e6564	27153
20636f6e74656e74696f7573	27154
555342	27155
7e7e7e7e7e7e7e7e7e7e7e7e7e7e7e7e	27156
20436f70706572	27157
20706f696e746c657373	27158
4e56	27159
76616c756573	27160
6f6c7068696e	27161
6461696e	27162
206465706f7369746564	27163
204757	27164
207072656365646564	27165
20436c61	27166
20476f6c656d	27167
204e696d	27168
20ceb2	27169
20456e67696e65657273	27170
6d6964646c65	27171
20666c617474	27172
6f7065726174697665	27173
20636f756e63696c73	27174
696d6261627765	27175
656c696e	27176
2073747265737366756c	27177
204c44	27178
2072657368	27179
6c616b65	27180
20776865656c6368616972	27181
20416c7465726e6174697665	27182
206f7074696d697a65	27183
6f7065726174696f6e	27184
207065656b	27185
206f6e6573656c66	27186
6967696c	27187
207472616e736974696f6e73	27188
6f7061746879	27189
626c616e6b	27190
20313639	27191
313731	27192
5f5f5f5f5f5f5f5f5f5f5f5f5f5f5f5f5f5f5f5f5f5f5f5f5f5f5f5f5f5f5f5f5f5f5f5f5f5f5f5f5f5f5f5f5f5f5f5f5f5f5f5f5f5f5f5f5f5f5f5f5f5f5f5f	27193
206c61756e646572696e67	27194
456e63	27195
20444543	27196
20776f726b6f757473	27197
207370696b6573	27198
2064696e6f7361757273	27199
206469736372696d696e61746f7279	27200
506f6f6c	27201
526174686572	27202
333835	27203
524e41	27204
74657374657273	27205
65746f	27206
204964656e74697479	27207
207665696e	27208
20427572746f6e	27209
20617263616465	27210
343230	27211
556c74696d6174656c79	27212
205361646c79	27213
c3b0	27214
70696c6c	27215
206375626963	27216
20537065637472756d	27217
7468657365	27218
737461746573	27219
20756e6f6666696369616c	27220
6861776b73	27221
204556455259	27222
207261696e626f77	27223
20696e6361726365726174696f6e	27224
616e64696e67	27225
2073796c6c	27226
2045766572746f6e	27227
20313739	27228
20536572626961	27229
20313839	27230
6d65746572	27231
204d69636b6579	27232
20616e74697175	27233
206661637475616c	27234
6e65636b	27235
204e617265	27236
6e6f726d	27237
6d757374	27238
206869676877617973	27239
20676c616d	27240
206469766964696e67	27241
205371756164726f6e	27242
204d6172746861	27243
20626972746873	27244
436f766572	27245
2f2f2f2f2f2f2f2f2f2f2f2f2f2f2f2f	27246
20576f6e67	27247
50686f74	27248
20414c53	27249
72696f	27250
204e6f6e657468656c657373	27251
204c656d6f6e	27252
20323036	27253
204545	27254
2064657269766174697665	27255
2057574949	27256
766f7465	27257
207468657265696e	27258
2073657061726174696e67	27259
343436	27260
73796e63	27261
2053747265657473	27262
2072617474	27263
206d756e69636970616c697479	27264
2053686f72746c79	27265
206d6f6e6b	27266
292c22	27267
207363727562	27268
206f706572617469766573	27269
4e656974686572	27270
506c616365	27271
204c696d6974	27272
46656d616c65	27273
204163746f72	27274
436861726163746572	27275
20636f6e7374697475746564	27276
333537	27277
2070726f746573746564	27278
205374726177	27279
20486569676874	27280
696c6461	27281
2054797068	27282
20666c6f6f6473	27283
20636f736d65746963	27284
574159	27285
70657274757265	27286
75706f6e	27287
746f6e73	27288
657373696e67	27289
20506f636b6574	27290
20726f6f6674	27291
20436175636173	27292
20616e746964657072657373	27293
20696e636f6d70617469626c65	27294
454344	27295
206f70657261	27296
20436f6e74657374	27297
2067656e657261746f7273	27298
6c696d65	27299
446566656e7365	27300
31393837	27301
666f72756d	27302
20736176616765	27303
2048756e67617269616e	27304
6e7a	27305
206d6574616c6c6963	27306
20657870656c6c6564	27307
207265736964656e6379	27308
2064726573736573	27309
363636	27310
20436c656d656e74	27311
6669726573	27312
43617465676f7279	27313
206765656b	27314
616c6973	27315
2063656d6574657279	27316
6564756361746564	27317
20637261776c	27318
20556e61626c65	27319
205479736f6e	27320
616b6973	27321
20706172646f6e	27322
20577261	27323
20737472656e677468656e6564	27324
20466f7273	27325
333335	27326
204843	27327
204d6f6e64	27328
2076697375616c73	27329
20426561746c6573	27330
6574746c656d656e74	27331
20ef	27332
67726f	27333
2062617368	27334
20706f6f72657374	27335
20657863656c	27336
2061737069726174696f6e73	27337
204d756e69636970	27338
656e7369626c65	27339
20636572656d6f6e696573	27340
20696e74696d69646174696f6e	27341
20434f4e5452	27342
6265636b	27343
204b6170	27344
617375	27345
2074726164656d61726b73	27346
20536577	27347
20436f6d7065746974696f6e	27348
6e6574776f726b	27349
2041727269	27350
20546574	27351
526f616d696e67	27352
5743	27353
446174	27354
20736f62	27355
2070616972696e67	27356
206f766572646f7365	27357
534159	27358
61626572	27359
207265766f6c74	27360
20466168	27361
616374696e67	27362
6571	27363
6573746174696f6e	27364
4669676874	27365
204d61726b73	27366
323733	27367
20313738	27368
526177	27369
e3818b	27370
333439	27371
626c6f636b73	27372
207665726765	27373
657374696e65	27374
20506f6465737461	27375
20696e766173697665	27376
2070726f666f756e646c79	27377
20416f	27378
65616368	27379
206c657374	27380
696e74657270726574	27381
20736872696e6b696e67	27382
206572726f6e65	27383
206368656573	27384
6c7973	27385
20497679	27386
204469726563746f7279	27387
2068696e746564	27388
56494345	27389
20636f6e74616374696e67	27390
2047656e74	27391
686569	27392
206c6162656c696e67	27393
206d657263757279	27394
204c697465	27395
2065787069726573	27396
20646573746162696c	27397
7269746973	27398
6375	27399
206665617468657273	27400
207374656572	27401
2070726f6772616d6d6564	27402
205661646572	27403
476f696e67	27404
20456c696d	27405
20796f	27406
204d69636865	27407
20323033	27408
20736c6565766573	27409
2062756c6c79	27410
2048756d616e73	27411
333638	27412
20636f6d7072657373	27413
2042616e6e6572	27414
415253	27415
20617768696c65	27416
2063616c6962	27417
2073706f6e736f7273686970	27418
20446966666963756c7479	27419
20506170657273	27420
206964656e746966696572	27421
7d2e	27422
20796f67	27423
2053686961	27424
20636c65616e7570	27425
2076696265	27426
696e74726f6475	27427
696d6d696e67	27428
4175737472616c6961	27429
206f75746c696e6573	27430
20596f7574756265	27431
747261696e	27432
204d616b6573	27433
206465706f72746564	27434
2063656e7472	27435
20447567	27436
20426f756c646572	27437
204275666679	27438
20696e6a756e6374696f6e	27439
204861726c6579	27440
2047726f757073	27441
2044756d626c65646f7265	27442
20436c617261	27443
20222d	27444
2073616372696669636564	27445
657068	27446
536861646f77	27447
69626c696e67	27448
20667265656c616e6365	27449
2065766964656e746c79	27450
7068616c	27451
2072657461696e73	27452
4d6972	27453
2066696e697465	27454
646172	27455
20436f7573	27456
207265706169726564	27457
20706572696f646963	27458
206368616d70696f6e7368697073	27459
2061737465726f6964	27460
626c696e64	27461
20657870726573736c79	27462
20417374726f73	27463
207363616c6564	27464
2067656f67726170686963616c	27465
20526170696473	27466
456e6a6f79	27467
20656c6173746963	27468
204d6f68616d6564	27469
4d61726b6574	27470
626567696e	27471
20646973636f76657273	27472
2074656c65636f6d6d756e69636174696f6e73	27473
207363616e6e6572	27474
20656e6c61726765	27475
20736861726b73	27476
2070737963686564656c	27477
20526f756765	27478
20736e617073686f74	27479
6973696e65	27480
5850	27481
2070657374696369646573	27482
204c5344	27483
20446973747269627574696f6e	27484
7265616c6c79	27485
206465677261646174696f6e	27486
206469736775697365	27487
2062696f6d	27488
20455854	27489
206571756174696f6e73	27490
2068617a61726473	27491
20436f6d7061726564	27492
292a	27493
2076697274756573	27494
20656c64657273	27495
20656e68616e63696e67	27496
204163726f7373	27497
65726f73	27498
616e676c696e67	27499
20636f6d62757374	27500
75636369	27501
20636f6e63757373696f6e	27502
20636f6e74726163657074696f6e	27503
204b616e67	27504
20657870726573736573	27505
20617578	27506
2050696f6e65	27507
206578686962697473	27508
4465627567	27509
4f54414c	27510
20416c7265616479	27511
20576865656c6572	27512
20657870616e6473	27513
3f3a	27514
207265636f6e63696c696174696f6e	27515
2070697261746573	27516
207075727365	27517
20646973636f7572616765	27518
20737065637461636c65	27519
52616e6b	27520
207772617073	27521
2054686f75676874	27522
20696d70656e64696e67	27523
4f7070	27524
20416e676c6f	27525
20455552	27526
2073637265776564	27527
72657463686564	27528
20656e636f75726167656d656e74	27529
6d6f64656c73	27530
20636f6e66757365	27531
6d6d6d	27532
20566974616d696e	27533
e29691e29691	27534
437275	27535
206b6e6967687473	27536
2064697363617264	27537
20626973686f7073	27538
2057656172	27539
2047617272657474	27540
6b616e	27541
e3839f	27542
206d617363756c696e65	27543
6361706974616c	27544
20417573	27545
20666174616c6c79	27546
7468616e6b73	27547
204155	27548
20477574	27549
31323030	27550
203030303030303030	27551
20737572726f67	27552
2042494f53	27553
7261697473	27554
205761747473	27555
20726573757272656374696f6e	27556
20456c6563746f72616c	27557
2054697073	27558
34303030	27559
206e75747269656e74	27560
20646570696374696e67	27561
20737072696e6b	27562
206d756666	27563
204c494d	27564
2053616d706c65	27565
707363	27566
696269	27567
67656e657261746564	27568
2073706563696d656e73	27569
20646973736174697366	27570
207461696c6f726564	27571
20686f6c64696e6773	27572
204d6f6e74686c79	27573
20456174	27574
706f6f6e73	27575
206e6563	27576
2043616765	27577
204c6f747573	27578
204c616e7465726e	27579
2066726f6e74696572	27580
2070656e73696f6e73	27581
206a6f6b6564	27582
204861726479	27583
3d2d3d2d3d2d3d2d	27584
72616465	27585
554944	27586
207261696c73	27587
20656d6974	27588
20736c617465	27589
20736d7567	27590
2073706974	27591
2043616c6c73	27592
204a61636f6273	27593
66656174	27594
205545	27595
207265737472756374	27596
20726567656e65726174696f6e	27597
20656e657267696573	27598
20436f6e6e6f72	27599
4f484e	27600
20436865657365	27601
20676572	27602
20726573757272656374	27603
6d616e6167656d656e74	27604
4e57	27605
2070726573656e746c79	27606
20427275696e73	27607
4d656d626572	27608
204d616e67	27609
6964616e	27610
20626f6f7374696e67	27611
77796e	27612
2b2e	27613
726571756973697465	27614
204e595044	27615
204d6567616e	27616
20436f6e646974696f6e73	27617
2070696373	27618
6e657369756d	27619
2052617368	27620
20313734	27621
204475636b73	27622
20656d62726f	27623
7a75	27624
6f6e69616e	27625
72656c6967696f7573	27626
206372617a	27627
20414341	27628
205a75636b6572	27629
454d41	27630
2050726f73	27631
576561706f6e	27632
204b6e6f78	27633
2041726475696e6f	27634
2073746f7665	27635
2068656176656e73	27636
205075726368617365	27637
2068657264	27638
2066756e64726169736572	27639
4469676974616c	27640
35303030	27641
2070726f706f6e656e7473	27642
2fe2808b	27643
206a656c6c79	27644
2056697361	27645
206d6f6e6b73	27646
20616476616e63656d656e74	27647
20576572	27648
20313837	27649
657573	27650
657274696c697479	27651
20666574616c	27652
2031393336	27653
4c6f	27654
206f757466697473	27655
20737461697263617365	27656
626f6d62	27657
20637573746f6d697a6564	27658
636c616972	27659
54726565	27660
206d6170706564	27661
20436f6e7369646572696e67	27662
20546f72726573	27663
206d657468796c	27664
20617070726f78696d617465	27665
20646f6f6d	27666
2048616e73656e	27667
2063726f73736f766572	27668
207374616e64616c6f6e65	27669
e4bc	27670
20696e7669746573	27671
20677261766579617264	27672
206870	27673
446f6e616c645472756d70	27674
206573636f7274	27675
476172	27676
207072656465636573736f7273	27677
20686179	27678
20656e7a796d65	27679
205374726169676874	27680
7669736f7273	27681
496e67	27682
616e656f75736c79	27683
204170706c696564	27684
20666563	27685
20447572616e74	27686
206f757473706f6b656e	27687
6f7262	27688
207a65616c	27689
206469736772616365	27690
27292e	27691
204368656e67	27692
323839	27693
2052656e61	27694
2053756963696465	27695
323934	27696
206f75747261676564	27697
204e65776d616e	27698
204e7669646961	27699
2041626572	27700
2042657273	27701
2072656372656174696f6e	27702
57696e646f77	27703
204450	27704
7865	27705
207065646f7068	27706
2066616c6c6f7574	27707
616d626f6f	27708
2070726573656e746174696f6e73	27709
2041707073	27710
2068746d6c	27711
333435	27712
20585858	27713
2072756262696e67	27714
204c656174686572	27715
2068756d6964697479	27716
73657973	27717
65737461626c6973686564	27718
20556e697473	27719
363436	27720
207265737065637461626c65	27721
4175746f	27722
207468726976696e67	27723
20496e6e6f766174696f6e	27724
616e6773	27725
4578747261	27726
726567756c6174696f6e	27727
323938	27728
7069636b	27729
4578616d706c6573	27730
20434a	27731
41747461636b	27732
20647261636f6e	27733
4c54	27734
20737469636b6572	27735
72657273	27736
2073756e6e79	27737
497373	27738
726567756c61746564	27739
64696d	27740
204162737472616374	27741
2068757362616e6473	27742
4f6666696365	27743
6f6d696e6174696f6e	27744
6974617273	27745
414e4745	27746
617363616c	27747
204b726973	27748
20496e66616e747279	27749
206d616c66	27750
2041746865	27751
2052616c6c79	27752
62616c616e636564	27753
2e2e2e2e2e2e2e2e2e2e2e2e2e2e2e2e2e2e2e2e2e2e2e2e	27754
4f5550	27755
206d6f6c6563756c65	27756
6d6574696373	27757
2053706c6974	27758
20496e737472756374696f6e73	27759
204e6967687473	27760
6361726473	27761
20747567	27762
20636f6e65	27763
e5ad	27764
207478	27765
2044697363757373696f6e	27766
20636174617374726f706865	27767
707065	27768
67696f	27769
20636f6d6d756e69736d	27770
2068616c746564	27771
204775616e74	27772
636c65616e	27773
205363686564	27774
204b616e7965	27775
2077616e646572	27776
20536572696f75736c79	27777
20313838	27778
656e6e69616c	27779
666f6c6c6f77	27780
70726f64756374697665	27781
20466c6f77	27782
205361696c	27783
2063726177	27784
2073696d756c6174696f6e73	27785
6f7275	27786
616e676c6573	27787
204e6f6c616e	27788
206d656e73747275	27789
343730	27790
20323037	27791
616a61	27792
2063617375616c6c79	27793
626f617264696e67	27794
20323232	27795
6f7679	27796
204e756d62657273	27797
756d6174	27798
4f45	27799
323837	27800
20436c656d736f6e	27801
206365727473	27802
20736c6964	27803
205472696265	27804
20746f617374	27805
20666f7274756e6573	27806
2066616c73	27807
20436f6d6d697474656573	27808
206770	27809
206669657279	27810
204e657473	27811
20416e696d65	27812
5061636b616765	27813
20436f6d70617265	27814
6c61756768746572	27815
696e66656374	27816
206174726f636974696573	27817
206a75737469636573	27818
20696e73756c7473	27819
205665726e6f6e	27820
207368616b656e	27821
20706572736f6e61	27822
657374616d70	27823
333637	27824
627261696e	27825
206578706572696d656e74696e67	27826
4b656e	27827
20456c656374726f6e696373	27828
20313631	27829
646f6d61696e	27830
2067726170686963616c	27831
626973686f70	27832
2077686f7070696e67	27833
204576616e67656c	27834
206164766572746973657273	27835
205370656172	27836
2062696473	27837
2064657374726f7973	27838
75747a	27839
20756e6465727363	27840
20414444	27841
20616e7473	27842
2043756d	27843
6970706c6573	27844
2046696c6c	27845
20676c616e636564	27846
20696e646963746564	27847
20456666	27848
206d6973636f6e	27849
204465736b746f70	27850
206162696465	27851
e38380	27852
20496f	27853
20436f756c	27854
2063617073756c65	27855
204368727973	27856
4d4f4e	27857
20756e646573	27858
20495241	27859
206369746174696f6e	27860
2064696374617465	27861
204e6574776f726b73	27862
20436f6e666c696374	27863
205374756666	27864
7861	27865
69736563	27866
204368656d6973747279	27867
20717561727465726c79	27868
57696c6c69616d73	27869
616e616e	27870
4f7074	27871
20416c6578616e64726961	27872
6f7574686561737465726e	27873
20537072696e676669656c64	27874
20426c61636b73	27875
2067656f677261706879	27876
323432	27877
2075746d6f7374	27878
204578786f6e	27879
61626f757473	27880
455641	27881
20456e61626c65	27882
2042617272	27883
20646973616772656564	27884
20437970727573	27885
2064656d656e746961	27886
206c616273	27887
20756269717569746f7573	27888
204c4f5645	27889
20636f6e736f6c696461746564	27890
7372	27891
20637265616d79	27892
2054696d626572	27893
5265676172646c657373	27894
204365727469666963617465	27895
20222e2e2e	27896
6f67656e6f7573	27897
4361707461696e	27898
20696e73756c74696e67	27899
20536f726f73	27900
20496e737472	27901
2042756c6761726961	27902
626574746572	27903
207375636b696e67	27904
204461766964736f6e	27905
61747a	27906
20636f6c6c61746572616c	27907
676966	27908
20706c6167756564	27909
2043616e63656c	27910
20476172646e6572	27911
5242	27912
207369787465656e	27913
52656d6f7665	27914
75726973746963	27915
636f6f6b	27916
526f64	27917
20636f6d70726973696e67	27918
666c65	27919
29e28094	27920
2056696b696e67	27921
67726f777468	27922
61676f6e616c	27923
20737266	27924
6166657479	27925
6d6f74	27926
4e6561726c79	27927
73746f776e	27928
20466163746f72	27929
206175746f6d6f62696c65	27930
2070726f6365647572616c	27931
6d61736b	27932
616d7069726573	27933
2064697361707065617273	27934
6a6162	27935
333135	27936
2031393531	27937
6e6565646564	27938
20646172696e67	27939
6c6561646572	27940
20706f6469756d	27941
20756e6865616c746879	27942
206d756e64	27943
20707972616d6964	27944
6f637265	27945
206b6973736564	27946
20647265616d6564	27947
2046616e746173746963	27948
20476c79	27949
e58a	27950
2067726561746e657373	27951
20737069636573	27952
206d6574726f706f6c6974616e	27953
20636f6d70756c73	27954
69657473	27955
31303136	27956
205368616d	27957
20507972	27958
666c696573	27959
204d69646e69676874	27960
207377616c6c6f776564	27961
2067656e726573	27962
204c75636b79	27963
2052657761726473	27964
206469737061746368	27965
20495041	27966
204170706c79	27967
206176656e	27968
616c6974696573	27969
333132	27970
7468696e6773	27971
2028292e	27972
206d61746573	27973
20537a	27974
20434f50	27975
6f6c617465	27976
4f4646	27977
207265636861726765	27978
63617073	27979
20596f726b6572	27980
69636f6e65	27981
2067616c6178696573	27982
696c65616b73	27983
44617665	27984
2050757a7a	27985
2043656c746963	27986
20414643	27987
323736	27988
20536f6e73	27989
2061666669726d6174697665	27990
486f72	27991
207475746f7269616c73	27992
2043495459	27993
20526f7361	27994
20457874656e73696f6e	27995
536572696573	27996
2066617473	27997
20726162	27998
6c6973	27999
20756e6963	28000
20657665	28001
205370696e	28002
206164756c74686f6f64	28003
747970	28004
2073656374617269616e	28005
20636865636b6f7574	28006
204379636c	28007
53696e676c65	28008
206d6172747972	28009
206368696c6c696e67	28010
383838	28011
6f75666c	28012
205d3b	28013
20636f6e67657374696f6e	28014
6d6b	28015
2057686572656173	28016
2031393338	28017
757272656e63696573	28018
6572696f6e	28019
20626f617374	28020
2050617469656e7473	28021
2063686170	28022
204244	28023
7265616c446f6e616c645472756d70	28024
206578616d696e6573	28025
686f76	28026
2073746172746c696e67	28027
20426162796c6f6e	28028
776964	28029
6f6d6577	28030
6272616e6365	28031
204f647973736579	28032
776967	28033
20746f726368	28034
20566f78	28035
204d6f7a	28036
2054726f6c6c	28037
20416e73	28038
53696d696c61726c79	28039
2046756c	28040
303036	28041
556e6c657373	28042
20416c6f6e65	28043
7374656164	28044
205075626c6973686572	28045
726967687473	28046
7475	28047
20446f65736e	28048
2070726f66657373696f6e616c6c79	28049
20636c6f	28050
69637a	28051
20737465616c73	28052
20e1	28053
31393836	28054
20737475726479	28055
204a6f68616e6e	28056
206d6564616c73	28057
2066696c696e6773	28058
20467261736572	28059
646f6e65	28060
206d756c74696e6174696f6e616c	28061
206665646572	28062
20776f7274686c657373	28063
2070657374	28064
596573746572646179	28065
616e6b696e64	28066
2067617973	28067
20626f726e65	28068
20504f53	28069
50696374757265	28070
2070657263656e7461676573	28071
323531	28072
72616d65	28073
20706f74696f6e73	28074
414d44	28075
204c6562616e657365	28076
2072616e67	28077
204c5355	28078
6f6e6773	28079
2070656e696e73756c61	28080
20436c61757365	28081
414c4b	28082
6f6861	28083
204d6163426f6f6b	28084
20756e616e696d6f7573	28085
206c656e64657273	28086
2068616e6773	28087
206672616e636869736573	28088
6f72657273	28089
2055706461746573	28090
2069736f6c617465	28091
616e64726f	28092
536f6f6e	28093
2064697372757074697665	28094
205375727665	28095
207374697463686573	28096
2053636f7270	28097
20446f6d696e696f6e	28098
20737570706c79696e67	28099
417267	28100
20747572726574	28101
204c756b	28102
20627261636b657473	28103
2a29	28104
205265766f6c7574696f6e617279	28105
20486f6e657374	28106
206e6f746963696e67	28107
205368616e6e6f6e	28108
206166666f72646564	28109
20746861	28110
204a616e6574	28111
212d2d	28112
204e6172656e647261	28113
20506c6f74	28114
486f6c	28115
7365766572	28116
65656e7468	28117
206f62737472756374696f6e	28118
2031303234	28119
7374616666	28120
6a6173	28121
6f72676574	28122
7363656e6573	28123
6c6175676873	28124
20466172676f	28125
6372696d65	28126
206f72636865737472	28127
2064656c6574	28128
696c69617279	28129
726965766564	28130
206d696c69746172	28131
20477265656e65	28132
e2978f	28133
e381a6	28134
20477561726473	28135
20756e6c656173686564	28136
205765626572	28137
2061646a75737461626c65	28138
2063616c69626572	28139
206d6f7469766174696f6e73	28140
20c3a0	28141
6d4168	28142
204c616e6b61	28143
68616e646c65	28144
2070656e74	28145
20526176	28146
20416e67756c6172	28147
204b6175	28148
756d62696e67	28149
207068696c616e7468726f70	28150
206465687964	28151
20746f786963697479	28152
656572	28153
20594f524b	28154
7769747a	28155
e5bc	28156
204945	28157
636f6d6d756e697479	28158
204148	28159
20726574616c69	28160
206d6173736976656c79	28161
2044616e69656c73	28162
2044454c	28163
2063617263696e	28164
55726c	28165
20726f7574696e67	28166
204e504373	28167
20524146	28168
72796365	28169
20776169766564	28170
2047756174656d	28171
4576657279626f6479	28172
20636f76656e616e74	28173
20313733	28174
2072656c6178696e67	28175
207175617274	28176
616c6d6f7374	28177
2067756172646564	28178
20536f6c6469657273	28179
20504c4159	28180
206f7574676f696e67	28181
4c414e44	28182
2072657772697465	28183
204d4f56	28184
20496d706572	28185
20536f6c7574696f6e	28186
207068656e6f6d656e616c	28187
206c6f6e676576697479	28188
20696d706174	28189
204e697373616e	28190
69726965	28191
206f646f72	28192
205a6172	28193
6f6b73	28194
206d696c6974696173	28195
2053504543	28196
20746f6c657261746564	28197
6172736572	28198
2042726164666f7264	28199
2b2c	28200
207375727265616c	28201
7366	28202
43616e616469616e	28203
20726573656d626c616e6365	28204
20636172626f68796472617465	28205
56494557	28206
206163636573736f7279	28207
6d65616c	28208
6c617267657374	28209
696567656c	28210
536f6d656f6e65	28211
20746f756768657374	28212
6f736f	28213
2066756e6e656c	28214
20636f6e64656d6e6174696f6e	28215
6c75656e74	28216
207769726564	28217
2053756e736574	28218
4a65737573	28219
20505354	28220
205061676573	28221
205479636f6f6e	28222
205046	28223
2073656c656374696f6e73	28224
20e0a4	28225
706172746973616e	28226
206869676873	28227
2052756e65	28228
20637261667473	28229
6c656164	28230
20506172656e7473	28231
207265636c61696d	28232
656b6572	28233
20416c6c696564	28234
6165706572	28235
206c6f6f6d696e67	28236
2062656e65666963696172696573	28237
2048756c6c	28238
53747564656e7473	28239
4a6577697368	28240
646a	28241
2070616374	28242
74656d706c617465	28243
204f6666696369616c73	28244
204261796c6f72	28245
2068656d70	28246
20796f75746873	28247
204c6576656c73	28248
205869616f	28249
2043686573	28250
20656e646561766f72	28251
2052656d6f766564	28252
20686970706f63616d70	28253
48656c6c	28254
e3828a	28255
383035	28256
2064696e6f73617572	28257
205772617468	28258
20496e646f6e657369616e	28259
2063616c63756c61746f72	28260
2044696374696f6e617279	28261
20343230	28262
204d4147	28263
285f	28264
212c	28265
74617269616e73	28266
207265737472696374696e67	28267
726163757365	28268
207765656b646179	28269
4f554e54	28270
207368727567676564	28271
6c6567726f756e64	28272
2062616c64	28273
20446f63746f7273	28274
20746f75746564	28275
204d617877656c6c	28276
20323134	28277
206469706c6f6d6174	28278
2072657072657373696f6e	28279
20636f6e7374697475656e6379	28280
76696365	28281
72616e6b6564	28282
204e61706f6c656f6e	28283
67616e67	28284
20466f7265766572	28285
74756e	28286
2062756c62	28287
20504454	28288
20436973636f	28289
56454e	28290
20726573756d6564	28291
53746576656e	28292
204d616e69746f6261	28293
20666162756c6f7573	28294
204167656e7473	28295
31393834	28296
20616d7573696e67	28297
204d7973746572696573	28298
206f7274686f646f78	28299
666c6f6f72	28300
207175657374696f6e6e61697265	28301
2070656e657472617465	28302
2066696c6d6d616b657273	28303
20556e63	28304
207374616d706564	28305
20746869727465656e	28306
206f75746669656c64	28307
20666f72776172646564	28308
206170707261	28309
206169646564	28310
747279	28311
20756e666f6375736564	28312
204c697a	28313
2057656e6479	28314
205363656e65	28315
4368617267	28316
2072656a65637473	28317
206c656674697374	28318
2050726f766964656e6365	28319
2042726964	28320
7265676e	28321
2070726f7068656379	28322
204c495645	28323
343939	28324
20666f726765	28325
20464d4c	28326
20696e7472696e736963	28327
2046726f67	28328
20776f6e74	28329
20486f6c74	28330
2066616d6564	28331
434c5553	28332
61657065726e69636b	28333
2048617465	28334
20436179	28335
207265676973746572696e67	28336
6f7274616c697479	28337
726f7079	28338
6f63616c7970746963	28339
61616e	28340
6e6176	28341
2066617363697374	28342
4946494544	28343
20696d706c696361746564	28344
205265736f7274	28345
204368616e646c6572	28346
20427269636b	28347
50696e	28348
797363	28349
5573616765	28350
2048656c6d	28351
75737261	28352
e29885e29885	28353
204162626173	28354
20756e616e696d6f75736c79	28355
206b6565706572	28356
206164646963746564	28357
3f3f3f	28358
2068656c6d657473	28359
20616e74696f786964	28360
6170736564	28361
383038	28362
6769656e65	28363
207761697473	28364
206d696e696f6e	28365
7261766564	28366
20506f7273636865	28367
20647265616d696e67	28368
20313731	28369
204361696e	28370
20756e666f72	28371
6173736f	28372
20436f6e66696775726174696f6e	28373
6b756e	28374
6861726474	28375
206e6573746564	28376
204c4453	28377
4c4553	28378
207479696e67	28379
656e6f73	28380
20637565	28381
204d61727175	28382
736b69727473	28383
20636c69636b6564	28384
2065787069726174696f6e	28385
204163636f7264696e676c79	28386
205743	28387
20626c657373696e6773	28388
20616464696374697665	28389
204e617272	28390
7978	28391
204a616775617273	28392
2072656e7473	28393
205369626572	28394
20746970706564	28395
6f75737365	28396
204669747a676572616c64	28397
206869657261726368	28398
6f7574696e65	28399
20776176656c656e677468	28400
3e2e	28401
63686964	28402
2050726f63657373696e67	28403
2f2b	28404
72616e6b696e67	28405
45617379	28406
20436f6e737472756374	28407
20746574	28408
696e7375726564	28409
485544	28410
2071756f74696e67	28411
20636f6d6d756e696361746564	28412
696e78	28413
20696e6d617465	28414
2065726563746564	28415
204162736f6c7574656c79	28416
20537572656c79	28417
20756e696d	28418
205468726f6e65	28419
68656964	28420
20636c617773	28421
20737570657273746172	28422
204c656e6e	28423
2057686973	28424
556b	28425
61626f6c	28426
20736b6574	28427
204e696574	28428
207065726b73	28429
20616666696e697479	28430
206f70656e696e6773	28431
706861736973	28432
206469736372696d696e617465	28433
546970	28434
7663	28435
206772696e64696e67	28436
204a656e6e79	28437
20617374686d61	28438
686f6c6573	28439
20486f6d6572	28440
20726567697374657273	28441
20476c6164	28442
206372656174696f6e73	28443
206c69746869756d	28444
206170706c61757365	28445
756e74696c	28446
4a757374696365	28447
205475726b73	28448
207363616e64616c73	28449
2062616b65	28450
74616e6b	28451
4d656368	28452
204d65616e73	28453
204d616964	28454
52657075626c6963616e73	28455
6973616c	28456
77696e646f7773	28457
2053616e746f73	28458
2076656765746174696f6e	28459
333338	28460
747269	28461
20666c7578	28462
696e73657274	28463
20636c61726966696564	28464
206d6f727467	28465
204368696d	28466
20546f7274	28467
20646973636c61696d	28468
6d6574616c	28469
204173696465	28470
20696e64756374696f6e	28471
20696e666c	28472
206174686569737473	28473
616d7068	28474
206574686572	28475
20566974616c	28476
204275696c74	28477
4d696e64	28478
20776561706f6e7279	28479
534554	28480
20313836	28481
61646d696e	28482
67616d	28483
636f6e7472616374	28484
616661	28485
206465726976617469766573	28486
20736e61636b73	28487
20636875726e	28488
45636f6e6f6d	28489
20636170706564	28490
20556e6465727374616e64696e67	28491
2048657273	28492
20497a	28493
2064756374	28494
49454e54	28495
617567687479	28496
20e29c94	28497
204e50	28498
207361696c696e67	28499
496e697469616c697a6564	28500
20746564	28501
2072656163746f7273	28502
204c6f6d62	28503
2063686f6b65	28504
20576f726d	28505
2061646d69726174696f6e	28506
207377756e67	28507
656e7369626c79	28508
2072617368	28509
20476f616c73	28510
20496d706f7274616e74	28511
53686f74	28512
20526173	28513
20747261696e657273	28514
2042756e	28515
576f726b696e67	28516
206861726d6564	28517
2050616e646f7261	28518
204c5445	28519
206d757368726f6f6d	28520
2043484152	28521
20466565	28522
204d6f79	28523
426f726e	28524
6f6c69626572616c	28525
204d61727469616c	28526
2067656e746c656d656e	28527
206c696e676572696e67	28528
4f6666696369616c	28529
206772616666697469	28530
204e616d6573	28531
446572	28532
207175696e74	28533
69737472617465	28534
617a65657261	28535
204e4f54494345	28536
20466c6f72656e6365	28537
2070617961626c65	28538
2064657069637473	28539
2053706563696573	28540
4865617274	28541
e29480e29480e29480e29480e29480e29480e29480e29480	28542
20656e636c6f736564	28543
496e63726561736573	28544
4461696c79	28545
204c6973	28546
20656e6163746d656e74	28547
204261636f6e	28548
20537465656c65	28549
64656d616e64	28550
20313833	28551
206d6f75746873	28552
20737472616e646564	28553
20656e68616e63656d656e74	28554
303131	28555
205768617473	28556
206865616c6564	28557
656e79	28558
20526162	28559
20333430	28560
204c61627972696e7468	28561
726f616368	28562
20596f7368	28563
20436c697070657273	28564
20636f6e6365727473	28565
496e7465726e6574	28566
333535	28567
20737469636b657273	28568
207465726d6564	28569
20417865	28570
206772616e64706172656e7473	28571
4672616e6365	28572
20436c696d	28573
205568	28574
756c6963	28575
20746872696c6c	28576
63656e74726963	28577
204f76657276696577	28578
20436f6e64756374	28579
207375627374616e74697665	28580
20313832	28581
6d7572	28582
207374726179	28583
20436f6666	28584
2072657065746974697665	28585
20466f72676f7474656e	28586
207175616c696669636174696f6e	28587
657769746e657373	28588
205a696d6261627765	28589
2073696d756c61746564	28590
204a44	28591
323533	28592
2057617265	28593
20756e7363	28594
54696d6573	28595
2073756d6d6f6e73	28596
20646973636f6e6e6563746564	28597
20313834	28598
63697573	28599
2047756a6172	28600
6f646b61	28601
206572617365	28602
20546f626163636f	28603
656c6563746564	28604
20756e636f6e74	28605
2053686570617264	28606
204c616d70	28607
20616c6572746564	28608
206f7065726174697665	28609
61726e61	28610
75696e74	28611
206e65676c6967656e6365	28612
6163656d656e7473	28613
207375707261	28614
207072657661696c	28615
20536861726b	28616
2062656c7473	28617
e381ab	28618
2074696768746572	28619
456e67696e65657273	28620
20696e616374697665	28621
206578706f6e656e74	28622
2057696c6c6965	28623
61706c6573	28624
2068656972	28625
2048697473	28626
69616e6e	28627
2053617973	28628
2063757272656e7473	28629
2042656e67616c	28630
206172697374	28631
427566666572	28632
20627265657a65	28633
205765736c6579	28634
436f6c61	28635
2070726f6e6f756e	28636
2064656564	28637
204b6c696e67	28638
206f6674	28639
20696e666c696374	28640
2070756e697368696e67	28641
206e6d	28642
696b75	28643
4f44554354	28644
303134	28645
2073756273696479	28646
20444541	28647
2048657262657274	28648
204a616c	28649
42616e6b	28650
206465666572726564	28651
20736869706d656e74	28652
426f7474	28653
20616c6c65	28654
62656172696e67	28655
48544d4c	28656
4f66666c696e65	28657
20323133	28658
207363726f6c6c696e67	28659
207363616e6e6564	28660
204c696279616e	28661
20544f50	28662
6368726f6d	28663
6474	28664
636f6c756d6e	28665
5073794e65744d657373616765	28666
5a65726f	28667
20746f72736f	28668
303530	28669
e29590	28670
20696d706572736f6e	28671
20536368776172747a	28672
75646963	28673
20706973736564	28674
2053617070	28675
323537	28676
2049535073	28677
6f676c	28678
2073757065727669736564	28679
2061646f6c657363656e74	28680
2061747461696e6564	28681
2044656c6976657279	28682
2042756e6e79	28683
2031393337	28684
206d696e696174757265	28685
206f73	28686
20333730	28687
363038	28688
204d6f7572696e686f	28689
20696e6e617465	28690
2074656d706f	28691
204e4d	28692
2046616c6c656e	28693
303039	28694
2070726f766f636174697665	28695
53747265616d6572	28696
2042656e6564696374	28697
20426f6c736865	28698
20747572746c65	28699
20504342	28700
20457175616c	28701
4469726563746f72	28702
2052656e64	28703
20666c75696473	28704
417574686f726974696573	28705
20636f7573696e73	28706
72657175656e6379	28707
204e65696768626f72	28708
73657473	28709
736861726564	28710
436861726c6573	28711
70617373776f7264	28712
206765617273	28713
20323131	28714
204861726477617265	28715
72696b61	28716
20757073747265616d	28717
486f6d	28718
2064697370726f706f7274696f6e6174656c79	28719
69766974696573	28720
20756e646566696e6564	28721
20656c656374726f6e73	28722
20636f6d6d656d6f72	28723
4576656e7475616c6c79	28724
203e3c	28725
206972726573706f6e7369626c65	28726
323138	28727
2052656c6561736564	28728
204f564552	28729
2049474e	28730
204272656164	28731
7374656c6c6172	28732
2053616765	28733
74746564	28734
64616d616765	28735
65646974696f6e	28736
2050726563	28737
206c696d65	28738
20636f6e66696e656d656e74	28739
2063616c6f726965	28740
776561706f6e	28741
20646966666572696e67	28742
2053696e61	28743
6d7973	28744
616d64	28745
20696e74726963617465	28746
6b6b	28747
20504154	28748
c3a36f	28749
73746f6e6573	28750
6c696e6b73	28751
2072616e6368	28752
53656d69746963	28753
20646966666572656e7469617465	28754
2053696e676572	28755
6f63637570696564	28756
20666f727472657373	28757
636d64	28758
20696e74657263657074696f6e	28759
20416e6b617261	28760
2072657074	28761
20536f6c697461697265	28762
2072656d616b65	28763
70726564	28764
206461726564	28765
617574696f6e73	28766
204241434b	28767
52756e6e696e67	28768
20646562756767696e67	28769
20677261706873	28770
333939	28771
204e6967656c	28772
2062756e	28773
2070696c6c6f77	28774
2070726f67726573736564	28775
66617368696f6e6564	28776
206f62656469656e6365	28777
45524e	28778
2072656865617273	28779
43656c6c	28780
746c	28781
53686572	28782
20686572616c64	28783
205061796d656e74	28784
20436f7279	28785
2044657074	28786
20726570656e74	28787
205765616b	28788
75636b6c616e64	28789
20706c656173696e67	28790
2073686f727461676573	28791
206a75726f7273	28792
204b6162	28793
717161	28794
416e7469	28795
20776f77	28796
2052434d50	28797
207473756e	28798
20536963	28799
20636f6d707269736573	28800
207370696573	28801
2070726563696e6374	28802
6e75	28803
207572676573	28804
2074696d6564	28805
2073747269706573	28806
20426f6f7473	28807
2079656e	28808
416476616e636564	28809
206469736372657465	28810
2041726368616e67656c	28811
656d706c6f796d656e74	28812
44696666	28813
206d6f6e756d656e7473	28814
20323039	28815
776f726b6572	28816
20313936	28817
204967	28818
757474657273746f636b	28819
545053	28820
4a6163	28821
20686f6d656c6573736e657373	28822
20636f6d6d656e7461746f72	28823
2072616369616c6c79	28824
66696e67	28825
73656564	28826
456c65	28827
656c6c6174696f6e	28828
20657468616e6f6c	28829
20706172697368	28830
20446f6e67	28831
204177616b656e696e67	28832
20646576696174696f6e	28833
2042656172696e67	28834
205473756b	28835
20726563657373	28836
206c796d7068	28837
2043616e6e61626973	28838
e59c	28839
204e455753	28840
20647261	28841
2053746566616e	28842
2057726f6e67	28843
2053414d	28844
206c6f6f73656c79	28845
20696e746572707265746572	28846
20506c61696e	28847
476f7665726e6d656e74	28848
206269676f747279	28849
206772656e61646573	28850
6176657a	28851
7069637475726564	28852
206d616e6461746564	28853
204d6f6e6b	28854
20506564726f	28855
206c617661	28856
323734	28857
2063796e6963616c	28858
205363726f6c6c73	28859
6c6f636b73	28860
4d70	28861
20636f6e677265676174696f6e	28862
6f726e696e6773	28863
7068696c	28864
2049626964	28865
2066657276	28866
20646973617070656172696e67	28867
206172726f67616e74	28868
73796e	28869
204d61766572	28870
2053756974	28871
323431	28872
206162627265	28873
61636b657273	28874
5061	28875
2059656c	28876
5768656e65766572	28877
20323335	28878
2056696e65	28879
20416e6174	28880
20657874696e6374	28881
4c4554	28882
2065786563757461626c65	28883
56455253	28884
6f78696465	28885
444e41	28886
205072656c	28887
20726573656e746d656e74	28888
20636f6d7072697365	28889
2041766976	28890
20696e74657263657074696f6e73	28891
2070726f6c69666963	28892
494e41	28893
204572696e	28894
74686f75676874	28895
323139	28896
2050737963686961747279	28897
756e6b79	28898
6368656d697374	28899
486f	28900
204d63436f79	28901
20627269636b73	28902
4c6f73	28903
72696c79	28904
2055535352	28905
20727564	28906
206c617564	28907
2057697365	28908
20456d6572616c64	28909
2072657669766564	28910
2064616d6e6564	28911
20526570616972	28912
6964656d	28913
6374696361	28914
20706174726961726368	28915
204e757273	28916
6d6567	28917
206368656170657374	28918
7265656d656e7473	28919
656d707479	28920
2043656c656272	28921
206465707269766174696f6e	28922
6368616e746564	28923
205468756d626e61696c73	28924
456e65726779	28925
20457468616e	28926
2051696e67	28927
206f70706f736573	28928
57494e44	28929
76696b	28930
204d6175	28931
20535542	28932
363637	28933
475245	28934
20566f6c756e7465	28935
6e746f6e	28936
436f6f6b	28937
e590	28938
6573717565	28939
20706c756d6d6574	28940
207375696e67	28941
2070726f6e6f756e6365	28942
20726573697374696e67	28943
2046697368696e67	28944
20547269616c73	28945
2079656c6c	28946
20333130	28947
20696e64756374	28948
20706572736f6e616c697a6564	28949
6f6674656e	28950
526562	28951
454d424552	28952
2076696577706f696e74	28953
206578697374656e7469616c	28954
282929	28955
72656d6f7665	28956
4d454e5453	28957
6c6173736573	28958
20657661706f72	28959
206169736c65	28960
6d657461	28961
207265666c656374697665	28962
20656e7469746c656d656e74	28963
2064657669736564	28964
6d75736963	28965
617363616465	28966
2077696e64696e67	28967
6f6666736574	28968
206163636573736962696c697479	28969
6b65726564	28970
426574746572	28971
204a6f686e73746f6e	28972
7468696e6b696e67	28973
536e6f77	28974
2043726f61746961	28975
2041746f6d6963	28976
323731	28977
333438	28978
2074657874626f6f6b	28979
205369787468	28980
20d8a7d984	28981
20736c69646572	28982
20427572676572	28983
626f6c	28984
53796e63	28985
206772616e646368696c6472656e	28986
2063657276	28987
2b29	28988
20657465726e697479	28989
207477656574696e67	28990
2073706563756c6174697665	28991
207069766f74616c	28992
205750	28993
20544552	28994
796e616d6963	28995
2075706c	28996
2043617473	28997
70657268617073	28998
20636c6173736d61746573	28999
20626c6174616e74	29000
272d	29001
206c616b68	29002
616e74696e65	29003
20426f7267	29004
696f6d	29005
2f28	29006
204174686c65746963	29007
20736172	29008
4f5441	29009
20486f66666d616e	29010
4e657665727468656c657373	29011
2061646f7261626c65	29012
20737061776e6564	29013
4173736f636961746564	29014
20446f6d6573746963	29015
20696d706c616e74	29016
204c7578656d	29017
204b656e73	29018
2070756d7073	29019
20534154	29020
41747472696275746573	29021
353039	29022
61766f7572	29023
2063656e7472616c697a6564	29024
20544e	29025
2066726573686c79	29026
2041636869657665	29027
206f7574736964657273	29028
6865727479	29029
20526565	29030
20546f77657273	29031
2044617274	29032
616b61626c65	29033
206d70	29034
2048656176656e6c79	29035
2072697065	29036
204361726f6c696e65	29037
7279616e	29038
20636c617373696373	29039
207265746972696e67	29040
20323238	29041
206168	29042
206465616c696e6773	29043
2070756e6368696e67	29044
20436861706d616e	29045
4f7074696f6e73	29046
6d617877656c6c	29047
766f6c756d65	29048
207374616c	29049
206578706f72746564	29050
205175697465	29051
206e756d65726963616c	29052
4275726e	29053
46616374	29054
204b657973746f6e65	29055
207472656e64696e67	29056
20616c746572696e67	29057
204166726963616e73	29058
343738	29059
204d4e	29060
204b6e6f636b	29061
2074656d70746174696f6e	29062
207072657374696765	29063
4f76657276696577	29064
20547261646974696f6e616c	29065
204261687261696e	29066
50726976617465	29067
20484f55	29068
2062617272	29069
20546174	29070
43756265	29071
555344	29072
204772616e6465	29073
20476174	29074
20466c6f	29075
2072657369646573	29076
20696e646563	29077
766f6c656e74	29078
2070657270657475616c	29079
75626573	29080
20776f726c6476696577	29081
205175616e74756d	29082
2066696c7465726564	29083
20656e7375	29084
6f726765746f776e	29085
4552534f4e	29086
204d696c64	29087
333739	29088
4f5454	29089
c3a5	29090
20766974616d696e73	29091
20726962626f6e	29092
2073696e636572656c79	29093
2048696e	29094
20656967687465656e	29095
20636f6e747261646963746f7279	29096
20676c6172696e67	29097
20657870656374616e6379	29098
20636f6e73706972	29099
206d6f6e7374726f7573	29100
20333830	29101
72656369	29102
2068616e646963	29103
2070756d706564	29104
20696e6469636174697665	29105
2072617070	29106
20617661696c	29107
204c45474f	29108
204d6172696a75616e61	29109
31393835	29110
6572746f6e	29111
207477656e7469657468	29112
2323232323232323232323232323232323232323232323232323232323232323	29113
205377616d70	29114
2076616c756174696f6e	29115
20616666696c6961746573	29116
61646a7573746564	29117
20466163696c697479	29118
323632	29119
20656e7a796d6573	29120
69747564696e616c	29121
20696d7072696e74	29122
53697465	29123
20696e7374616c6c6572	29124
20545241	29125
6d6f6c6f6779	29126
6c696e656172	29127
20436f6c6c656374697665	29128
69676174696e67	29129
20546f6b656e	29130
2073706563756c61746564	29131
4b4e	29132
20436c79	29133
6f72697479	29134
206465666572	29135
20696e73706563746f7273	29136
617070726f766564	29137
524d	29138
2053756e73	29139
20696e666f726d696e67	29140
205379726163757365	29141
69626c69	29142
373635	29143
20676c6f7665	29144
20617574686f72697a65	29145
e280a6e280a6e280a6e280a6e280a6e280a6e280a6e280a6	29146
20437275697365	29147
20636f6e7472616374696e67	29148
7368656c6c	29149
494645	29150
204a6577656c	29151
7072616374	29152
2050686f746f73686f70	29153
204b6e6f77696e67	29154
6861726d	29155
2061747472616374696f6e73	29156
6164616e	29157
65747573	29158
303138	29159
776167656e	29160
416c74	29161
206d756c7469706c79	29162
20657175696c69627269756d	29163
3a7b	29164
204669676874657273	29165
204564676172	29166
20666f75727465656e	29167
476f7665726e	29168
206d6973757365	29169
2061627573696e67	29170
20616e636573747279	29171
72616d6572	29172
363434	29173
20776f726d73	29174
20746869636b6572	29175
20436f6d62696e65	29176
2070656173616e7473	29177
2076696e64	29178
20636f6e7175657374	29179
206d6f636b6564	29180
2063696e6e616d6f6e	29181
2043616c64	29182
2047616c6c7570	29183
2061766f6964616e6365	29184
20696e6361726e6174696f6e	29185
205374726174	29186
20746173746564	29187
656e7461	29188
204e65616c	29189
7061726564	29190
207465726d696e6f6c6f6779	29191
6a656374696f6e	29192
536369656e7469737473	29193
20494e53	29194
20446565	29195
206469726563746f72696573	29196
526f6164	29197
2053686170	29198
627269676874	29199
204469726563746f7273	29200
20436f6c756d6e	29201
20626f62	29202
2070726566657261626c79	29203
20676c69746368	29204
66757274	29205
206567	29206
69646973	29207
434243	29208
2073757272656e6465726564	29209
2074657374616d656e74	29210
333336	29211
756767657374	29212
204e696c	29213
616e6f74686572	29214
207061746865746963	29215
20446f6e6e61	29216
20323138	29217
204176657279	29218
20776869736b6579	29219
2066697874757265	29220
20436f6e7175657374	29221
2062657473	29222
4f6363	29223
204c6569636573746572	29224
5d2e22	29225
2029293b	29226
20666c6173686573	29227
343536	29228
206d61736b6564	29229
6765627261	29230
20636f6d7075746564	29231
6368656c	29232
6175646572	29233
2064656665617473	29234
204c696265726174696f6e	29235
204f73616d61	29236
2056697665	29237
4368616e676573	29238
4368616e6e656c	29239
2074617269666673	29240
206d616765	29241
20536178	29242
20696e616476657274656e746c79	29243
20435245	29244
20526561706572	29245
696e6b79	29246
67726164696e67	29247
2073746572656f747970	29248
206375726c	29249
2046414e54	29250
206672616d65776f726b73	29251
4d6f6d	29252
20416e6368	29253
20666c61766f7572	29254
636172626f6e	29255
207065726d697474696e67	29256
6c657463686572	29257
204d6f7a696c6c61	29258
205061726b696e67	29259
204368616d70	29260
5363726f6c6c	29261
206d75726465726572	29262
20726573746564	29263
206f776573	29264
20506f7373	29265
414444	29266
494646	29267
7265736f6c7574696f6e	29268
204d696e696e67	29269
20636f6d7061726174697665	29270
44696d	29271
206e65696768626f7572696e67	29272
20415354	29273
20546f786963	29274
20626961736573	29275
2067756e66697265	29276
75726f7573	29277
204d6f6d656e74	29278
31393833	29279
20706572766173697665	29280
747470	29281
204e6f726d616c6c79	29282
726972	29283
5361726168	29284
20416c62616e79	29285
20756e73657474	29286
20534d53	29287
6970657273	29288
6c61796572	29289
20576869746573	29290
75706c65	29291
20747572626f	29292
204c65656473	29293
207468617473	29294
204d696e6572	29295
4d4552	29296
20526569676e	29297
207065726d65	29298
20426c69747a	29299
2031393334	29300
20696e74696d69646174696e67	29301
74756265	29302
20656363656e74726963	29303
61626f6c6963	29304
626f786573	29305
204173736f636961746573	29306
766f746573	29307
2073696d756c617465	29308
756d626f	29309
617374657279	29310
20736869706d656e7473	29311
46464646	29312
616e7468	29313
20736561736f6e6564	29314
206578706572696d656e746174696f6e	29315
e296a0	29316
6c617773	29317
4d656574	29318
6964646c6573	29319
616e74696373	29320
526174696e67	29321
49534953	29322
68696674	29323
2066726f6e7473	29324
627566	29325
303137	29326
20756e617474	29327
2044696c	29328
6c6561736573	29329
2047617264656e73	29330
373737	29331
746f756368	29332
76656c6c	29333
343538	29334
203d3d3d3d3d	29335
736176696e67	29336
2065726f73696f6e	29337
205175696e	29338
206561726e73	29339
206163636f6d706c6973686d656e74	29340
20576569	29341
203c5b	29342
5f5f5f5f5f	29343
206972726967	29344
205465646479	29345
20636f6e717565726564	29346
2041726d6f726564	29347
2061737365727473	29348
206d616e6970756c6174696e67	29349
72c3a9	29350
207472616e73637269707473	29351
47616c6c657279	29352
20706c6f7474696e67	29353
4e65696c	29354
20626574726179616c	29355
6c6f61646572	29356
2053756c	29357
20646973706c6163656d656e74	29358
20726f79616c7479	29359
205749	29360
68656974	29361
2044657669636573	29362
616c6c656c	29363
206d756e69636970616c6974696573	29364
2063616e616c	29365
5374617273	29366
20554145	29367
2022e280a6	29368
204355	29369
61626f7665	29370
207265736f6e616e6365	29371
20677569416374697665556e	29372
6164646564	29373
20427261766573	29374
2049626e	29375
20686572656279	29376
20425245	29377
207368617265686f6c646572	29378
20486972	29379
204a69	29380
20737472616e67656c79	29381
2061646d69726564	29382
20706c69676874	29383
2062616368656c6f72	29384
20506f6c65	29385
6369706c696e617279	29386
546f6e79	29387
2041726d656e69616e	29388
20756e6d616e	29389
205a696f6e697374	29390
5374616765	29391
6973636f766572	29392
206175746f6d6f74697665	29393
20736964656c696e6573	29394
20736c69636b	29395
2052656e61697373616e6365	29396
2046554e	29397
496d61676573	29398
2048616a	29399
2070696e67	29400
2073686f7274637574	29401
20426c7664	29402
204c6f6f6b73	29403
20627572737473	29404
20636c616d70	29405
206d697368	29406
20736f7274696e67	29407
2070617472696f74	29408
20636f72726563746e657373	29409
205363616e64696e6176	29410
20436176616c69657273	29411
707974686f6e	29412
617a6172	29413
20333735	29414
204a61756e65	29415
343039	29416
2064657472696d656e74616c	29417
207374616262696e67	29418
20706f69736f6e6564	29419
20666f756e7461696e	29420
6f63656e74	29421
6f727374	29422
204d617269	29423
207261696e73	29424
204f76657273	29425
20496e737469747574696f6e	29426
7564676574	29427
414d59	29428
74616c65	29429
204b52	29430
20507269636573	29431
20686561646163686573	29432
206c616e64736c	29433
2041757261	29434
426f6e7573	29435
205a68616f	29436
20486970	29437
20686f7073	29438
204b757264697374616e	29439
206578706c6f6974696e67	29440
72796e	29441
206879706f6372697379	29442
6f70656e696e67	29443
2067756e73686f74	29444
20776564	29445
696e7465727374697469616c	29446
496e7465727374697469616c	29447
20616d656e	29448
427265616b696e67	29449
206d61726b65746564	29450
57697265	29451
2043726f7764	29452
436f6e74696e7565	29453
204b6e6f776e	29454
20456666656374697665	29455
6f7265616e	29456
697a6f6e73	29457
4a6f73657068	29458
20657363616c6174696f6e	29459
757365726e616d65	29460
206375727461696e	29461
41544553	29462
20504152	29463
204d6979	29464
20636f756e7465726665	29465
6c656e65	29466
20636f6e74656e64657273	29467
6461696c79	29468
20417363	29469
205068696c6c6970	29470
6d6f73746c79	29471
2066696c656e616d65	29472
68656e65	29473
20726573656d626c696e67	29474
2073746167696e67	29475
2043686c6f65	29476
20776972696e67	29477
486f6e	29478
2052656e6577	29479
6f7474616765	29480
20487962726964	29481
6d756368	29482
207374726f6b6573	29483
20706f6c6963796d616b657273	29484
4150544552	29485
2041726b68616d	29486
706c6f74	29487
20617373697374616e7473	29488
206465706f7274	29489
2053656761	29490
20696e666c75656e7a61	29491
20437572736564	29492
204b6f6265	29493
20736b696e6e79	29494
50726f7669646572	29495
20526970	29496
20696e6372656d656e74616c	29497
70726f6475637473	29498
4246	29499
20646f6d65	29500
2043726564697473	29501
206c6f73657273	29502
696e7473	29503
204265747479	29504
2054616c656e74	29505
2044414d	29506
4c76	29507
457373	29508
2064656e73	29509
74656d70	29510
4a75646765	29511
6f646963	29512
202728	29513
55524553	29514
6574736b	29515
564f	29516
20726574726965766564	29517
2061726368697465637473	29518
d987	29519
206574686963	29520
205365636f6e64617279	29521
73746f636b73	29522
61646961	29523
20333235	29524
204f70696e696f6e	29525
2073696d756c74616e656f7573	29526
2064697a7a	29527
756c70	29528
20736d7567676c696e67	29529
697070657279	29530
52616e646f6d	29531
666163696e67	29532
20446173	29533
2073746f636b70	29534
20646973636c6f7375726573	29535
706f696e746572	29536
20636f72616c	29537
2053656c656374696f6e	29538
2050696b65	29539
6976616c656e74	29540
20727574686c657373	29541
2052696d	29542
20656e7375696e67	29543
204578706572696d656e74	29544
20636f6e67726573736d616e	29545
2062656c6965766572	29546
20756e737065636966696564	29547
204d6f7264	29548
206b6e6f776c6564676561626c65	29549
2056455259	29550
5458	29551
20737472617073	29552
2074757266	29553
61706573686966746572	29554
206d61726974616c	29555
20666c6f636b	29556
e38186	29557
323633	29558
414d4553	29559
204f70706f736974696f6e	29560
20747265617375726573	29561
20474f44	29562
206d6f64656c6564	29563
20574f524c44	29564
20285b	29565
205573616765	29566
4846	29567
202428	29568
7573736564	29569
2070696f6e656572	29570
4569676874	29571
7061727365	29572
6272656164	29573
7269747a	29574
204d6972616e6461	29575
204b616e74	29576
2b2b29	29577
6f72656e	29578
2070726f766f6b6564	29579
20627265656473	29580
20496e636c75646573	29581
20506173746562696e	29582
20466c6970	29583
4a617661	29584
206272696e6b	29585
2072756d6f726564	29586
20756e7365656e	29587
206761726e65726564	29588
20446566696e	29589
616c746564	29590
20746174746f6f73	29591
2068657369746174696f6e	29592
69736974696f6e73	29593
20576561766572	29594
205265706f7274696e67	29595
20746865726170696573	29596
20636f6e73756c74616e7473	29597
20726573696475616c	29598
204d616c69	29599
20526f6d61	29600
6961676f	29601
205265736964656e7473	29602
756269	29603
2072656d6564696573	29604
206164617074697665	29605
20416c697665	29606
20426172636c	29607
2077616c6c657473	29608
6372797074	29609
657465726d696e6174696f6e	29610
2050656c6f7369	29611
20736c697070696e67	29612
6f746f6e696e	29613
20616c6c69616e636573	29614
7061747269636b	29615
69726973	29616
206f727468	29617
205065726b696e73	29618
20446556	29619
2047657473	29620
20647279696e67	29621
676565	29622
666f72657374	29623
20466f72676574	29624
6f72656d	29625
333339	29626
2076616775656c79	29627
2044696f6e	29628
20506f726e	29629
20484f57	29630
20706e65756d	29631
20727562626c65	29632
205461737465	29633
656e636961	29634
2047656c	29635
20647374	29636
20323435	29637
204d6f726f63636f	29638
696e666c616d6d	29639
205477696e73	29640
20626f7473	29641
6461756768746572	29642
2042616c6b	29643
20627265746872656e	29644
206c6f676f73	29645
20676f626c	29646
667073	29647
207375626469766973696f6e	29648
207061776e	29649
2073717565657a6564	29650
206d6f72616c65	29651
204457	29652
2722	29653
206b6e6f74	29654
6f6f6b79	29655
206469766973697665	29656
20626f6f73746564	29657
636879	29658
e38390	29659
6966616374	29660
206e6577636f6d657273	29661
2057726573746c696e67	29662
2073636f757473	29663
776f6c766573	29664
526174	29665
206e696e657465656e7468	29666
204f73626f726e65	29667
5374617473	29668
20656d706f7765726564	29669
2070737963686f70617468	29670
204f454d	29671
756767616765	29672
20504b	29673
204d6f68616d6d6164	29674
50616b	29675
20616e6172636869737473	29676
2045787472616374	29677
657374686573	29678
2053746f636b686f6c6d	29679
6c6f6f	29680
204772617068	29681
206465706c6f79696e67	29682
20537472616e676572	29683
204d6f6c64	29684
2073746166666572	29685
20646973636f756e746564	29686
75636b6c65	29687
706c65617365	29688
204c616e64696e67	29689
c3ad61	29690
20313933	29691
20616e7465	29692
2072657065746974696f6e	29693
202b2f2d	29694
207061726f6479	29695
206c6976656c79	29696
414141	29697
20486f727573	29698
2070697473	29699
696e64657273	29700
4c4f43	29701
2056656e696365	29702
343036	29703
20446973636f766572	29704
e286	29705
656c6c65637475616c	29706
2070656e73	29707
206579656c	29708
6967756f7573	29709
496d706c	29710
206a6f6b696e67	29711
20696e76616c	29712
2042656c66617374	29713
206372656469746f7273	29714
20536b7977616c6b6572	29715
6f76736b79	29716
20636561736566697265	29717
207365616c73	29718
69736f6674	29719
29292e	29720
2046656c6978	29721
495453	29722
207472657370	29723
20426c6f636b636861696e	29724
6577617265	29725
20536368776172	29726
656e6e65	29727
6d6f756e746564	29728
20426561636f6e	29729
6c657368	29730
20696d6d656e73656c79	29731
206368656572696e67	29732
456d706c6f79	29733
7363656e65	29734
6973686c79	29735
617463686577616e	29736
204e69636f6c6173	29737
20647261696e6564	29738
2045786974	29739
20417a657262	29740
6a756e	29741
20666c6f61746564	29742
75616e6961	29743
44656570	29744
20737570657276	29745
206d7973746963616c	29746
20446f6c6c6172	29747
2041706f73746c65	29748
2052454c	29749
2050726f7669646564	29750
204275636b73	29751
e383b4	29752
63757474696e67	29753
20656e68616e63656d656e7473	29754
2050656e6775696e73	29755
20497361696168	29756
206a65726b	29757
2057796e	29758
207374616c6c6564	29759
2063727970746f63757272656e63696573	29760
20526f6c616e64	29761
73696e676c65	29762
206c756d696e	29763
2046656c6c6f77	29764
204361706163697479	29765
204b617a616b68	29766
574e	29767
2066696e616e636564	29768
333839	29769
20746964	29770
20636f6c6c7573696f6e	29771
204d7972	29772
ee80	29773
53656e61746f72	29774
20706564696174726963	29775
206e6561746c79	29776
2073616e64776963686573	29777
20417263686974656374757265	29778
207475636b6564	29779
2062616c636f6e79	29780
2065617274687175616b6573	29781
7175697265	29782
467574757265	29783
206865667479	29784
e997	29785
207370656369616c697a6573	29786
207374726573736573	29787
2073656e646572	29788
206d6973756e6465727374616e64696e67	29789
206570696c65	29790
2070726f766f6b65	29791
20436f6c6f7273	29792
206469736d6179	29793
756b6f	29794
5b5f	29795
353836	29796
6e65757472616c	29797
20646f6e6174696e67	29798
2052616e64616c6c	29799
4d756c7469	29800
20636f6e76656e69656e746c79	29801
2053756e67	29802
20436f6361	29803
2074656e7473	29804
20416363656c6572	29805
20706172746e65726564	29806
323732	29807
69726d696e67	29808
20424153	29809
736f6d6574696d6573	29810
206f626a6563746564	29811
7562726963	29812
706f736564	29813
4c4353	29814
6772617373	29815
20617474726962757461626c65	29816
564953	29817
49737261656c69	29818
2072657065617473	29819
20524d	29820
766167	29821
757461	29822
696e6f7573	29823
20696e657274	29824
204d696775656c	29825
e6ad	29826
20486177616969616e	29827
426f617264	29828
2061727469666963	29829
20417a6572626169	29830
6173696f	29831
2052656e74	29832
41494e	29833
206170706c69616e636573	29834
206e6174696f6e616c697479	29835
20617373686f6c65	29836
204e6562	29837
206e6f746368	29838
68616e69	29839
204272696465	29840
417661696c6162696c697479	29841
20696e746572636570746564	29842
20636f6e74696e656e74616c	29843
207377656c6c696e67	29844
205065727370656374	29845
62696573	29846
2e3c	29847
6974686d65746963	29848
204c617261	29849
2074656d7074696e67	29850
61646472	29851
206f766572736565696e67	29852
636c6164	29853
204456	29854
2047696e6772696368	29855
206d756e	29856
20417070726f707269	29857
20616c7465726174696f6e73	29858
2050617472656f6e	29859
206861766f63	29860
206469736369706c696e6573	29861
206e6f746f72696f75736c79	29862
616b757961	29863
69657269	29864
3f292e	29865
2057656e74	29866
2073696c69636f6e	29867
207472656d62	29868
436f6e7461696e6572	29869
4b6e6f776e	29870
206d6f72746172	29871
65737465	29872
69636b61	29873
417274687572	29874
2050726576696f75736c79	29875
204d61727479	29876
20737061727365	29877
67696e73	29878
20696e77617264	29879
205061727469636970616e74	29880
436f7079	29881
204d697363	29882
20616e746962696f746963	29883
20526574726f	29884
20656c7573697665	29885
2061737361696c	29886
2042617474616c696f6e	29887
20426f75676874	29888
2064696d696e697368	29889
204575726f7061	29890
73657373696f6e	29891
2044616e6765726f7573	29892
696573656c	29893
2064697362656c696566	29894
20626c61737473	29895
65787472656d65	29896
20426f7964	29897
2050726f6a65637473	29898
2047757973	29899
20756e646572676f6e65	29900
206772696c6c	29901
20447769676874	29902
20313937	29903
55534552	29904
2066696c6573797374656d	29905
20636c6f636b73	29906
5461796c6f72	29907
2077726170706572	29908
20666f6c64696e67	29909
6f7573616e64	29910
205068696c697070696e65	29911
4154494f4e414c	29912
205065727468	29913
206173686573	29914
20616363756d756c617465	29915
2047617465776179	29916
53686f70	29917
6f726b7368697265	29918
48616e	29919
2042617272656c	29920
204c6568	29921
205856	29922
207768696d	29923
207265706f	29924
204347	29925
204d616d	29926
20696e636f72706f726174696e67	29927
206261696c6f7574	29928
206c696e67756973746963	29929
20646973696e746567	29930
434c45	29931
2063696e656d61746963	29932
204669626572	29933
53796e	29934
696c696f6e	29935
20436f6d706f73	29936
6368656e73	29937
206e656f63	29938
20626f696c6564	29939
46494e45	29940
6f6e6f	29941
756e636c65	29942
696b656e	29943
20424d	29944
ceb9	29945
207265636569707473	29946
20646973706f736564	29947
20546869727479	29948
20526f756768	29949
20414253	29950
206e6f74776974687374616e64696e67	29951
6f6c6c656e	29952
2324	29953
20756e72656c6961626c65	29954
20626c6f6f6d	29955
206d6564696f637265	29956
207472616d	29957
205461736d616e	29958
207368616b6573	29959
206d616e69666573746f	29960
204d57	29961
207361746973666163746f7279	29962
2073686f726573	29963
20636f6d7075746174696f6e	29964
20617373657274696f6e73	29965
6f726d6f6e73	29966
61726167	29967
61626974	29968
44656d6f6372617473	29969
204c6f6f74	29970
20566f6c6b73	29971
686169726564	29972
206772617669746174696f6e616c	29973
53696e67	29974
204d697a	29975
207468726f74746c65	29976
20747972616e6e79	29977
205669657773	29978
20726f62626572	29979
204d696e6f72697479	29980
20736872696e65	29981
73636f7065	29982
707572706f7365	29983
206e75636c657573	29984
6f757263696e67	29985
2055534441	29986
20444853	29987
777261	29988
20426f776965	29989
5363616c65	29990
2042454c	29991
7869	29992
49746572	29993
2028292c	29994
777269676874	29995
207361696c6f7273	29996
6f75736564	29997
4e415341	29998
2050726f6f66	29999
204d696e6572616c	30000
746f6b656e	30001
204644	30002
526577	30003
20656c6c	30004
363330	30005
206368616e63656c6c6f72	30006
20476f73	30007
20616d6f756e746564	30008
205265637265	30009
6f6d657a	30010
204f7074696d	30011
204f6c697665	30012
20747261636b6572	30013
6f776c6572	30014
20556e69717565	30015
526f6f74	30016
206d61726974696d65	30017
20517572616e	30018
204164617074	30019
2065636f73797374656d73	30020
20526570656174	30021
20536f79	30022
20494d50	30023
2067726164756174696e67	30024
616e64656d	30025
507572	30026
205265736574	30027
20547269636b	30028
205068696c6c79	30029
20547565	30030
204d616c61797369616e	30031
20636c696d6178	30032
2062757279	30033
20636f6e73706963	30034
20536f757468616d70746f6e	30035
20466c6f77657273	30036
206573636f72746564	30037
20456475636174696f6e616c	30038
20495243	30039
2062727574616c6c79	30040
656174696e67	30041
2070696c6c6172	30042
2053616e67	30043
204a756465	30044
61726c696e67	30045
20416d6e65737479	30046
2072656d696e64696e67	30047
2041646d696e697374726174697665	30048
6865736461	30049
20666c6173686564	30050
20504253	30051
706572617465	30052
66656174757265	30053
207377697065	30054
20677261766573	30055
6f756c747279	30056
323631	30057
627265616b73	30058
2047756572	30059
20736872696d70	30060
20566f74696e67	30061
7175697374	30062
20616e616c79746963616c	30063
207461626c6573706f6f6e73	30064
20534f55	30065
2072657365617263686564	30066
20646973727570746564	30067
206a6f7572	30068
207265706c696361	30069
20636172746f6f6e73	30070
6269616e73	30071
7d29	30072
636f7079	30073
476f74	30074
6f7563686564	30075
505554	30076
20737761726d	30077
6e6f746174696f6e73	30078
73616964	30079
2072656275696c74	30080
20636f6c6c61626f72617465	30081
20726167696e67	30082
206e6172	30083
2064656d6f6772617068696373	30084
20444452	30085
206469737472757374	30086
6f7373696572	30087
204b726f	30088
2070756d706b696e	30089
2072656772657473	30090
20666174616c6974696573	30091
204c656e73	30092
204f6c65	30093
7064	30094
20707570706574	30095
204f75746c6f6f6b	30096
205374616d	30097
4f6c	30098
46616972	30099
5555	30100
2072657772697474656e	30101
c4b1	30102
2066617363696e61746564	30103
20766563746f7273	30104
2074726962756e616c	30105
756179	30106
204d617473	30107
20436f696e73	30108
5b5b	30109
20313831	30110
2072656e64657273	30111
204b61657065726e69636b	30112
20657370696f6e616765	30113
2073756d6d	30114
206469746368	30115
4163636f756e74	30116
207370726561647368656574	30117
206d7574616e74	30118
70617374	30119
343037	30120
20647965	30121
20696e6974696174696f6e	30122
2034303030	30123
2070756e69736861626c65	30124
207468696e6e6572	30125
204b68616c	30126
20696e7465726d656469	30127
44756e	30128
20476f7468616d	30129
2065616765726c79	30130
20766167696e616c	30131
706f77657273	30132
5657	30133
2057415443484544	30134
207072656461746f72	30135
616d73756e67	30136
20646973706172697479	30137
205b2a	30138
20616d7068	30139
206f7574736b69727473	30140
2053706972697473	30141
20736b656c6574616c	30142
d0bb	30143
2052656172	30144
2069737375616e6365	30145
204c6f676963	30146
72656c6561736564	30147
5a5a	30148
20426f756e64	30149
456e747279	30150
206578697473	30151
69736f6c	30152
20466f756e646572	30153
20777265	30154
20477265656e6c616e64	30155
204d4d4f	30156
74616b6572	30157
494e43	30158
e381be	30159
20686f75726c79	30160
68656e6b6f	30161
2066616e746173696573	30162
206469736f62	30163
2064656d6f6c6974696f6e	30164
e3838b	30165
20656e6c6973746564	30166
726174756c6174696f6e73	30167
206d6973677569646564	30168
20656e7375726564	30169
20646973636f757261676564	30170
6d6f7274	30171
20666c616e6b	30172
2063657373	30173
20726561637473	30174
2053657265	30175
73656e736974697665	30176
2053657270656e74	30177
6173736164	30178
20323437	30179
2063616c6d6c79	30180
62757374657273	30181
20626c656564	30182
205374726f	30183
20616d7573656d656e74	30184
20416e7461726374696361	30185
207363657074	30186
20476177	30187
6171	30188
61736f6e6963	30189
2073707261776c696e67	30190
6e6174697665	30191
6174757261746564	30192
20426174746c656669656c64	30193
4956455253	30194
4542	30195
2047656d73	30196
204e6f7274687765737465726e	30197
2046696c6d73	30198
204175746f6d61746963	30199
20617070726568656e64	30200
e381a8	30201
206775694e616d65	30202
206261636b656e64	30203
2065766964656e636564	30204
6765616e74	30205
303132	30206
205369656765	30207
2065787465726e616c546f	30208
20756e666f637573656452616e6765	30209
20677569416374697665556e666f6375736564	30210
2067756949636f6e	30211
2065787465726e616c546f455641	30212
2065787465726e616c546f4556414f6e6c79	30213
467269	30214
6368617264	30215
656e6172696573	30216
20636869656673	30217
206366	30218
20485544	30219
20636f72726f626f72	30220
206442	30221
2054616b656e	30222
205061747269636961	30223
7261696c	30224
20436861726d	30225
204c6962657274617269616e	30226
7269657665	30227
506572736f6e616c	30228
204f5552	30229
676572696573	30230
2064756d70696e67	30231
206e6575726f6c6f676963616c	30232
6974696d617465	30233
20436c696e746f6e73	30234
726166746564	30235
204d6f6c6c79	30236
207465726d696e616c73	30237
7265676973746572	30238
20666c617265	30239
20656e636f646564	30240
206175746f707379	30241
70656c	30242
6d616368696e65	30243
206578656d7074696f6e73	30244
20526f79616c73	30245
64697374616e6365	30246
20647261667473	30247
206c616d65	30248
2043756e6e696e67	30249
2073706f75736573	30250
204d61726b657473	30251
2043617272696572	30252
20696d706c79696e67	30253
2059616b	30254
736964	30255
206c6f736572	30256
20766967696c616e74	30257
20696d70656163686d656e74	30258
206175676d656e746564	30259
20456d706c6f79656573	30260
20756e696e74656e646564	30261
7465726e616c6c79	30262
2057617474	30263
207265636f676e697a61626c65	30264
657373696d	30265
e69d	30266
20636f61746564	30267
726861	30268
206c69657574656e616e74	30269
204c656769736c6174696f6e	30270
7075626c6973686564	30271
343434	30272
303133	30273
20696465616c6c79	30274
2050617373776f7264	30275
2073696d706c696679	30276
204d657461	30277
204d5249	30278
20706c656164696e67	30279
6f7267616e697a6564	30280
68616e646c6572	30281
20756e726176656c	30282
636f7272656374	30283
20696379	30284
20706172616e6f6964	30285
20706173736572	30286
20696e7370656374696f6e73	30287
6f666572	30288
204865616c746863617265	30289
323833	30290
2042727574	30291
696f6c61	30292
666f726765	30293
204d6564696576616c	30294
4d534e	30295
696576657273	30296
2050726f6772616d6d696e67	30297
e589	30298
20323233	30299
6d75	30300
20434c45	30301
756761	30302
2073686f7070657273	30303
20696e666f726d6174697665	30304
20506c616e73	30305
20737570706c656d656e746174696f6e	30306
205465737473	30307
7479617264	30308
6f6379746573	30309
2056656761	30310
2047756a61726174	30311
65726d616e656e74	30312
457863657074	30313
204c4f54	30314
616c6c61	30315
2043756d6d	30316
204f7377	30317
2076656e6f6d	30318
2044656274	30319
20444f574e	30320
207265756e696f6e	30321
206d7563	30322
2052656c696566	30323
2067656f70	30324
20f09f98	30325
616c6f677565	30326
416e7468	30327
6563686f	30328
20636f72726f73	30329
207265706c69636174696f6e	30330
20426c617a696e67	30331
204461756768746572	30332
20696e666c6963	30333
204c696e64736579	30334
d988	30335
323834	30336
45786974	30337
20676c6f6f6d	30338
5441494e	30339
20756e6465726d696e696e67	30340
206164766973696e67	30341
68696464656e	30342
206f766572666c6f77	30343
20676f72	30344
7572647565	30345
206563686f6573	30346
656e686167656e	30347
20696d70756c73	30348
64727567	30349
63617368	30350
206173796e63	30351
206d69726163	30352
61747473	30353
70756e6b	30354
207069766f74	30355
204c656769736c6174697665	30356
20626c6f6767657273	30357
20436c6177	30358
7362757267	30359
64796c	30360
205265636f6d6d656e64	30361
207665727465	30362
2070726f6869626974696e67	30363
2050616e74686572	30364
4a6f6e617468616e	30365
206f6d696e	30366
206861746566756c	30367
323831	30368
204f72636865	30369
204d7572646f6368	30370
646f776e73	30371
206173796d6d	30372
474552	30373
416c77617973	30374
20696e666f726d73	30375
20574d	30376
20506f6e79	30377
20417070656e646978	30378
2041726c696e67746f6e	30379
4a616d	30380
206d65646963696e616c	30381
20536c616d	30382
4954494553	30383
207265616666	30384
205269	30385
4647	30386
537072696e67	30387
626f6f6c	30388
20746869676873	30389
206d61726b696e6773	30390
205261717161	30391
204c616b	30392
706f6c6c	30393
74736b79	30394
204d6f727479	30395
20446566696e6974696f6e	30396
20646562756e6b	30397
656e6465726564	30398
204c656f6e65	30399
6176657273	30400
206d6f72746761676573	30401
4170706172656e746c79	30402
4e6963	30403
68617573	30404
2054686f7573616e6473	30405
61756c64	30406
206d617368	30407
73686f6f74	30408
206469617272	30409
20636f6e7363696f75736c79	30410
4865726f	30411
656173	30412
204e61747572616c6c79	30413
2044657374726f796572	30414
2064617368626f617264	30415
7365727669636573	30416
526f67	30417
206d696c6c656e6e69616c73	30418
20696e76616465	30419
2d28	30420
20636f6d6d697373696f6e73	30421
204175636b6c616e64	30422
2062726f61646361737473	30423
2066726f6e74616c	30424
206372616e6b	30425
20486973746f726963	30426
2072756d6f757273	30427
435456	30428
2073746572696c	30429
20626f6f73746572	30430
726f636b6574	30431
e382bc	30432
757473636865	30433
205049	30434
20323333	30435
2050726f6475636572	30436
20416e616c7974696373	30437
20696e76616c7561626c65	30438
20756e696e74656e74696f6e	30439
204359	30440
207363727574696e	30441
2067696767	30442
20656e67756c66	30443
2070726f6c65746172696174	30444
206861636b73	30445
20486577	30446
6172616b	30447
20536c696d65	30448
69656c64696e67	30449
6167686572	30450
20456c6c696f74	30451
2074656c65636f6d	30452
20323139	30453
756c74616e	30454
204172626f72	30455
2053636f757473	30456
42616e	30457
206c6966657370616e	30458
20626c617370	30459
333838	30460
206a7564696369617279	30461
20436f6e74696e656e74616c	30462
61736b696e67	30463
4d6343	30464
4c4544	30465
2062616767616765	30466
20536f726365726572	30467
2072656d6e616e7473	30468
204772696666697468	30469
65747375	30470
20537562617275	30471
20506572736f6e616c697479	30472
64657369676e6564	30473
757368696d61	30474
61676e6172	30475
207265636f696c	30476
2070617373696f6e73	30477
5c223a	30478
20746565	30479
2061626f6c6974696f6e	30480
204372656174696e67	30481
6a6163	30482
20313934	30483
303139	30484
2070696c6c617273	30485
726963686564	30486
2f22	30487
746b	30488
206c6976656c69686f6f64	30489
20726f6173746564	30490
61686f6e	30491
204875746368	30492
617373657274	30493
206469766964656e64	30494
206b6e6974	30495
206461756e74696e67	30496
2064697374757262616e6365	30497
207368616c65	30498
2063756c74697661746564	30499
20726566726967657261746f72	30500
4c42	30501
204e4554	30502
20636f6d6d65726369616c73	30503
207468696e6b657273	30504
343535	30505
2063686f70	30506
42726f6164	30507
20737573706963696f6e73	30508
20746167676564	30509
6c696674696e67	30510
207374796c697368	30511
20536869656c6473	30512
53686f72746c79	30513
207461696c73	30514
41757468	30515
535445	30516
2047414d45	30517
20736569736d	30518
204b6973	30519
6f6c6f676e65	30520
20636f776f726b	30521
20666f726369626c79	30522
20746879726f6964	30523
205042	30524
414e45	30525
6d617272696564	30526
686f727365	30527
20706f6c796d6572	30528
204368616c	30529
6f646f72	30530
4445425547	30531
20436f6e74657874	30532
20626c697373	30533
2070696e706f696e74	30534
204d617468656d6174	30535
6c656772616d	30536
205765656b656e64	30537
206c6162656c6c6564	30538
2062617274	30539
69746c6573	30540
20657374726f67656e	30541
e28094e28094e28094e28094e28094e28094e28094e28094e28094e28094e28094e28094e28094e28094e28094e28094	30542
2227	30543
2076697369626c79	30544
206f75747369646572	30545
61696461	30546
41726561	30547
2064697373656d696e	30548
20646973686f6e657374	30549
20436c6f736564	30550
2042756c6c6574696e	30551
2052616d736579	30552
73776f7264	30553
205849	30554
6f7572636564	30555
53616d65	30556
333436	30557
2052657065	30558
204b6f75	30559
63616b65	30560
656d6973	30561
4361636865	30562
204d65616e696e67	30563
20456e6c69676874	30564
6f6e6f6d79	30565
206d616e69666573746174696f6e	30566
73776f727468	30567
4a6179	30568
2063686f7265	30569
c3b672	30570
447265616d	30571
2073616e6374696f6e6564	30572
2063756c747572616c6c79	30573
20417261	30574
4e6176	30575
207468656f6c6f676963616c	30576
207374727574	30577
20564f	30578
2048616e64626f6f6b	30579
20636f6e737472756374696e67	30580
20c2b6	30581
2042656e6566697473	30582
2050737963686f6c6f676963616c	30583
736163	30584
e5b8	30585
706f6c696379	30586
204d617474657273	30587
205265706f72746564	30588
2042797465	30589
20766974726f	30590
204d616964656e	30591
206c616d	30592
204a656e6e696e6773	30593
206761726d656e74	30594
2052757467657273	30595
2053746166666f7264	30596
2057656c6c696e67746f6e	30597
20696e7465726d697474	30598
206e706d	30599
206f726465616c	30600
20706c7567676564	30601
6f6f6d696e67	30602
696e6973686564	30603
6672616d65776f726b	30604
2074696d626572	30605
2063617373	30606
20383530	30607
696c657373	30608
205265647578	30609
373638	30610
53747265	30611
20737572706173736564	30612
7768656c	30613
20706172616c6c656c73	30614
207665696c	30615
204749	30616
2052455354	30617
2072656164696e657373	30618
736f7274	30619
206d6f64696679696e67	30620
20536c617465	30621
72756666	30622
206d6172626c65	30623
20696e667261726564	30624
2061756469746f72	30625
2046414e54415359	30626
20506f7665727479	30627
20535044	30628
202228	30629
4b79	30630
524159	30631
20657865637574696f6e73	30632
2042657665726c79	30633
204d61727869736d	30634
204275727374	30635
204b616c69	30636
6573746f6e6573	30637
436c6561726c79	30638
456c6c	30639
e381a7	30640
2050726f63656564696e6773	30641
546f6b656e	30642
49464943	30643
c3b161	30644
43656e7472616c	30645
2048616c6579	30646
204472616d61	30647
20666f726d6174696f6e73	30648
4f524e	30649
426f6f6b73	30650
20646f6d696e6174696e67	30651
20466c79657273	30652
20436f6d70616e696f6e	30653
206469736369706c696e6564	30654
205975676f736c6176	30655
205370656c6c73	30656
2076656e6765616e6365	30657
206c616e646c6f726473	30658
4c656e	30659
204f677265	30660
616e6f6961	30661
207069657263696e67	30662
20636f6e67726567	30663
2073636f726572	30664
6f626961	30665
206e69636b656c	30666
204c6561726e73	30667
2072656a6f	30668
206d61737465727069656365	30669
466c617368	30670
20696e68616269746564	30671
204f70656e474c	30672
20447564	30673
2049434f	30674
206172746572	30675
20706c7572	30676
206d617374657279	30677
206c6f6e677374616e64696e67	30678
73746564	30679
2077696e6573	30680
2074656c657669736564	30681
20536872696e65	30682
2042617965726e	30683
20e29398	30684
20656e636c6f73757265	30685
6a6f686e	30686
2070726f7068657473	30687
20526573757272656374696f6e	30688
204f7264657273	30689
20756e6576656e	30690
72616c73	30691
206477696e64	30692
204c6168	30693
20536c6f76656e	30694
333738	30695
20696e73697374656e6365	30696
6166666c65	30697
20436c6f6e65	30698
206861726473686970	30699
20436f6e67726573736d616e	30700
20706c656164	30701
20726576696577657273	30702
206375726564	30703
2031393335	30704
61736c6579	30705
66616b65	30706
205468696e6b696e67	30707
79646961	30708
50415254	30709
20446f7461	30710
6f6974	30711
2077686970706564	30712
20626f756e63696e67	30713
2048697370616e696373	30714
636f6d696e6773	30715
2063616e6e6162696e	30716
204368616d62657273	30717
205a61636b	30718
4f7074696f6e616c	30719
20636f617473	30720
2070726f77657373	30721
204e6f72746f6e	30722
20706c61696e6c79	30723
2066726569676874	30724
20696e6869626974696f6e	30725
20636c616d	30726
20333033	30727
6b6566	30728
616c65696768	30729
4c756b65	30730
2070737963686f	30731
61746f7269756d	30732
4d4544	30733
207472656174696573	30734
20696e64697363	30735
206463	30736
4f5053	30737
20726573696c69656e74	30738
20496e7465727374617465	30739
20736c61636b	30740
206d756e64616e65	30741
2065737461626c6973686573	30742
333539	30743
2073747261696e6564	30744
206e6f6e64	30745
537573	30746
206361737465	30747
6172617465	30748
696576696e67	30749
20756e666169726c79	30750
20706172736572	30751
6f6e69616c	30752
757273697665	30753
566961	30754
204f74746f	30755
20417574686f726974696573	30756
7374726f6b65	30757
4b52	30758
204d65726379	30759
206675726e6973686564	30760
206f7574736574	30761
206d65746963	30762
31393832	30763
6f6c6974686963	30764
2054656e74	30765
6f676963616c	30766
204169726372616674	30767
206869646573	30768
20426563616d65	30769
206564756361746f7273	30770
7265616368696e67	30771
20766f6c6174696c697479	30772
20746f64646c6572	30773
204e4153434152	30774
205477656c7665	30775
20486967686c6967687473	30776
206772617065	30777
2073706c697473	30778
2070656173616e74	30779
2072656e6567	30780
204d5349	30781
54656d70	30782
7374617273	30783
207472656b	30784
2048796465	30785
62696e64696e67	30786
207265616c69736d	30787
206f78696465	30788
20486f73	30789
206d6f756e7473	30790
20626974696e67	30791
20636f6c6c617073696e67	30792
20706f7374616c	30793
206d757365756d73	30794
206465746163686564	30795
2072657370656374696e67	30796
206d6f6e6f706f6c	30797
20776f726b666c6f77	30798
2043616b65	30799
54656d706c617465	30800
204f7267616e69736174696f6e	30801
2070657273697374656e6365	30802
333639	30803
436f6d696e67	30804
42726164	30805
20726564756e64616e74	30806
20475441	30807
2062656e64696e67	30808
207265766f6b6564	30809
206f6666656e64696e67	30810
206672616d696e67	30811
207072696e7466	30812
436f6d6d756e	30813
6d656d62657273	30814
4f757473696465	30815
20636f6e737472756564	30816
20636f646564	30817
464f5245	30818
206368617374	30819
43686174	30820
496e6469616e	30821
2059617264	30822
3f2122	30823
20506f727473	30824
20586176696572	30825
20524554	30826
272e22	30827
20426f6174	30828
697661746564	30829
69636874	30830
756d657261626c65	30831
4473	30832
2044756e6e	30833
20636f6666696e	30834
207365637572656c79	30835
20526170746f7273	30836
20426573	30837
496e7374616c6c6174696f6e	30838
20696e63657074696f6e	30839
204865616c746879	30840
656e64616e7473	30841
2070737963686f6c6f6769737473	30842
20536865696b68	30843
63756c747572616c	30844
20426c61636b4265727279	30845
7368696674	30846
46726564	30847
6f636865	30848
2063616b6573	30849
2053454f	30850
204769616e	30851
20417369616e73	30852
6f6767696e67	30853
656c656d656e74	30854
2070756e64697473	30855
205661756768	30856
20476176696e	30857
20686974746572	30858
2064726f776e6564	30859
206368616c6b	30860
205a696b61	30861
206d6561736c6573	30862
383032	30863
e280a62e2e	30864
20415753	30865
5d22	30866
20646973746f7274	30867
204d617374	30868
20616e7469626f64696573	30869
204d617368	30870
4d656d6f7279	30871
205567616e6461	30872
2050726f62	30873
20766f6d6974696e67	30874
205475726e73	30875
206f6363757079696e67	30876
2065766173696f6e	30877
2054686572617079	30878
2070726f6d6f	30879
20656c65637472	30880
20626c75657072696e74	30881
20447265	30882
707269636564	30883
204465706f74	30884
20616c6c657669617465	30885
20536f6d616c69	30886
6d617267	30887
6e696e65	30888
206e6f7374616c676961	30889
205368657068657264	30890
20636176616c7279	30891
20746f72706564	30892
20426c6f6f6479	30893
7862	30894
2073616e6b	30895
20676f616c74	30896
7265706f72747072696e74	30897
656d6265647265706f72747072696e74	30898
636c6f6e65656d6265647265706f72747072696e74	30899
20496e697469616c6c79	30900
2046697363686572	30901
206e6f7465776f72746879	30902
6365726e	30903
20696e656666696369656e74	30904
726177646f776e6c6f6164	30905
726177646f776e6c6f6164636c6f6e65656d6265647265706f72747072696e74	30906
636174696f6e	30907
2044796e61737479	30908
6c6167	30909
444553	30910
2064697374696e63746c79	30911
204573746f6e6961	30912
206f70656e6e657373	30913
20676f73736970	30914
7275636b	30915
5769647468	30916
204962726168696d	30917
20706574726f6c65756d	30918
20617661746172	30919
20486564	30920
61746861	30921
20486f677761727473	30922
206361766573	30923
363738	30924
20736166656775617264	30925
204d6f67	30926
6973736f6e	30927
2044757268616d	30928
736c6175676874	30929
204772616475617465	30930
20737562636f6e7363696f7573	30931
20457863656c6c656e74	30932
2044756d	30933
2d2d2d2d2d	30934
2070696c6573	30935
20574f524b	30936
204761726e	30937
20466f6c	30938
2041544d	30939
2061766f696473	30940
2054756c	30941
20626c65616b	30942
454c59	30943
6976697374	30944
6c696768746c79	30945
50657273	30946
20446f62	30947
204c53	30948
20696e73616e697479	30949
ceb5	30950
6174616c6965	30951
456e6c61726765	30952
20747769737473	30953
206661756c7479	30954
20706972616379	30955
20696d706f766572	30956
20727567676564	30957
2046617368696f6e	30958
2073616e6473	30959
273f	30960
737769636b	30961
206e617469766573	30962
2068656e	30963
204e6f697365	30964
e38397	30965
20677265656e73	30966
20667265657a6572	30967
2064796e61737479	30968
2046617468657273	30969
204e657761726b	30970
206172636861656f6c6f676963616c	30971
206f74	30972
6f626172	30973
20626c6f636b616465	30974
20616c6c657267	30975
4c56	30976
206465626974	30977
20524643	30978
204d696c746f6e	30979
205072657373757265	30980
2077696c6c696e676c79	30981
2064697370726f706f7274696f6e617465	30982
206f707072657373697665	30983
206469616d6f6e6473	30984
2062656c6f6e67696e6773	30985
31393730	30986
2062656c6c73	30987
20696d70657269616c69736d	30988
20323237	30989
206578706c6f64696e67	30990
2045636c69707365	30991
2031393139	30992
2072616e74	30993
206e6f6d696e6174696f6e73	30994
333437	30995
20706561636566756c6c79	30996
72696361	30997
204655434b	30998
20766962726174696f6e	30999
6d616c696e6b	31000
20726f706573	31001
204976616e6b61	31002
2042726577657279	31003
20426f6f6b6572	31004
204f77656e73	31005
676f657273	31006
5365727669636573	31007
20536e617065	31008
20313931	31009
333935	31010
20323939	31011
6a757374696365	31012
20627269	31013
206469736373	31014
2070726f6d696e656e746c79	31015
2076756c676172	31016
20736b697070696e67	31017
6c766573	31018
207473756e616d69	31019
333734	31020
2055727567	31021
20456964	31022
72656361746564	31023
7068656e	31024
206661756c7473	31025
2053746172746564	31026
393530	31027
207069	31028
206465746563746f72	31029
2062617374617264	31030
2076616c696461746564	31031
5370616365456e67696e65657273	31032
4f55524345	31033
20287e	31034
20756e737572	31035
2061666669726d6564	31036
206661736369736d	31037
207265736f6c76696e67	31038
2043686176657a	31039
2043796e	31040
2064657472616374	31041
4c6f7374	31042
20726967676564	31043
20686f6d616765	31044
204272756e6f	31045
353535	31046
656361	31047
2070726573736573	31048
2068756d6f7572	31049
2073706163696e67	31050
20272f	31051
6f6c6b69656e	31052
436f756e	31053
4f504552	31054
547265	31055
536f6e	31056
2043616d626f646961	31057
6965727265	31058
6d6f6e67	31059
6f7a79	31060
206c6971756964697479	31061
20536f7669657473	31062
204665726e616e646f	31063
20323239	31064
20736c7567	31065
20436174616c616e	31066
656c656374726963	31067
207363656e657279	31068
20486561727468	31069
20636f6e73747261696e6564	31070
20676f616c6965	31071
2047756964656c696e6573	31072
20416d6d6f	31073
2050656172736f6e	31074
207461786564	31075
206665747573	31076
526573706f6e7365	31077
20416c65786973	31078
74686961	31079
477579	31080
207265636f6e737472756374	31081
2065787472656d6573	31082
20636f6e636c7564696e67	31083
20506567	31084
6f6f6b73	31085
20646564756374696f6e73	31086
526f7365	31087
2067726f756e64627265616b696e67	31088
2054617267	31089
e38381	31090
2052657665	31091
7265736f75726365	31092
206d6f6f6e73	31093
20656c656374726f6d61676e65746963	31094
20616d69647374	31095
2056696b746f72	31096
4e455353	31097
4241434b	31098
20636f6d6d757465	31099
20416e616865696d	31100
20666c756374756174696f6e73	31101
363430	31102
206e6f6f646c6573	31103
20436f70656e686167656e	31104
2054696465	31105
204772697a7a	31106
20534545	31107
20706970656c696e6573	31108
207363617273	31109
656e646f	31110
61677573	31111
20455446	31112
2f23	31113
204265636f6d65	31114
343438	31115
2076697363	31116
205265636f6d6d656e646564	31117
206a756d706572	31118
20636f676e6974696f6e	31119
20617373617373696e	31120
207769746e657373696e67	31121
205365747570	31122
206c6163	31123
76696d	31124
49534d	31125
7061676573	31126
53534c	31127
333538	31128
2061646a656374	31129
696e647573747269616c	31130
6c6f7265	31131
6368657279	31132
20676c6974746572	31133
2063616c66	31134
466c6f72696461	31135
2073706f696c657273	31136
207375636365656473	31137
206368616e74696e67	31138
20736c6f67616e73	31139
205472616379	31140
5669736974	31141
726f6c6f6779	31142
206d6f726e696e6773	31143
206c696e65616765	31144
20736970	31145
20696e74656e73656c79	31146
20666c6f7572697368	31147
20536c656570696e67	31148
2046656d	31149
6f72706f72	31150
204b6c616e	31151
204461727468	31152
6861636b	31153
204e69656c73656e	31154
2074756d6f7273	31155
2070726f637572656d656e74	31156
20596f726b7368697265	31157
20726169646564	31158
4b59	31159
416e6e61	31160
202f2f5b	31161
204469736f72646572	31162
204d757374616e67	31163
2057656e	31164
20547279696e67	31165
7371	31166
2064656c69766572696573	31167
2073687574746572	31168
20636572656272616c	31169
206269706f6c6172	31170
20434e	31171
6c617373	31172
6a6574	31173
206465626174696e67	31174
3e3a	31175
206561676c65	31176
677261646573	31177
204469786f6e	31178
554743	31179
4d4153	31180
20447261636f	31181
204d616368696e6573	31182
6166666572	31183
20656d616e	31184
c2b2	31185
70726f6e	31186
2047796d	31187
20636f6d70617261746976656c79	31188
2054726962756e616c	31189
50524f	31190
206c6578	31191
2066657274696c65	31192
2064657072657373696e67	31193
20737570657266696369616c	31194
657373656e7469616c	31195
2048756e74657273	31196
6770	31197
2070726f6d696e656e6365	31198
4c69626572	31199
20416e63657374	31200
6f746563686e6f6c6f6779	31201
206d6f636b696e67	31202
205472616666	31203
969a	31204
4d656469756d	31205
49726171	31206
20707379636869617472697374	31207
5175616e74697479	31208
204c656374	31209
206e6f697379	31210
353230	31211
4759	31212
20736c6170706564	31213
204d5456	31214
2070617261	31215
70756c6c	31216
4d756c7469706c65	31217
6173686572	31218
206e6f7572	31219
20536567	31220
5370656c6c	31221
766f7573	31222
6f726469616c	31223
53656e696f72	31224
20476f6c6462657267	31225
20506c61736d61	31226
6e656564	31227
206d657373656e676572	31228
65726574	31229
207465616d6564	31230
206c69746572616379	31231
204c656168	31232
20446f796c65	31233
20656d6974746564	31234
5558	31235
206576616465	31236
206d617a65	31237
2077726f6e676c79	31238
204c617273	31239
2073746572656f74797065	31240
20706c6564676573	31241
2061726f6d61	31242
204d4554	31243
2061637265	31244
204f44	31245
206666	31246
20627265776572696573	31247
2048696c746f6e	31248
756e646c65	31249
204b616b	31250
205468616e6b66756c6c79	31251
2043616e75636b73	31252
696e6374696f6e73	31253
2041707065617273	31254
20636f6572	31255
20756e6465726d696e6564	31256
726f76657273	31257
416e647265	31258
20626c617a65	31259
756d657273	31260
2066616d696e65	31261
616d70686574616d696e65	31262
756c6b616e	31263
416d6f756e74	31264
206465737065726174696f6e	31265
77696b697065646961	31266
646576656c6f706d656e74	31267
20436f72696e7468	31268
7573736961	31269
4a61636b736f6e	31270
4c49	31271
4e6174697665	31272
5273	31273
4f68696f	31274
204b6174686c65656e	31275
466f7274756e6174656c79	31276
20617474656e64616e74	31277
20507265666572726564	31278
204469646e	31279
205673	31280
4d6973	31281
20726573706f6e64656e74	31282
20626f756e	31283
737461626c65	31284
207061766564	31285
20756e6578706c	31286
204368656e6579	31287
4c4d	31288
2043756c6c	31289
626c6f776e	31290
20636f6e66726f6e74696e67	31291
6f63657365	31292
73657276696e67	31293
5769	31294
204c69746875616e6961	31295
616e6e69	31296
207374616c6b	31297
6864	31298
2076656e6572	31299
415048	31300
796e6368726f6e6f7573	31301
555252	31302
756d61626c79	31303
686973746f726963	31304
48616c66	31305
486179	31306
20726573696c69656e6365	31307
7370656374696f6e	31308
206162616e646f6e696e67	31309
4f6273	31310
20446562626965	31311
206772616469656e74	31312
20506c61696e74	31313
2043616e616c	31314
41524348	31315
20657870616e73697665	31316
2066756e67	31317
20626f756e636564	31318
556e64	31319
2070726563617574696f6e73	31320
20636c6172696669636174696f6e	31321
20646167676572	31322
206772697073	31323
20c2b5	31324
20526976657261	31325
20556e64656164	31326
697369746573	31327
204649525354	31328
c3b16f	31329
61756469	31330
20686f737461676573	31331
20636f6d706c69616e74	31332
20616c756d6e69	31333
536576656e	31334
2063796265727365637572697479	31335
656974686572	31336
436f6c6c656374	31337
20696e7661726961626c79	31338
20536f6369	31339
206c61776d616b6572	31340
20616c65	31341
20506572736f6e616c6c79	31342
4e617a69	31343
20637573746f6d697a6174696f6e	31344
2050726f63	31345
205361736b617463686577616e	31346
6561747572696e67	31347
20737061726564	31348
20646973636f6e74696e756564	31349
20636f6d7075746174696f6e616c	31350
204d6f746f726f6c61	31351
2073757072656d6163697374	31352
676f7665726e6d656e74616c	31353
207061726164697365	31354
20446f776e696e67	31355
204e696b6f6e	31356
20636174616c797374	31357
6265727261	31358
546f726f6e746f	31359
383735	31360
62657461	31361
204d6163726f6e	31362
20756e7265616c6973746963	31363
766563746f72	31364
2056656869636c6573	31365
69746976656e657373	31366
205256	31367
20436f6c62657274	31368
73696e	31369
6f6a69	31370
656e74696e	31371
204b72697368	31372
68656c6c6f	31373
666669656c64	31374
6f6b79	31375
2054617465	31376
206d61706c65	31377
2061696473	31378
6368656d6963616c	31379
333334	31380
6e757473	31381
2057617270	31382
207878	31383
20526f6262	31384
756d65726f7573	31385
5f2d5f	31386
6674696d65	31387
205657	31388
2077696e676572	31389
20446f6d65	31390
746f6f6c73	31391
205056	31392
2047656f726765746f776e	31393
20676561726564	31394
206a6968616469737473	31395
206370	31396
20737465726f696473	31397
4d6f74686572	31398
636c65726f736973	31399
2044524d	31400
6e65736961	31401
206c696e676572	31402
20696d6d657273697665	31403
20434f554e	31404
206f75747765696768	31405
656e7375616c	31406
42616e64	31407
207472616e73666f726d73	31408
6d617463686564	31409
70736f6e73	31410
204a7564696369616c	31411
666163746f72	31412
20726566657272616c	31413
206f64646c79	31414
2057656e676572	31415
4272696e67	31416
20426f7773	31417
363032	31418
49434c45	31419
206c696f6e73	31420
2041636164656d6963	31421
2054686f726e	31422
20526169646572	31423
6b6566656c6c6572	31424
53746f72616765	31425
4c6f776572	31426
204f7274	31427
20457175616c697479	31428
414c54	31429
20534f43	31430
5479706573	31431
206c796e	31432
204173736574	31433
636f6174	31434
545050	31435
435645	31436
2050696f6e656572	31437
6170706c69636174696f6e	31438
4d6f6465726e	31439
20484b	31440
456e7669726f6e6d656e74	31441
416c7269676874	31442
5261696e	31443
495050	31444
20536869697465	31445
206d6f756e64	31446
204162696c6974696573	31447
636f6e646974696f6e	31448
5374616666	31449
20636f6d706574656e6365	31450
204d6f6f72	31451
20446961626c6f	31452
207769746868656c64	31453
206f7374656e7369626c79	31454
2042726f6d	31455
206d7367	31456
2064656e6f6d696e	31457
205265666572656e636573	31458
204650	31459
20706c756e676564	31460
2070616d7068	31461
6d6f76696e67	31462
63656e7472616c	31463
20646f776e7269676874	31464
20666164696e67	31465
54616c	31466
547970	31467
20546879	31468
756b6573	31469
69746865	31470
206f7665	31471
20626174746c6564	31472
20736561666f6f64	31473
206669677572	31474
205244	31475
63726f70	31476
20737175616473	31477
7b5c	31478
e0b9	31479
204568	31480
20696e74657276696577696e67	31481
2051696e	31482
206173706972696e67	31483
504c4943	31484
20636c6175736573	31485
2047617374	31486
204e6972	31487
206c756767616765	31488
20686f7365	31489
2073797374656d64	31490
2064657363656e64696e67	31491
2052657669736564	31492
205261696c73	31493
616c69676e	31494
373039	31495
333337	31496
20667567	31497
6368617267696e67	31498
74616773	31499
2075746572	31500
6b697368	31501
5741524e494e47	31502
343930	31503
70726f66697473	31504
20766f79616765	31505
20616365	31506
2056616e6775617264	31507
2054616e6b73	31508
204d756b	31509
20323236	31510
53616665	31511
41726d6f72	31512
20766f6c63616e6963	31513
20776f6d62	31514
204d494c	31515
20626567696e6e6572	31516
205265636f676e	31517
20414150	31518
504c4159	31519
2921	31520
20646574656374696e67	31521
636e	31522
206272656163686573	31523
4261736963616c6c79	31524
20506167	31525
204d756e69636970616c	31526
20496e646965	31527
204c6166	31528
2044697361626c65	31529
204f6c736f6e	31530
20726573747261696e6564	31531
2072756c696e6773	31532
2068756d616e65	31533
6576656e7473	31534
2043696e656d61	31535
646973706c617954657874	31536
204861746368	31537
616374696f6e44617465	31538
6f6e6e61697373616e6365	31539
2061737361756c74696e67	31540
204c7567	31541
43484154	31542
207669676f726f7573	31543
205065727365	31544
20696e746f6c6572616e6365	31545
20536e617063686174	31546
20536861726b73	31547
2064756d6d79	31548
20446961676e	31549
20477569746172	31550
696d6574657273	31551
343033	31552
524547	31553
4178	31554
20736570617261746573	31555
204d61686d	31556
207476	31557
6a6168	31558
4f4f4c	31559
43697263	31560
2057696e64736f72	31561
75737369616e	31562
20696e74756974696f6e	31563
206469736461696e	31564
20446f6e6f76616e	31565
20323231	31566
456d62	31567
20636f6e64656d6e696e67	31568
2067656e65726f73697479	31569
7a7a79	31570
2070616e74696573	31571
2050726576656e74	31572
416374696f6e436f6465	31573
414e41	31574
333432	31575
65787465726e616c416374696f6e436f6465	31576
2073706563696679696e67	31577
206372797374616c6c	31578
4a657265	31579
2072757074	31580
2041707072656e74696365	31581
2070726f66696c696e67	31582
d0ba	31583
537472696b65	31584
20736964656c696e65	31585
206f626c696761746564	31586
206f6363756c74	31587
20627572656175637261746963	31588
616e746963616c6c79	31589
727570746564	31590
6e65676174697665	31591
20457468696f706961	31592
204369766963	31593
20696e736964657273	31594
656c696769626c65	31595
20545673	31596
20424152	31597
205449	31598
696f6c6f67697374	31599
20414952	31600
207375627374697475746564	31601
41726162	31602
205361756c	31603
20596f67	31604
7072656d	31605
206275696c64657273	31606
2073746174696f6e617279	31607
20646f75627466756c	31608
207669676f726f75736c79	31609
20746872696c6c696e67	31610
506879736963616c	31611
204361726579	31612
204879647261	31613
67656f6e696e67	31614
20536c79	31615
79746f6e	31616
20626f72726f77657273	31617
205061726b696e736f6e	31618
20eb	31619
204a616d61696361	31620
207361746972	31621
20696e73757267656e7473	31622
204669726d	31623
2069736f74	31624
204b61726e	31625
6f75726e696e67	31626
616b656e73	31627
646f6373	31628
6c6974746c65	31629
204d6f6e61636f	31630
434c415353	31631
5475726b6579	31632
4c79	31633
20436f6e616e	31634
6173736963	31635
2073746172726564	31636
20506163657273	31637
6574696573	31638
2074697070696e67	31639
4d6f6f6e	31640
205277	31641
73616d65	31642
20636176697479	31643
20676f6f66	31644
205a6f	31645
53686f636b	31646
756d6d6572	31647
20656d70686173697a6573	31648
2072656772657474	31649
206e6f76656c7479	31650
20656e7679	31651
2050617373697665	31652
7277	31653
353035	31654
20696e646966666572656e74	31655
2052696361	31656
2048696d73656c66	31657
2046726564646965	31658
2061646970	31659
e4b880	31660
20627265616b6f7574	31661
2068757272696564	31662
204875616e67	31663
204469736b	31664
20726f616d696e67	31665
3f3f3f3f3f2d3f3f3f3f3f2d	31666
5556	31667
205269636b79	31668
205369676d61	31669
206d617267696e616c697a6564	31670
206564697473	31671
20333034	31672
6d656d6f7279	31673
2073706563696d656e	31674
323933	31675
e381af	31676
20766572746963616c6c79	31677
206175646974696f6e	31678
204865636b	31679
20636173746572	31680
20486f6c64696e6773	31681
6164616c	31682
2043726f6e	31683
204c69616d	31684
206465666c656374	31685
5069636b	31686
204465627567	31687
524546	31688
20766572736174696c697479	31689
6f74686573	31690
636c6173736966696564	31691
204d61686172	31692
20486f7274	31693
436f756e746572	31694
7374617379	31695
6e6f7469636564	31696
333331	31697
205368696d	31698
6675636b	31699
20426965	31700
20616972696e67	31701
2050726f7465696e	31702
20486f6c64696e67	31703
20737065637461746f7273	31704
696c6961746564	31705
205468617463686572	31706
6e6f736973	31707
e383bce383b3	31708
54656c65	31709
426f73746f6e	31710
2054656d706c	31711
73746179	31712
206465636c61726174696f6e73	31713
343739	31714
566f6c756d65	31715
2044657369676e6572	31716
204f7665727761746368	31717
69646165	31718
206f6e7761726473	31719
206e657473	31720
204d616e696c61	31721
706172746963756c61726c79	31722
20706f6c69746963	31723
6f6f74686572	31724
20706f72747261697473	31725
20706176656d656e74	31726
6366666666	31727
207361696e7473	31728
20626567696e6e657273	31729
4553504e	31730
2073686f7274636f6d696e6773	31731
e29590e29590	31732
20636f6d6574	31733
204f7267616e6963	31734
7175656c	31735
20686f73706974616c697a6564	31736
427265616b	31737
207065656c	31738
64796c6962	31739
61737078	31740
7572616e636573	31741
2054494d	31742
5067	31743
207265616461626c65	31744
204d616c696b	31745
206d757a7a6c65	31746
2062656e63686d61726b73	31747
64616c	31748
2056616363	31749
204869636b73	31750
363039	31751
204269626c6963616c	31752
68656e67	31753
206f7665726c6f6164	31754
20436976696c697a6174696f6e	31755
20696d6d6f72616c	31756
206672696573	31757
e38292	31758
20726570726f6475636564	31759
20666f726d756c6174696f6e	31760
6a7567	31761
6972657a	31762
67656172	31763
20636f6163686564	31764
4d70536572766572	31765
20534a	31766
204b77	31767
496e6974	31768
6465616c	31769
204f726f	31770
204c6f6b69	31771
20536f6e6773	31772
20323332	31773
204c6f75697365	31774
6173696f6e616c6c79	31775
20756e636f6e64	31776
6f6c6c79776f6f64	31777
2070726f677265737369766573	31778
20456e6f756768	31779
20446f65	31780
20777265636b616765	31781
2062727573686564	31782
204261736554797065	31783
207a6f6e696e67	31784
69736861626c65	31785
6865746963616c6c79	31786
20436175637573	31787
20487565	31788
206b61726d61	31789
2053706f7274696e67	31790
20747261646572	31791
207365656d696e67	31792
2043617074757265	31793
343330	31794
62697368	31795
2074756e6573	31796
20696e646f6f7273	31797
20537068657265	31798
2044616e63696e67	31799
5445524e	31800
206e6f62	31801
20475354	31802
6d617073	31803
2070657070657273	31804
466974	31805
206f76657273656573	31806
205261626269	31807
2052756c6572	31808
766572746973696e67	31809
6f6666696365	31810
787878	31811
2072616674	31812
4368616e676564	31813
2074657874626f6f6b73	31814
4c696e6b73	31815
204f6d6e	31816
e38091	31817
20696e636f6e76656e69656e6365	31818
20446f6e6574736b	31819
3d7e	31820
20696d706c696369746c79	31821
20626f6f737473	31822
20426f6e6573	31823
20426f6f6d	31824
436f757274657379	31825
2073656e736174696f6e616c	31826
414e59	31827
20677265656479	31828
6564656e	31829
20696e6578706572	31830
204c6572	31831
2056616c65	31832
207469676874656e	31833
20454152	31834
204e756d	31835
20616e636573746f72	31836
53656e74	31837
20486f726465	31838
7572676963616c	31839
616c6c6168	31840
20736170	31841
616d6261	31842
20537072656164	31843
747769746368	31844
206772616e64736f6e	31845
206672616374757265	31846
206d6f64657261746f72	31847
20536576656e7468	31848
2052657665727365	31849
20657374696d6174696f6e	31850
43686f6f7365	31851
20706172616368	31852
20626172726963	31853
e38090	31854
20636f6d70617373	31855
20616c6c6572676963	31856
e28095	31857
4f54484552	31858
657272696c6c61	31859
207761676f6e	31860
207a696e63	31861
20727562626564	31862
2046756c6c6572	31863
204c7578656d626f757267	31864
20486f6f766572	31865
206c696172	31866
204576656e696e67	31867
20436f6262	31868
65737465656d	31869
2073656c6563746f72	31870
20427261776c	31871
6973616e6365	31872
20456b	31873
2074726f6f70	31874
2067757473	31875
2041707065616c	31876
205469626574616e	31877
20726f7574696e6573	31878
204d656e74	31879
2073756d6d6172697a6564	31880
737465616d61707073	31881
207472616e7175	31882
2031393239	31883
6f72616e	31884
2041757468656e74	31885
20676d617877656c6c	31886
20617070726568656e73	31887
20706f656d73	31888
2073617573616765	31889
2057656273746572	31890
75727573	31891
207468656d6564	31892
206c6f756e6765	31893
2063686172676572	31894
53706f696c6572	31895
207370696c6c6564	31896
686f67	31897
2053756e646572	31898
2041696e	31899
20416e677279	31900
206469737175616c	31901
204672657175656e6379	31902
2045746865726e6574	31903
2068656c706572	31904
50657263656e74	31905
20686f7272696679696e67	31906
2061696c	31907
20416c6c616e	31908
454545	31909
2043726f7373696e67	31910
343439	31911
20686f6c6f67	31912
2050757a7a6c6573	31913
20476f6573	31914
6572656e6e	31915
363034	31916
e3818f	31917
2052616661656c	31918
20617474656e	31919
20456d616e75656c	31920
207570726f	31921
2053757370	31922
5073796368	31923
20547261696e6572	31924
204e4553	31925
2048756e7473	31926
6265637565	31927
20636f756e73656c6f72	31928
52756c65	31929
20746f78696e73	31930
2062616e6e657273	31931
726966696365	31932
206772656574696e67	31933
206672656e7a79	31934
20616c6c6f63617465	31935
202a29	31936
65787072	31937
353033	31938
20436869636b	31939
20546f726e	31940
20636f6e736f6c69646174696f6e	31941
20466c657463686572	31942
737769746368	31943
66726163	31944
636c697073	31945
204d634b696e	31946
204c756e6172	31947
4d6f6e7468	31948
49544348	31949
207363686f6c61726c79	31950
7261706564	31951
333938	31952
2031393130	31953
206567726567	31954
20696e736563757265	31955
20766963746f72696f7573	31956
63666666666363	31957
2073696e676c6564	31958
20656c766573	31959
20576f6e64	31960
6275727374	31961
2063616d6f75666c	31962
20424c41434b	31963
20636f6e646974696f6e6564	31964
e789	31965
616e737765726564	31966
20636f6d70756c736f7279	31967
617363697374	31968
20706f646361737473	31969
204672616e6b66757274	31970
626e62	31971
206e656f6c69626572616c	31972
204b6579626f617264	31973
2042656c6c65	31974
7761726d	31975
20747275737473	31976
20696e7375726564	31977
2042756363	31978
757361626c65	31979
363037	31980
20506c61696e73	31981
2031383930	31982
207361626f74616765	31983
206c6f64676564	31984
66656c74	31985
206761	31986
204e617263	31987
2053616c656d	31988
20736576656e7479	31989
20426c616e6b	31990
706f636b6574	31991
2077686973706572	31992
206d6174696e67	31993
6f6d696373	31994
2053616c6d616e	31995
204b6164	31996
20616e6765726564	31997
20636f6c6c6973696f6e73	31998
2065787472616f7264696e6172696c79	31999
20636f657263696f6e	32000
47686f7374	32001
6269726473	32002
e880	32003
6b6f6b	32004
207065726d69737369626c65	32005
61766f7261626c65	32006
20706f696e74657273	32007
20646973736970	32008
616369	32009
207468656174726963616c	32010
20436f736d6963	32011
20666f7267657474696e67	32012
2066696e616c697a6564	32013
e5a4a7	32014
796f7574	32015
6c696272617279	32016
20626f6f6d696e67	32017
2042656c69657665	32018
2054656163686572	32019
204c6976	32020
20474f4f444d414e	32021
20446f6d696e6963616e	32022
4f524544	32023
2050617274696573	32024
2070726563697069746174696f6e	32025
20536c6f74	32026
526f79	32027
20436f6d62696e6564	32028
20696e746567726174696e67	32029
206368726f6d65	32030
20696e74657374696e616c	32031
20526562656c6c	32032
206d61746368757073	32033
20626c6f636b627573746572	32034
204c6f72656e	32035
204c657679	32036
20707265616368696e67	32037
2053656e64696e67	32038
20507572706f7365	32039
726178	32040
666966	32041
20617574686f7269746174697665	32042
20504554	32043
6173746963616c	32044
20646973686f6e	32045
206368617474696e67	32046
2022243a2f	32047
436f6e6e656374696f6e	32048
207265637265617465	32049
2064656c696e7175	32050
2062726f7468	32051
204469727479	32052
2041646d696e	32053
7a6d616e	32054
207363686f6c61727368697073	32055
20323533	32056
636f6e74616374	32057
616c7361	32058
373637	32059
637265656e	32060
616262616765	32061
2031393135	32062
20626c656e646564	32063
20616c61726d6564	32064
4c616e6775616765	32065
333536	32066
20626c656e6473	32067
204368616e676564	32068
576f6c66	32069
206865706174	32070
4372656174696e67	32071
207065727365637574	32072
2073776565746e657373	32073
61727465	32074
20666f7266656974757265	32075
20526f626572746f	32076
696d70726f	32077
4e464c	32078
204d61676e6574	32079
44657461696c6564	32080
20696e7369676e69666963616e74	32081
20504f4c4954	32082
20424251	32083
20435053	32084
2073656177	32085
616d696e6572	32086
6d4c	32087
656e646966	32088
66696e616c73	32089
20323635	32090
75697368	32091
207d29	32092
2050726f626c656d73	32093
20656d626c656d	32094
20736572696f75736e657373	32095
2070617273696e67	32096
20737562737469747574696f6e	32097
20707265737375726564	32098
2072656379636c6564	32099
616c6562	32100
52756279	32101
2070726f66696369656e6379	32102
447269766572	32103
20576573746572	32104
3a27	32105
41465441	32106
206d616e746c65	32107
20436c6179746f6e	32108
666c6167	32109
2070726163746974696f6e6572	32110
636f7665726564	32111
20537472756374	32112
616464616669	32113
343235	32114
20546f776e73686970	32115
20487964726f	32116
4c6f756973	32117
333433	32118
20636f6e646f	32119
2054616f	32120
207574696c697a6174696f6e	32121
206e6175736561	32122
2044656d73	32123
726964676573	32124
7061757365	32125
20666f726d756c6173	32126
206368616c6c656e676572	32127
333736	32128
20646566656374697665	32129
205261696c776179	32130
205075624d6564	32131
20796f67757274	32132
6c6273	32133
204e6f72666f6c6b	32134
4f5045	32135
204d6f6f6479	32136
206469737472696275746f72	32137
207363726f6c6c73	32138
206578747261637473	32139
5374616e	32140
2076696162696c697479	32141
206578706f736573	32142
2073746172766174696f6e	32143
205374657073	32144
20446f6464	32145
666577	32146
535444	32147
333332	32148
20636c6f7375726573	32149
20636f6d706c656d656e74617279	32150
205361736861	32151
756d7079	32152
206d6f6e6574	32153
206172746963756c617465	32154
20446f6374	32155
6b696c6c6572	32156
20736372696d	32157
20323634	32158
2070726f7374697475746573	32159
2073657665726564	32160
206174746163686d656e7473	32161
20636f6f6c6564	32162
4c6576	32163
2046616c6b	32164
6661696c	32165
20706f6c6963656d616e	32166
20446167	32167
20707261796564	32168
204b65726e656c	32169
20636c7574	32170
2063617468	32171
20616e6f6d616c79	32172
53746f726d	32173
656d616b6572	32174
20427265616b66617374	32175
756c69	32176
6f697265	32177
4a4a	32178
687a	32179
4f7065726174696f6e	32180
205369636b	32181
333534	32182
2047756174656d616c61	32183
52617465	32184
206578706f7375726573	32185
6661636573	32186
20417263686165	32187
726166	32188
204d6961	32189
2032303235	32190
206f7061717565	32191
20646973677569736564	32192
20486561647175617274657273	32193
536168	32194
20706f7473	32195
393738	32196
204d616c66	32197
2066726f776e6564	32198
20706f69736f6e6f7573	32199
20436f6e76657273	32200
65656b73	32201
2063726162	32202
2e2222	32203
2074726561736f6e	32204
2072616e63	32205
20657363616c6174696e67	32206
2077617272	32207
206d6f6273	32208
206c616d7073	32209
2053756e7368696e65	32210
204272756e737769636b	32211
50686f6e6573	32212
207370656c6c6564	32213
20536b6970	32214
2032303530	32215
2031393131	32216
20506c75746f	32217
20416d656e64	32218
206d65617473	32219
333837	32220
2073746f6d70	32221
205a686f75	32222
204c657669617468616e	32223
2048617a617264	32224
616476	32225
204f7277656c6c	32226
20616c6f7564	32227
2062756d706572	32228
20416e61726368	32229
7562756e7475	32230
20536572696f7573	32231
66697474696e67	32232
204f7074696f6e616c	32233
20436563696c	32234
5245414d	32235
207365726f746f6e696e	32236
2063756c746976617465	32237
61676f677565	32238
7d5c	32239
206d6f7371756573	32240
2053756e6e79	32241
207265616374697665	32242
7265766f6c7574696f6e	32243
204c7570	32244
204665646f7261	32245
20646566656e73656d616e	32246
20564944	32247
697374696e65	32248
2064726f776e696e67	32249
2042726f616463617374696e67	32250
20746872696c6c6572	32251
20536379	32252
20616363656c65726174696e67	32253
2064697265637473	32254
6f64696564	32255
62696b65	32256
6475726174696f6e	32257
207061696e66756c6c79	32258
52656464	32259
2070726f64756374696f6e73	32260
20676167	32261
207768697374	32262
20736f636b	32263
20696e66696e6974656c79	32264
20436f6e6365726e	32265
204369746164656c	32266
206c696575	32267
2063616e646c6573	32268
6f67656e656f7573	32269
6172676572	32270
2068656176656e6c79	32271
696e666c616d6d61746f7279	32272
506572666f726d616e6365	32273
4373	32274
727563746f7365	32275
617a616b69	32276
2070657373696d	32277
20696e666572656e6365	32278
20706f7764	32279
205a6f65	32280
207061696e7473	32281
2064617a7a	32282
707461	32283
2d2d2d2d2d2d2d2d2d2d2d	32284
20696e73706972	32285
204578706572696d656e74616c	32286
204b6e696665	32287
7265676f72	32288
626f7273	32289
2073686f77657273	32290
726f6d656461	32291
207361696e74	32292
2062656e69676e	32293
204a69616e67	32294
20656e766973696f6e6564	32295
207368726f7564	32296
494654	32297
484f	32298
207368756666	32299
20494343	32300
20736567726567	32301
2072657669736974	32302
69676874686f757365	32303
4c69	32304
20737562737472617465	32305
2053656173	32306
20526577617264	32307
20486570	32308
204272617373	32309
73626d	32310
20656c696d696e61746573	32311
207374616d696e61	32312
20564154	32313
204c6f616e	32314
20636f6e73747261696e74	32315
20617070726f70726961746564	32316
20706573	32317
20414c45	32318
72616e67696e67	32319
20343034	32320
333932	32321
20696e74656c6c65637475616c73	32322
61636875	32323
2072657374727563747572696e67	32324
204c6576696e	32325
2072756e6573	32326
2064656c6967687466756c	32327
20636172626f6879647261746573	32328
204d6f64656c73	32329
204578706f	32330
207472616e73706f7274696e67	32331
616c6c6f63	32332
2072696e67696e67	32333
53616d73756e67	32334
207363617263656c79	32335
2055524c73	32336
204d4153	32337
2070726f746f7479706573	32338
206e61727261746f72	32339
2043505573	32340
63646e	32341
20426172746f6e	32342
20646563696465646c79	32343
20536875	32344
69786972	32345
6f63696f7573	32346
204d797374	32347
4e696e74656e646f	32348
207265757365	32349
20666f72676976656e	32350
466577	32351
696e6963616c	32352
6e6174	32353
207365616d6c657373	32354
20457661	32355
20455645	32356
204a4f	32357
6c616e64657273	32358
20736f66746572	32359
6e65676965	32360
207472616e7369656e74	32361
206f72626974616c	32362
2066756c66696c	32363
204b6f6d	32364
486f706566756c6c79	32365
2064796e616d6963616c6c79	32366
2048756e676572	32367
e59b	32368
2041726d656e6961	32369
656c6d616e	32370
626572746f	32371
2070696765	32372
20494473	32373
6c696d6974	32374
207665696e73	32375
20736f6172696e67	32376
7061636b73	32377
476f6c64656e	32378
2043726162	32379
6973746f72	32380
2052504d	32381
202424	32382
6772657373696f6e	32383
206a69686164697374	32384
2067616d626c65	32385
206361726567	32386
20696e666c61746564	32387
46616365	32388
204669726561726d73	32389
20456d6d616e75656c	32390
e29d	32391
2073686f636b73	32392
67726162	32393
2073706c656e64	32394
20485056	32395
61626f7274696f6e	32396
41626f7665	32397
456e74697479	32398
706c6179657273	32399
20636f6d6d656e636564	32400
756c656e6365	32401
2066756c66696c6c6d656e74	32402
20656d626f64696d656e7473	32403
2057656c66617265	32404
206861696c	32405
203c40	32406
7474656e	32407
2063617463686572	32408
204a617a65657261	32409
20766f6c63616e6f	32410
2073746162696c697a65	32411
2048616e646c6572	32412
20696e74656e736966696564	32413
20416272616d73	32414
2068756d696c696174696f6e	32415
7061636564	32416
363035	32417
2043656e744f53	32418
5370656369666963	32419
2068656564	32420
2043414d	32421
2047616c696c65	32422
446965	32423
2061626f6c6973686564	32424
2054686f6d736f6e	32425
205465616368657273	32426
2057617373	32427
6a6f6e67	32428
204953424e	32429
20416c6c696573	32430
7368616b65	32431
e5b7	32432
76696374	32433
486f77617264	32434
206465656d	32435
20657863656564696e676c79	32436
20536d61727473746f636b73	32437
696265	32438
20646f6f72776179	32439
20636f6d7065746564	32440
69676d6174	32441
206e6174696f6e616c69737473	32442
2067726f6f6d	32443
204b65656e	32444
20646973706f7361626c65	32445
6465636c	32446
20546f6c6b69656e	32447
20536368656d65	32448
2062696f64	32449
2061766964	32450
20456c6f6e	32451
61676172	32452
20545341	32453
526f6d616e	32454
206172746966696369616c6c79	32455
2061647669736f7273	32456
584c	32457
20496e6665726e6f	32458
333636	32459
20746564696f7573	32460
2050686f746f677261706879	32461
20436172726965	32462
2074726f7065	32463
2053616e647261	32464
20646563696d616c	32465
517565656e	32466
2047756e64616d	32467
204f4d	32468
6f74656368	32469
4e4241	32470
2031393332	32471
20656e7472656e63686564	32472
204d6172696f6e	32473
206672617465726e697479	32474
4c61626f7572	32475
48656e7279	32476
206c61746974756465	32477
456974686572	32478
20656e68616e636573	32479
20506f74656e7469616c	32480
207368696e6573	32481
69646164	32482
2062726561647468	32483
2063617061636974696573	32484
20f09f9982	32485
2042726f6e78	32486
207365786573	32487
20646966666572656e74696174696f6e	32488
206865617679776569676874	32489
2054616a	32490
647261	32491
206d696772617465	32492
2065786861757374696f6e	32493
2052554e	32494
656c73697573	32495
2043756f6d6f	32496
2067756974617273	32497
20636c6f6e6573	32498
20536f6d6577	32499
20507279	32500
2d2d2d2d2d2d2d2d2d2d2d2d2d	32501
2077617272616e746564	32502
6379636c6573	32503
2073616c76616765	32504
206469736b73	32505
52414e54	32506
204e474f73	32507
204d61727469616e	32508
223a5b7b22	32509
2061646469637473	32510
6f6a757265	32511
696c6c6574	32512
20616d617a696e676c79	32513
6172746d656e7473	32514
706978656c	32515
2047505573	32516
4c61796f7574	32517
e8a3	32518
2054616d696c	32519
20426173696c	32520
20696d7061727469616c	32521
20537472756374757265	32522
666f726b	32523
6272796365	32524
207269646765	32525
2048616d62757267	32526
72696f7573	32527
20626c69747a	32528
63696761726574746573	32529
2063616e6e6564	32530
343032	32531
2069726f6e6963616c6c79	32532
20636f6d70617373696f6e617465	32533
204861776b696e73	32534
2e23	32535
2043617468656472616c	32536
2072616c6c696564	32537
696e7465726e616c	32538
2071756f7461	32539
7374616b6573	32540
54455854	32541
6d6f6d	32542
20636f6d706c65746573	32543
20323338	32544
207368727567	32545
e38391	32546
204e696e7468	32547
20726576697365	32548
2050726f7669646572	32549
207472656163686572	32550
207175617369	32551
2050524553	32552
206465706f736974696f6e	32553
20636f6e666964656e7469616c697479	32554
6973736f7273	32555
20696d62616c616e6365	32556
207370616e6e696e67	32557
20616e67756c6172	32558
2043756c	32559
636f6d6d756e69636174696f6e	32560
204e6f7261	32561
2047656e697573	32562
6f70746572	32563
207361636b6564	32564
53706f74	32565
2066696e656c79	32566
20434852	32567
323832	32568
7761766573	32569
50616c657374	32570
20526f68696e67	32571
4e4c	32572
e8bf	32573
20736869747479	32574
205363616c6961	32575
343735	32576
50726f6772657373	32577
207265666572656e63696e67	32578
20636c617373726f6f6d73	32579
61626565	32580
20736f64	32581
686573696f6e	32582
373038	32583
205a75636b657262657267	32584
2046696e697368	32585
2053636f746961	32586
20536176696f72	32587
20496e7374616c6c6174696f6e	32588
616e746861	32589
282d	32590
20333032	32591
2050756e6b	32592
20637261746572	32593
796f757475	32594
20726f617374	32595
20696e666c75656e63696e67	32596
20647570	32597
204a52	32598
2047726176	32599
2073746174757265	32600
2062617468726f6f6d73	32601
4173696465	32602
57696b69	32603
6d65616e	32604
205a616b	32605
204f6e6573	32606
204e617468	32607
20687970657274	32608
20636f6d6d656e63656d656e74	32609
436976696c	32610
206d6f6465726174656c79	32611
206469737472696275746f7273	32612
2062726561737466656564696e67	32613
20393830	32614
2053696b	32615
20436967	32616
20414d4552	32617
524950	32618
20436172656572	32619
757374696e67	32620
206d6573736564	32621
206568	32622
204a656e73656e	32623
2f24	32624
20626c61636b6d61696c	32625
20636f6e76657273696f6e73	32626
20736369656e7469666963616c6c79	32627
206d616e747261	32628
706179696e67	32629
2069766f7279	32630
20436f75727473	32631
4f554748	32632
61756e746c6574	32633
53657269616c	32634
42726f77	32635
2048756e6472656473	32636
333233	32637
20706565	32638
206c696e7578	32639
207375626d6572	32640
205072696e636970616c	32641
343835	32642
2044534c	32643
20436f7573696e73	32644
20646f637472696e6573	32645
204174686c6574696373	32646
20333135	32647
204b61726d61	32648
20617474656e74	32649
7572676572	32650
20707265736372696265	32651
20656e63617073	32652
2043616d65	32653
20736563726574697665	32654
204372696d6573	32655
646e	32656
436c65616e	32657
20456779707469616e73	32658
2043617270656e746572	32659
206c6c	32660
48756d	32661
204d696c6f	32662
206361706974616c69737473	32663
2062726965666564	32664
547765	32665
20426173696e	32666
656c766574	32667
4d6f73	32668
20706c756e6765	32669
204b6169736572	32670
2046756a	32671
696c6c696e	32672
2073616665677561726473	32673
206f737465	32674
204f70706f7274756e697479	32675
204d61666961	32676
2043616c6c696e67	32677
617061	32678
757262616e	32679
6272757368	32680
696c6c617264	32681
63c3a9	32682
696e74656c6c6967656e6365	32683
204c6f62	32684
204472756964	32685
20736d6f6f74686572	32686
20666f6f74696e67	32687
206d6f746f7269737473	32688
617263697479	32689
206d617363756c696e697479	32690
206d69736d	32691
206162646f6d696e616c	32692
2054617665726e	32693
20526f68	32694
2065736361706573	32695
7369676e6564	32696
416e74686f6e79	32697
207361637269666963696e67	32698
20696e74696d616379	32699
20616e746572696f72	32700
204b6f64	32701
206d6f746966	32702
206772617a	32703
2076697375616c697a6174696f6e	32704
20677569746172697374	32705
2054726f74736b79	32706
6d61676963	32707
446172	32708
204d6f7269	32709
207761726473	32710
20746f696c657473	32711
6c657374	32712
2074656c65706f7274	32713
2053756e64617973	32714
20506c6174	32715
455453	32716
206553706f727473	32717
5061747269636b	32718
204b6174686572696e65	32719
656e6b6f	32720
20686173736c65	32721
204d69636b	32722
67676c6573	32723
20686f62	32724
61696e7461696e	32725
20616972626f726e65	32726
207370616e73	32727
206368696c69	32728
206170657274757265	32729
20766f6c756e746565726564	32730
20496e636964656e74	32731
2046726573	32732
205665746572616e	32733
617567687465726564	32734
696e676f	32735
20756e696e7375726564	32736
434c4f5345	32737
2066757365	32738
2065726f746963	32739
20616476657274697365	32740
72616973696e67	32741
54657874757265	32742
20617474656e6473	32743
205245414c	32744
7564646c6564	32745
20736d6f6f74	32746
20333035	32747
2057696c6c6973	32748
20626c6f6e64	32749
416e616c79736973	32750
205654	32751
6f6e696361	32752
207374726f6e67686f6c64	32753
5246	32754
4e4d	32755
2e3e3e	32756
2070726f737065726f7573	32757
20626f6173746564	32758
323932	32759
204d616e75666163747572696e67	32760
5052455353	32761
6772656e	32762
20706861726d616379	32763
20526f636b6566656c6c6572	32764
6b6169	32765
207468756d6273	32766
20487574	32767
206d6f74686572626f617264	32768
20677561726469616e73	32769
20416c746572	32770
6c6c756c6172	32771
20736861636b	32772
20776973656c79	32773
206261636b626f6e65	32774
65727661	32775
207375696369646573	32776
204d63477265676f72	32777
696a6168	32778
456d6572	32779
2042726176	32780
2064657369676e617465	32781
504f5354	32782
70726f6475636564	32783
20636c65616e73696e67	32784
69726c77696e64	32785
6578697374656e74	32786
2048756d7068	32787
205061796e65	32788
20766573746564	32789
c5a1	32790
20737472696e67656e74	32791
696f6e61	32792
20756e737562	32793
2073756d6d6564	32794
2048657263756c6573	32795
7375626a656374	32796
205261676e6172	32797
204e6f73	32798
20636861726163746572697a6174696f6e	32799
207361767679	32800
20446177736f6e	32801
20436173696e6f	32802
20667269	32803
2042617272696572	32804
206d6973696e666f726d6174696f6e	32805
20696e73756c6174696f6e	32806
20636f727269646f7273	32807
20616972706c616e6573	32808
204e6f6374	32809
616869	32810
2031393136	32811
6b62	32812
61726d6163	32813
207368756e	32814
20736368656d61	32815
20686f72726966696564	32816
20323339	32817
61756e64657273	32818
4e42	32819
6961746573	32820
6572697479	32821
205368617264	32822
20726172697479	32823
2067726f75706564	32824
204768616e61	32825
616761696e7374	32826
2042696f6c6f676963616c	32827
204177617265	32828
6f77656c6c	32829
cf84	32830
2042656175	32831
73686177	32832
4861636b	32833
204a756c697573	32834
555353	32835
6f6c736f6e	32836
61756e61	32837
637275	32838
204d617572696365	32839
20496b	32840
2073657175656e63696e67	32841
207261646963616c73	32842
20283f2c	32843
7669727475616c	32844
20616e7977617973	32845
20726570657263	32846
2068616e646c657273	32847
206865736974616e74	32848
e983	32849
204d46	32850
706c656d656e746174696f6e	32851
6173736f636961746564	32852
2063616d706169676e6564	32853
20597565	32854
75746174696f6e73	32855
20596f6761	32856
2073696d6d6572	32857
20726f6473	32858
206d656c6f6479	32859
20636f6e766f79	32860
766964656f73	32861
2073637265656e6564	32862
4e6567	32863
6f6368656d6963616c	32864
20282929	32865
20756c74726173	32866
20616e746970	32867
2049736c616e64657273	32868
373034	32869
20666574697368	32870
207269646963756c6f75736c79	32871
204b617274	32872
206d69746f63686f6e647269616c	32873
20696e746572666572696e67	32874
4275696c646572	32875
206f766572666c	32876
2061636e65	32877
204d7564	32878
204b657272	32879
666c6578	32880
20506f7374616c	32881
2042616c746963	32882
343737	32883
20506572736f6e73	32884
6f7572616765	32885
4842	32886
204d757365	32887
20496d6d6f7274616c	32888
2044726976696e67	32889
207065746974696f6e73	32890
20737562736372697074	32891
20736f726365	32892
2050726f636573736f72	32893
75746f6e	32894
536f6e79	32895
2070686f6e	32896
207261636564	32897
20416e7468726f70	32898
2064617974696d65	32899
204578657263697365	32900
416464696e67	32901
20656e6761676573	32902
205175616c636f6d6d	32903
206d697261636c6573	32904
206d656d6573	32905
204472696e6b	32906
204f72696f6c6573	32907
206861697273	32908
20506f6c6172	32909
6174686f6d	32910
20736c697070657279	32911
2052656d79	32912
20636172616d656c	32913
2059454152	32914
20616c6b	32915
49676e	32916
617574696f6e	32917
204d65726c696e	32918
204372616e	32919
2061706f6c6f67696573	32920
20343130	32921
206f7574696e67	32922
204d656d6f72696573	32923
6170706f696e746564	32924
20636f756e7465726564	32925
756c64	32926
706f73696e67	32927
206669726577616c6c	32928
2057617374	32929
20576574	32930
776f726b6564	32931
73656c6c6572	32932
2072657065616c6564	32933
6572656f	32934
617373756d696e67	32935
424c4943	32936
6d697465	32937
2043454f73	32938
2043686170656c	32939
656c6c6967656e74	32940
5f5f5f5f5f5f5f5f5f5f5f5f5f5f5f5f5f5f5f5f5f5f5f5f	32941
446f67	32942
2077617274	32943
2073756273637269626572	32944
73706f727473	32945
20626567676564	32946
204d56	32947
2073656d6966	32948
6574686963616c	32949
20707265616368	32950
207265766974616c	32951
2070756e6974697665	32952
2073686f727463757473	32953
20696e7374697475746564	32954
20576172736177	32955
206162646f6d656e	32956
204b494e47	32957
207375706572696e74656e64656e74	32958
20667279	32959
2047656f	32960
544f52	32961
20636f6e74726164696374696f6e73	32962
6170746963	32963
206c616e64736361706573	32964
62756773	32965
20636c757374	32966
20766f6c6c6579	32967
637269626564	32968
2074616e64656d	32969
20726f626573	32970
57484154	32971
2070726f6d6f746572	32972
20656c6f7175	32973
7265766965776564	32974
20444b	32975
20506c61746f	32976
20667073	32977
54616e6b	32978
204465727269636b	32979
207072696f726974697a65	32980
6173706572	32981
20486f6e6475726173	32982
20436f6d706c65746564	32983
6e6563	32984
206d6f67	32985
6e6972	32986
204d61796f	32987
444546	32988
7374616c6c	32989
696e6e657373	32990
20566f6c6b73776167656e	32991
2070726563617574696f6e	32992
204d656c6c	32993
69616b	32994
69737472696573	32995
20323438	32996
206f7665726c617070696e67	32997
53656e617465	32998
20456e68616e6365	32999
72657379	33000
72616369616c	33001
4f525453	33002
204d6f726d6f6e73	33003
5374726f6e67	33004
20436f6368	33005
4d657869636f	33006
204d616475726f	33007
206a617273	33008
2063616e65	33009
57696b	33010
6f6c6c61	33011
6966666572656e6365	33012
20706879736963697374	33013
204d6167676965	33014
20323835	33015
20646570696374696f6e	33016
204d634c6172656e	33017
4a75	33018
20736c6f7773	33019
20636f6d6d697373696f6e657273	33020
2057696c6c6f77	33021
204578706c6f73	33022
686f766168	33023
20746563686e696369616e	33024
20686f6d696369646573	33025
20466c6176	33026
205472756d616e	33027
203130303030	33028
7563746f72	33029
20736861646572	33030
4e6577736c6574746572	33031
343537	33032
207265766572	33033
2068617264656e6564	33034
20776865726561626f757473	33035
207265646576656c6f70	33036
206361726273	33037
2074726176657273	33038
20737175697272656c	33039
20666f6c6c6f776572	33040
2073696e6773	33041
353038	33042
2072616262697473	33043
656d6f6e69756d	33044
20646f63756d656e74696e67	33045
206d6973756e64657273746f6f64	33046
2927	33047
5269636b	33048
6767696573	33049
207072656d6965	33050
20736b6174696e67	33051
2070617373706f727473	33052
206669737473	33053
61676564646f6e	33054
486177	33055
414350	33056
303830	33057
2054686f7567687473	33058
204361726c736f6e	33059
20707269657374686f6f64	33060
687561	33061
2064756e67656f6e73	33062
204c6f616e73	33063
20616e746973	33064
2066616d696c696172697479	33065
2053616262	33066
6f70616c	33067
20496e6b	33068
737472696b65	33069
206372616d	33070
206c6567616c697a6564	33071
2063756973696e65	33072
206669627265	33073
54726176656c	33074
204d6f6e756d656e74	33075
4f4459	33076
65746879	33077
20696e7465727374617465	33078
20505552	33079
656d706f72617279	33080
204172616269616e	33081
646576656c6f706564	33082
20736164646c65	33083
20676974687562	33084
204f66666572	33085
20495350	33086
726f6c6574	33087
205355504552	33088
2044656e6973	33089
206d756c7469706c696572	33090
2073746972726564	33091
496e746572657374696e676c79	33092
20637573746f6d617279	33093
2062696c6c6564	33094
686578	33095
206d756c7469706c696564	33096
20666c697070696e67	33097
2043726f736279	33098
2066756e64616d656e74616c73	33099
696165	33100
20506c61796564	33101
2041746f6d	33102
616d617a6f6e	33103
20466c616d	33104
65657a	33105
616374697661746564	33106
207461626c6573706f6f6e	33107
206c69626572616c69736d	33108
2050616c696e	33109
20506174656c	33110
4e756d	33111
2054414d	33112
207375726e	33113
2052656c6f61646564	33114
20636f696e6564	33115
225d2c	33116
20436c617368	33117
20416775	33118
20707261676d61746963	33119
204163746976617465	33120
20383032	33121
20747261696c657273	33122
2073696c686f75	33123
2070726f626573	33124
20636972637573	33125
204261696e	33126
204c696e64736179	33127
204162626579	33128
44656c6976657279	33129
20636f6e63657373696f6e	33130
2067617374726f	33131
20537072697465	33132
c49f	33133
616e64656c	33134
2067696d6d	33135
206175746f6269	33136
20547572746c65	33137
20776f6e64657266756c6c79	33138
20486172616d	33139
20576f726c6477696465	33140
2048616e646c65	33141
207468656f7269737473	33142
20736c65656b	33143
205a6875	33144
6f67726170686963616c6c79	33145
454741	33146
204f776e657273	33147
61746873	33148
20416e74617263746963	33149
6e6174616c	33150
3d2222	33151
666c616773	33152
60606060	33153
2073756c	33154
4b68	33155
20706f7461737369756d	33156
206c696e656d616e	33157
2063657265616c	33158
20536561736f6e73	33159
2032303232	33160
206d617468656d61746963	33161
20617374726f6e6f6d657273	33162
70726f66657373696f6e616c	33163
206661726573	33164
636b6e6f776c6564	33165
20636869	33166
20796f756e677374657273	33167
206d697374616b656e6c79	33168
2068656d69737068657265	33169
20446976696e697479	33170
726f6e65	33171
20222c	33172
72696e6773	33173
206174747261637473	33174
76616e61	33175
e5b9	33176
434150	33177
20706c61796c697374	33178
20706f726368	33179
e381a3	33180
20696e636f72706f7261746573	33181
20736f616b	33182
20617373657274696e67	33183
20546572726f7269736d	33184
205061626c6f	33185
4a61	33186
636573746572	33187
2066656172696e67	33188
20507261796572	33189
20657363616c61746564	33190
4757	33191
20726f6265	33192
204272696768746f6e	33193
616369737473	33194
2053796d70686f6e79	33195
204477617266	33196
20506172616465	33197
204c65676f	33198
20696e6578706c	33199
206c6f726473	33200
6c656166	33201
524147	33202
6c69626572	33203
20636967617273	33204
204a65686f766168	33205
363036	33206
57494e444f5753	33207
204c696265726961	33208
65627573	33209
4865617679	33210
206c7562726963	33211
205257	33212
616e677561676573	33213
206e6172726f776564	33214
636f6d7075746572	33215
20456d626572	33216
206d7572646572696e67	33217
20646f776e73747265616d	33218
2054756c73	33219
205461626c6573	33220
546f706963	33221
204163637572616379	33222
3d2f	33223
6c6f7374	33224
20526569	33225
2070726f67726573736573	33226
62656172	33227
2065737461626c6973686d656e7473	33228
4a757374696e	33229
205065616368	33230
20476f6d657a	33231
e5bf	33232
20547269616e676c65	33233
4964656e74	33234
2048697665	33235
5265736f7572636573	33236
206d69786573	33237
20417373756d696e67	33238
4d75	33239
206879706f63	33240
2073616e65	33241
2057616e	33242
6964696f7573	33243
53756363657373	33244
20696f	33245
416e67656c	33246
2064616e6765726f75736c79	33247
204372656174757265	33248
574f524b	33249
3a5b	33250
204b617472696e61	33251
4c697374656e6572	33252
4d696c6c6572	33253
2049646c6962	33254
68616e67	33255
2063697263756d76656e74	33256
68726566	33257
2063656c65737469616c	33258
205765656b73	33259
20507567	33260
2044616c746f6e	33261
20737562706f656e61	33262
756b75	33263
20706572736973746564	33264
706569	33265
6f6c64696e67	33266
20446f63756d656e7473	33267
2048617374	33268
2043454e54	33269
207072696d6572	33270
2073796e6f6e796d6f7573	33271
206e6962	33272
6f6d6273	33273
206e6f746174696f6e	33274
2044697368	33275
2041746d6f7370	33276
20666f72626964	33277
20414e47	33278
7061747465726e	33279
6c6f73	33280
2070726f6a656374696c6573	33281
62726f776e	33282
2e222c	33283
2056656e6f6d	33284
206669657263656c79	33285
75626c6973686564	33286
205572616e	33287
204e696361726167	33288
343130	33289
2043414c	33290
4f544f53	33291
204d697261636c65	33292
20456e6368616e74	33293
206775617264696e67	33294
617070656e64	33295
417474616368	33296
206c6576656c6564	33297
20636f6e646f6d73	33298
6968696c6174696f6e	33299
363439	33300
206e696768746d61726573	33301
2054484559	33302
205354415254	33303
204b696e6e	33304
20726f6f6d6d617465	33305
2068796769656e65	33306
6f7070696e67	33307
4a6f62	33308
206c766c	33309
20564552	33310
204b656570696e67	33311
616265746963	33312
20666f726d617474696e67	33313
6572616c61	33314
207265766973696f6e73	33315
20726573757267	33316
54656c	33317
20476f6f646d616e	33318
333533	33319
706f64	33320
20696e64697370	33321
205472616e736c6174696f6e	33322
20676f776e	33323
204d756e64	33324
20636973	33325
2062797374616e64	33326
636f6c6c656374	33327
2050756e6a6162	33328
6163746976656c79	33329
2047616d62	33330
74656c6c	33331
20696d706f7274696e67	33332
67656e63696573	33333
206c6f636f6d	33334
204272696c6c	33335
486f6c79	33336
20426572676572	33337
2073686f77646f776e	33338
20726573706f6e64657273	33339
494c59	33340
2074616b65646f776e	33341
6c65746564	33342
206d61747465726564	33343
2070726564696374697665	33344
206f7665726c6179	33345
475055	33346
205669636b	33347
20636f6e7665796564	33348
546162	33349
70656572	33350
5363616e	33351
20646566656e736976656c79	33352
766165	33353
20617070726f76696e67	33354
207469657273	33355
20566961	33356
71756572616465	33357
20536175646973	33358
2064656d6f6c6973686564	33359
2050726f706865	33360
206d6f6e6f	33361
20686f73706974616c697479	33362
48414d	33363
20417269656c	33364
4d4f44	33365
20546f726168	33366
20626c6168	33367
2042656c61727573	33368
6572656e7469616c	33369
20547563	33370
2062616e6b6572	33371
333937	33372
206d6f7371756974	33373
20536369656e74697374	33374
204d75736963616c	33375
2068757374	33376
5368696674	33377
20746f726d656e74	33378
207374616e646f6666	33379
45647563	33380
20466f67	33381
20616d706c6966696572	33382
5368617065	33383
496e7374616e6365	33384
2043726974696373	33385
206461656d6f6e	33386
486f7573746f6e	33387
206d61747472657373	33388
20494446	33389
206f627363656e65	33390
20416d6572	33391
6865747469	33392
20636f6d70696c696e67	33393
333532	33394
766572657474	33395
20526564756374696f6e	33396
697374726174696f6e	33397
20426c6573736564	33398
2042616368656c6f72	33399
333136	33400
207072616e6b	33401
2056756c63616e	33402
6464696e67	33403
206d6f75726e696e67	33404
205175696e74	33405
20426c6173746572	33406
74657374696e67	33407
20736564696d656e74	33408
3e3e3e	33409
20457465726e697479	33410
205748455245	33411
204d617a65	33412
207265616374696e67	33413
20416c76	33414
6f6d73646179	33415
20435241	33416
207472616e736c61746f72	33417
20626f677573	33418
617475	33419
57656273697465	33420
6f6c6c73	33421
206261707469736d	33422
207369626c696e67	33423
20417574756d6e	33424
76657a	33425
e381aee9	33426
677561726473	33427
47656f7267	33428
61737361646f7273	33429
204672657564	33430
20636f6e74696e656e7473	33431
205265676973747279	33432
4265726e6965	33433
969ae5a3ab	33434
20746f6c6572616e74	33435
205557	33436
20686f727269626c79	33437
393935	33438
204d494449	33439
20696d70617469656e74	33440
6f6361646f	33441
657269	33442
20576f727374	33443
204e6f72726973	33444
2054616c6b696e67	33445
20646566656e6473	33446
656e7361626c65	33447
2032303231	33448
20616e61746f6d79	33449
4c6577	33450
20647261776572	33451
2043616e6265727261	33452
2070617472696f746963	33453
e9be8de5969ae5a3ab	33454
20417667	33455
41524d	33456
20756e646973636c6f736564	33457
206661726577656c6c	33458
343539	33459
6261626c65	33460
20416c6c69736f6e	33461
4f4c4f47	33462
20636f6e636f	33463
7469676874	33464
2041435049	33465
204d696e6573	33466
6c696368	33467
20e2949c	33468
726570726573656e746564	33469
323030303030	33470
20656e7468757369617374	33471
4f5453	33472
62696c	33473
20496e6772656469656e7473	33474
20696e76656e746f72	33475
204d7953514c	33476
c2a0c2a0c2a0	33477
2041424f5554	33478
77697468696e	33479
206d6b	33480
42756c	33481
2046616b65	33482
20647261636f6e69616e	33483
5761	33484
68656c6d	33485
2054657272616e	33486
657276696c6c65	33487
20636f6d6d6f6e706c616365	33488
53495a45	33489
20223c	33490
7265706c616365	33491
6f677261706873	33492
2053454c454354	33493
696e6369626c65	33494
204d6f73746c79	33495
20536865666669656c64	33496
20494445	33497
7567676c65	33498
206369746174696f6e73	33499
6875727374	33500
20556e6978	33501
20756e6c65617368	33502
205069706572	33503
204e616e6f	33504
2073756363756d62	33505
2072656c756374616e6365	33506
2032353030	33507
204d65726368616e74	33508
207769726574	33509
20636f6d626f73	33510
204269727468646179	33511
2063686172636f616c	33512
20555053	33513
2046616972666178	33514
206472697665776179	33515
2054656b	33516
205069746368	33517
6f76657265	33518
20746563686e696369616e73	33519
2041637475616c	33520
666c6174696f6e	33521
2046697363616c	33522
20456d707479	33523
616e616d6f	33524
206d61676e657369756d	33525
20736c7574	33526
2067726f77657273	33527
496e76657374696761746f7273	33528
28293a	33529
20536174656c6c697465	33530
204b65796e6573	33531
6d697373697665	33532
6c616e65	33533
20626f726f756768	33534
333434	33535
205445414d	33536
204265746865736461	33537
4356	33538
686f776572	33539
20524144	33540
206368616e74	33541
20526979	33542
20636f6d706f736974696f6e73	33543
206d696c646c79	33544
206d6564646c696e67	33545
206167696c697479	33546
616e65657273	33547
353031	33548
2073796e7468	33549
6c696e676572	33550
323931	33551
206578636c61696d6564	33552
5061727479	33553
20636f6e74616d696e	33554
204d616e6f72	33555
20526573706f6e64	33556
207072616973696e67	33557
206d616e6e657273	33558
666c656574	33559
53756d6d6572	33560
204c796e64	33561
20446566696e6974656c79	33562
6772696d	33563
20626f776c696e67	33564
73747269	33565
e79b	33566
796e74	33567
206d616e6461746573	33568
444956	33569
207265636f6e63696c65	33570
7669657773	33571
2044616d6f6e	33572
7665747465	33573
466c6f	33574
204772656174657374	33575
696c6f6e	33576
69636961	33577
20706f7274726179616c	33578
2063757368696f6e	33579
353034	33580
31393739	33581
6f7373616c	33582
4170706c6963	33583
736372697074696f6e	33584
206d697469676174696f6e	33585
415453	33586
706163	33587
20657261736564	33588
20646566696369656e63696573	33589
20486f6c6c616e6465	33590
205875	33591
2062726564	33592
20707265676e616e63696573	33593
66656d696e	33594
20656d7068	33595
20706c616e6e657273	33596
206f7574706572	33597
7574746572696e67	33598
207065727065747261746f72	33599
206d6f74746f	33600
20456c6c69736f6e	33601
204e45564552	33602
2061646d69747465646c79	33603
415249	33604
20417a65726261696a616e	33605
206d696c6c69736563	33606
20636f6d62757374696f6e	33607
20426f74746c65	33608
204c756e64	33609
205073	33610
204472657373	33611
2066616272696361746564	33612
206261747465726564	33613
20736964656c	33614
204e6f7474696e67	33615
466f726569676e	33616
204a65726f6d65	33617
303230	33618
204172626974	33619
206b6e6f7473	33620
205249474854	33621
4d6f76696e67	33622
e38199	33623
20737572676572696573	33624
20636f757274686f757365	33625
206d61737465726564	33626
20686f766572696e67	33627
204272616e	33628
20416c69736f6e	33629
20736166657374	33630
6d696c6974617279	33631
2062756c6c696564	33632
2062617272616765	33633
526561646572	33634
455345	33635
2047656f67726170686963	33636
546f6f6c73	33637
333134	33638
204765656b	33639
726f7468	33640
676c657273	33641
2046494e	33642
cf81	33643
204173746f6e	33644
616c7465726e	33645
343838	33646
207665746572696e	33647
47616d6572	33648
20696e74656c	33649
72656e63686573	33650
536869656c64	33651
20616d6e65737479	33652
2042686172	33653
2070696c6564	33654
20686f6e6f7261626c65	33655
20496e7374697475746573	33656
20736f616b6564	33657
20636f6d61	33658
20454646	33659
333431	33660
6279746573	33661
20476d61696c	33662
6c65696e	33663
2043616e616469656e73	33664
6d6174657269616c	33665
496c	33666
20696e7374727563746f7273	33667
204b59	33668
20636f6e6365697665	33669
756262	33670
20506f737369626c65	33671
20656173696e67	33672
20436872697374696e61	33673
206361726963	33674
20484452	33675
524f4d	33676
2073686f76656c	33677
64656c657465	33678
2070756666	33679
204368616e67696e67	33680
207365616d6c6573736c79	33681
417474726962757465	33682
206163717569736974696f6e73	33683
616b657279	33684
204546	33685
206175746973746963	33686
2054616b6573	33687
20506f77646572	33688
2053746972	33689
353130	33690
20427562626c65	33691
73657474696e6773	33692
20466f776c6572	33693
206d757374617264	33694
206d6f72656f766572	33695
20636f707972696768746564	33696
204c454473	33697
31353030	33698
e689	33699
20484953	33700
656e66	33701
20637573746f64	33702
204875636b	33703
4769	33704
20696d67	33705
416e73776572	33706
4374	33707
6a6179	33708
20496e667261737472756374757265	33709
206665646572616c6c79	33710
4c6f63	33711
206d6963726f626573	33712
206f76657272756e	33713
646473	33714
6f74656e74	33715
61646961746f72	33716
3e3e3e3e3e3e3e3e	33717
20746f726e61646f	33718
2061646a7564	33719
20696e74726967756564	33720
207369	33721
20526576656c6174696f6e	33722
70726f6772657373	33723
20627572676c617279	33724
2053616979616e	33725
204b61746879	33726
2073657270656e74	33727
20416e6472656173	33728
20636f6d70656c	33729
6573736c6572	33730
20506c6173746963	33731
20416476656e74	33732
20506f736974697665	33733
205174	33734
2048696e647573	33735
72656769737465726564	33736
756c6172697479	33737
207269676874656f75736e657373	33738
2064656d6f6e6963	33739
756974697665	33740
20424453	33741
204772656767	33742
636961	33743
2043727573616465	33744
2053696e6169	33745
57415245	33746
2b28	33747
206d656c6c	33748
2064657261696c	33749
7961726473	33750
417374	33751
206e6f7469636561626c79	33752
204f626572	33753
52616d	33754
20756e6e6f7469636564	33755
20736571	33756
6176616765	33757
5473	33758
20363430	33759
20636f6e63656465	33760
205d29	33761
46696c6c	33762
20636170746976697479	33763
20496d70726f76656d656e74	33764
204372757361646572	33765
6172616f68	33766
4d4150	33767
e697	33768
20737472696465	33769
616c77617973	33770
466c79	33771
4e6974	33772
20616c676165	33773
20436f6f6b696e67	33774
20446f6f7273	33775
4d616c6c6579	33776
20706f6c6963656d656e	33777
e3818d	33778
20617374726f6e617574	33779
61636365737369626c65	33780
343935	33781
20524157	33782
636c69666665	33783
75646963726f7573	33784
20646570656e646564	33785
616c616368	33786
2076656e7475726573	33787
72616b65	33788
2074697473	33789
20486f75	33790
20636f6e646f6d	33791
6f726d6f6e616c	33792
20696e64656e74	33793
2075706c6f6164696e67	33794
466f6f746e6f7465	33795
496d706f7274616e74	33796
20323731	33797
206d696e6466756c	33798
20636f6e74656e6473	33799
437261	33800
2063616c696272	33801
204f454344	33802
706c7567696e	33803
466174	33804
20495353	33805
2044796e616d696373	33806
616e73656e	33807
363836	33808
27292c	33809
20737072697465	33810
2068616e6468656c64	33811
2048697070	33812
3d7e3d7e	33813
5472757374	33814
2073656d616e74696373	33815
2042756e646573	33816
2052656e6f	33817
204c697465726174757265	33818
73656e7365	33819
47617279	33820
20416567	33821
205472696e	33822
45454b	33823
20636c65726963	33824
20535348	33825
20636872697374	33826
20696e766164696e67	33827
696275	33828
20656e756d	33829
61757261	33830
20616c6c656765	33831
20496e6372656469626c65	33832
424243	33833
2074687275	33834
207361696c6564	33835
20656d756c617465	33836
20696e7365637572697479	33837
2063726f75	33838
206163636f6d6d6f646174696f6e73	33839
20696e636f6d706574656e74	33840
20736c697073	33841
2045617274687175	33842
73616d61	33843
494c4c45	33844
206950686f6e6573	33845
6173616b69	33846
20627965	33847
20617264	33848
20657874726173	33849
20736c617567687465726564	33850
2063726f776466756e64696e67	33851
726573736f	33852
2066696c6962	33853
204552524f52	33854
20544c53	33855
656767	33856
204974616c	33857
20656e6c697374	33858
20436174616c6f6e6961	33859
2053636f7473	33860
207365726765616e74	33861
20646973736f6c7665	33862
4e48	33863
207374616e64696e6773	33864
7269717565	33865
4951	33866
2062656e6566696369617279	33867
20617175617269756d	33868
596f7554756265	33869
20506f7765725368656c6c	33870
20627269676874657374	33871
2057617272616e74	33872
536f6c64	33873
57726974696e67	33874
20626567696e6e696e6773	33875
205265736572766564	33876
204c6174696e6f73	33877
68656164696e67	33878
20343430	33879
20726f6f66746f70	33880
4154494e47	33881
20333930	33882
56504e	33883
4773	33884
6b65726e656c	33885
7475726e6564	33886
2070726566657261626c65	33887
207475726e6f76657273	33888
2048656c73	33889
5361	33890
205368696e6a69	33891
766568	33892
204d4f44554c45	33893
56696f6c	33894
2065786974696e67	33895
206a6162	33896
2056616e696c6c61	33897
206163726f6e	33898
20476170	33899
6265726e	33900
416b	33901
204d634775	33902
20656e646c6573736c79	33903
20466172616765	33904
204e6f656c	33905
5661	33906
4d4b	33907
206272757465	33908
204b7275	33909
20455356	33910
204f6c69766961	33911
e280a0	33912
204b6166	33913
207472757374696e67	33914
20686f7473	33915
333234	33916
206d616c61726961	33917
206a736f6e	33918
20706f756e64696e67	33919
6f72746d656e74	33920
436f756e747279	33921
20706f7374706f6e6564	33922
20756e6571756976	33923
3f292c	33924
20526f6f6e6579	33925
756464696e67	33926
204c656170	33927
757272656e6365	33928
736861706573686966746572	33929
20484153	33930
6f73617465	33931
2063617665726e	33932
20636f6e73657276617469736d	33933
20424144	33934
206d696c65616765	33935
20617272657374696e67	33936
5661756c7473	33937
206d69786572	33938
44656d6f637261746963	33939
2042656e736f6e	33940
20617574686f726564	33941
38303030	33942
2070726f616374697665	33943
2053706972697475616c	33944
747265	33945
20696e63617263657261746564	33946
20536f7274	33947
207065616b6564	33948
207769656c64696e67	33949
726563696174696f6e	33950
d799d7	33951
5061746368	33952
20456d6d79	33953
2065787175	33954
74746f	33955
20526174696f	33956
205069636b73	33957
20477279	33958
7068616e74	33959
2066726574	33960
206574686e	33961
206172636869766564	33962
252d	33963
6361736573	33964
20426c617a65	33965
20696d62	33966
6376	33967
797373	33968
696d6f6e79	33969
20636f756e74646f776e	33970
206177616b656e696e67	33971
2054756e69736961	33972
205265666572	33973
204d4a	33974
20756e6e61747572616c	33975
204361726e65676965	33976
697a656e	33977
204e756767657473	33978
68657373	33979
206576696c73	33980
363437	33981
20696e74726f647563746f7279	33982
6c6f76696e67	33983
204d634d61686f6e	33984
20616d62696775697479	33985
4c6162656c	33986
20416c6d6967687479	33987
20636f6c6f72696e67	33988
20436c617573	33989
73657474696e67	33990
4e554c4c	33991
204661766f72697465	33992
20534947	33993
3e28	33994
205368697661	33995
204d61796572	33996
2073746f726d6564	33997
20436f766572616765	33998
776561706f6e73	33999
696768616d	34000
20756e616e737765726564	34001
206c657665	34002
20636f79	34003
636173	34004
62616773	34005
617375726564	34006
53656174746c65	34007
2053616e746f72756d	34008
736572696f7573	34009
20636f75726167656f7573	34010
20536f7570	34011
20636f6e6669736361746564	34012
202f2f2f	34013
20756e636f6e76656e74696f6e616c	34014
206d6f6d73	34015
20526f68696e677961	34016
204f7263686573747261	34017
20506f74696f6e	34018
20646973637265646974	34019
2046494c	34020
6669786564	34021
2044656572	34022
646f69	34023
2044696d656e73696f6e	34024
206275726561756372617473	34025
657465656e	34026
20616374696f6e47726f7570	34027
6f686d	34028
2062756d7073	34029
205574696c697479	34030
207375626d6172696e6573	34031
72656e68656974	34032
7265736561726368	34033
205368617069726f	34034
20736b657463686573	34035
20646563657074697665	34036
2056696c	34037
6573616d65	34038
20457373656e7469616c6c79	34039
2072616d70616765	34040
69736b79	34041
206d75747465726564	34042
74687269746973	34043
20323336	34044
666574	34045
62617273	34046
20707570696c	34047
2054686f75	34048
6f53	34049
736f6e67	34050
20667261637475726564	34051
20726576657274	34052
70696374757265	34053
20637269746572696f6e	34054
7573686572	34055
20726570657263757373696f6e73	34056
2056696e74616765	34057
205375706572696e74656e64656e74	34058
4f66666963657273	34059
20666c6167676564	34060
20626c616d6573	34061
20696e7665727365	34062
6f6772617068657273	34063
206d616b657368696674	34064
206465766f6964	34065
20666f7373696c73	34066
2041726973746f746c65	34067
2046756e6473	34068
206465706c65746564	34069
20466c75	34070
205975616e	34071
20776f6573	34072
206c69706964	34073
2073697475	34074
72657175697369746573	34075
206675726e697368	34076
2053616d6172	34077
207368616d6566756c	34078
20616476657273656c79	34079
206164657074	34080
2072656d6f727365	34081
206d75726465726f7573	34082
75636b6c6573	34083
2045534c	34084
20333134	34085
73656e74	34086
207265646566	34087
204361636865	34088
2050757273	34089
6967616e73	34090
20343630	34091
20707265736372697074696f6e73	34092
2066726573	34093
4675636b	34094
6f637261746573	34095
5477656e7479	34096
205765697264	34097
20546f67676c65	34098
2043616c6c6564	34099
6974697a656e73	34100
20706f756c747279	34101
2068617276657374696e67	34102
e382a6e382b9	34103
426f74746f6d	34104
2063617574696f6e6564	34105
746e	34106
333936	34107
204e696b6b69	34108
206576616c756174696f6e73	34109
20686172617373696e67	34110
2062696e64696e6773	34111
204d6f6e6574617279	34112
2068697474657273	34113
20616476657273617279	34114
756e7473	34115
207365746261636b	34116
20656e6372797074	34117
2043616974	34118
206c6f7773	34119
656e676573	34120
204e6f726e	34121
2062756c6273	34122
20626f74746c6564	34123
20566f7961676572	34124
333137	34125
2073706865726573	34126
706f6c6974696373	34127
207375627472616374	34128
2073656e736174696f6e73	34129
20617070616c6c696e67	34130
20333136	34131
20656e7669726f6e6d656e74616c6c79	34132
205354454d	34133
207075626c6973686573	34134
353630	34135
2064696c6967656e6365	34136
343834	34137
2061647669736573	34138
20706574726f6c	34139
20696d6167696e696e67	34140
20706174726f6c73	34141
20496e7465676572	34142
204173686573	34143
6163747573	34144
2052616469616e74	34145
204c54	34146
69746162696c697479	34147
6874616b696e67	34148
53657474696e67	34149
206e75616e636564	34150
2052656566	34151
20446576656c6f70657273	34152
4e69	34153
706965636573	34154
393930	34155
4c6963656e7365	34156
206c6f77657273	34157
204f74746f6d616e	34158
333237	34159
6f6f6f	34160
207175697474696e67	34161
6d61726b657473	34162
426568696e64	34163
20626173696e	34164
20646f6373	34165
616e6965	34166
666c617368	34167
63746c	34168
20636976696c697a6564	34169
2046756b757368696d61	34170
225d2c22	34171
204b53	34172
20486f6e6573746c79	34173
61726174	34174
20636f6e73747275637473	34175
204c616e73	34176
2044697265	34177
204c494b45	34178
2054726f75626c65	34179
2077697468686f6c64696e67	34180
204f626c6976696f6e	34181
2073616e697479	34182
616e7961	34183
436f6e7374	34184
2067726f636572	34185
2043656c73697573	34186
207265636f756e746564	34187
2057696665	34188
426f72646572	34189
617465726564	34190
6861707079	34191
2073706f696c6572	34192
206c6f676963616c6c79	34193
48616c6c	34194
2073756363656564696e67	34195
20706f6c796d6f727068	34196
2061786573	34197
2053686f7467756e	34198
20536c696d	34199
205072696e6369706c6573	34200
204c657468	34201
61727461	34202
2073636f72	34203
53637265656e73686f74	34204
2072656c61786174696f6e	34205
23242324	34206
20646574657272656e74	34207
69646479	34208
20706f7765726c657373	34209
206c65736269616e73	34210
2063686f726473	34211
20456469746564	34212
73656c6563746564	34213
207365706172617469737473	34214
30303032	34215
206169727370616365	34216
207475726e61726f756e64	34217
2063756e6e696e67	34218
50415448	34219
506f6c79	34220
20626f6d626564	34221
2074696f6e	34222
7873	34223
2077697468686f6c64	34224
207761676564	34225
204c6962657274696573	34226
466c6167	34227
20636f6d666f7274696e67	34228
343534	34229
2049726973	34230
6172657273	34231
20726167	34232
2072656c6f6361746564	34233
2047756172616e74	34234
20737472617465676963616c6c79	34235
2067616d6d61	34236
756265727479	34237
204c6f636b68656564	34238
67726573	34239
206772696c6c6564	34240
204c6f7765	34241
7374617473	34242
20526f636b73	34243
2073656e73696e67	34244
2072656e74696e67	34245
2047656f6c6f676963616c	34246
d8a7d8	34247
6f74726f70	34248
20736577	34249
20696d70726f7065726c79	34250
343836	34251
20e296a0	34252
207374617276696e67	34253
20426a	34254
44697363757373696f6e	34255
333238	34256
20436f6d626f	34257
204669786573	34258
4e4154	34259
207374726976696e67	34260
74686f7261	34261
20686172766573746564	34262
2050696e67	34263
20706c617966756c	34264
206176656e756573	34265
206f636375706174696f6e616c	34266
2077616b6573	34267
20436f7572696572	34268
206472756d6d6572	34269
2042726f77736572	34270
20486f757468	34271
697475	34272
206170706172656c	34273
7061737465	34274
2068756e746564	34275
205365636f6e646c79	34276
6c61696e	34277
5859	34278
2050494e	34279
69636f6e73	34280
20636f636b7461696c73	34281
2073697a61626c65	34282
20687572646c6573	34283
657374696e616c	34284
2052656372656174696f6e	34285
2065636f	34286
363438	34287
2044696564	34288
6d696e74	34289
2066696e6765727072696e7473	34290
20646973706f7365	34291
20426f736e6961	34292
747379	34293
32323030	34294
20696e73706563746564	34295
20466f75	34296
2066757373	34297
20616d62757368	34298
2052616b	34299
206d616e69666573746564	34300
50726f7365637574	34301
2073756666696365	34302
72656e636573	34303
20636f6d70656e7361746564	34304
204379727573	34305
2067656e7573	34306
20576f6c766572696e65	34307
205472656e6473	34308
2068696b6573	34309
205365656e	34310
20656e726f6c	34311
436f6c64	34312
20706f6c6974656c79	34313
20536c6176	34314
20527570657274	34315
206579657769746e657373	34316
20416c746f	34317
20756e636f6d70	34318
20706f73746572696f72	34319
4d757374	34320
204865727a	34321
2070726f67726573736976656c79	34322
20323334	34323
20696e646966666572656e6365	34324
2043756e6e696e6768616d	34325
2061636164656d6961	34326
207365776572	34327
206173746f756e64696e67	34328
20414553	34329
726174686572	34330
20656c64657374	34331
20636c696d6273	34332
2041646473	34333
206f7574637279	34334
20636f6e746167	34335
20486f75736573	34336
2070657074	34337
204d656c616e6961	34338
696e7465726573746564	34339
20554348	34340
20526f6f7473	34341
2048756262617264	34342
20544244	34343
20526f6d616e69616e	34344
66696c656e616d65	34345
53746f6e65	34346
20496d706c	34347
206368726f6d6f736f6d65	34348
436c65	34349
6478	34350
20736372616d626c6564	34351
205074	34352
20323432	34353
4f504c45	34354
207472656d656e646f75736c79	34355
537472656574	34356
2063726176696e67	34357
2062756e646c6564	34358
205247	34359
70697065	34360
20696e6a7572696e67	34361
20617263616e65	34362
5061727469636970	34363
204865726f6963	34364
737479	34365
20746f7070696e67	34366
2054656d70657374	34367
72656e7469636573	34368
6268	34369
20706172616e6f6961	34370
20556e69636f6465	34371
206567726567696f7573	34372
205c27	34373
204f7377616c64	34374
2067726176656c	34375
2053696d70736f6e73	34376
20626c616e64	34377
204775616e74616e616d6f	34378
577269746572	34379
6c696e657273	34380
2044696365	34381
4a43	34382
20706172697479	34383
207369646564	34384
20323337	34385
20507972726861	34386
617474657273	34387
646b	34388
46696e65	34389
636f6d70616e	34390
20666f726d756c61746564	34391
2049646f6c	34392
696c657273	34393
68656d6f7468	34394
20466176	34395
20696e74727573696f6e	34396
20636172726f7473	34397
204c61796572	34398
204861636b6572	34399
202d2d2d2d2d2d2d2d2d2d2d2d2d2d2d2d	34400
206d6f6465726174696f6e	34401
e981	34402
6f636f63	34403
20636861726163746572697a65	34404
20546572657361	34405
20736f63696f65636f6e6f6d6963	34406
207065726b	34407
2050617274696369706174696f6e	34408
747261696e696e67	34409
205061756c6f	34410
70687973	34411
207472757374776f72746879	34412
20656d626f64696564	34413
204d65726368	34414
63757272656e6379	34415
205072696f72697479	34416
2074656173696e67	34417
206162736f7262696e67	34418
20756e66696e6973686564	34419
20436f6d70617269736f6e	34420
20646973706c65	34421
77726974657273	34422
2070726f66657373696f6e73	34423
2050656e6775696e	34424
20616e6772696c79	34425
204c494e4b	34426
363838	34427
20436f72726573706f6e64	34428
207072657661696c6564	34429
2063617274656c	34430
6c70	34431
61736d73	34432
20526564656d7074696f6e	34433
2049736c616d69737473	34434
65666665637473	34435
646f7365	34436
204c6174746572	34437
2048616c69666178	34438
20766173	34439
20546f70696373	34440
204e616d6564	34441
6164766572746973696e67	34442
7a7a61	34443
49434553	34444
207265746172646564	34445
61636861626c65	34446
20507570706574	34447
204974656d4c6576656c	34448
2072657472616374	34449
206964656e7469666961626c65	34450
4161726f6e	34451
20427573746572	34452
736f6c	34453
68656c6c65	34454
617373656d62	34455
486f7065	34456
72616e676564	34457
4261	34458
205075726368	34459
e980	34460
2053697269	34461
206172726976616c73	34462
2031393132	34463
2073686f7274656e6564	34464
20333132	34465
2064697363726570616e6379	34466
2054656d7065726174757265	34467
2057616c746f6e	34468
206b696e64657267	34469
706f6c6974	34470
2072656d6978	34471
20636f6e6e6563746f7273	34472
e38398e383a9	34473
204b617a616b687374616e	34474
646f6d696e61746564	34475
20737567617273	34476
696d626c65	34477
2050616e6963	34478
2044656d616e64	34479
20436f6c6f6e79	34480
6f6e656e	34481
204d4552	34482
373735	34483
75726961	34484
617a616172	34485
20446567726565	34486
507269	34487
2073756e7368696e65	34488
20323531	34489
2070737963686564656c6963	34490
206469676974616c6c79	34491
20427261756e	34492
207368696d6d6572	34493
207368617665	34494
2054656c657363	34495
2041737472616c	34496
2056656e657a75656c616e	34497
204f47	34498
20637261776c696e67	34499
496e746567	34500
2046656174686572	34501
20756e666f6c64696e67	34502
20617070726f7072696174696f6e	34503
20e8a38fe8	34504
204d6f62696c697479	34505
204e6579	34506
2d2e	34507
62696c74	34508
4c494e	34509
2054756265	34510
20436f6e76657273656c79	34511
206b6579626f61726473	34512
2043616f	34513
206f7665727468	34514
206c61757265	34515
3e3e5c	34516
205669706572	34517
61636861	34518
4f6666736574	34519
2052616c65696768	34520
204a6165	34521
4a6f7264616e	34522
6a70	34523
20746f74616c6974617269616e	34524
436f6e6e6563746f72	34525
206f62736572766573	34526
205370617274616e	34527
20496d6d6564696174656c79	34528
205363616c	34529
436f6f6c	34530
2074617073	34531
20726f6172	34532
50617374	34533
206368617273	34534
2042656e646572	34535
205368656c646f6e	34536
207061696e746572	34537
20626561636f6e	34538
20437265617475726573	34539
20646f776e7475726e	34540
2068696e646572	34541
20416e64726f6d656461	34542
c39b	34543
63636f6c69	34544
204669746e657373	34545
6574726963616c	34546
207574696c697a6573	34547
2073656e617465	34548
20656e73656d626c65	34549
20636865657273	34550
5457	34551
206166666c75656e74	34552
6b696c	34553
72796c6963	34554
6f72646572696e67	34555
436f6d7075746572	34556
2067727565736f6d65	34557
6f7374696373	34558
20556269736f6674	34559
204b656c6c6579	34560
207772656e6368	34561
20626f757267656f69736965	34562
49424c45	34563
2050726573746f6e	34564
776f726e	34565
6172697374	34566
72656174696e67	34567
20737461696e6564	34568
6172696e65	34569
20736c696d65	34570
454e4e	34571
20636865737473	34572
2067726f756e647761746572	34573
616e6e6f74	34574
2054726179	34575
204c6f636b65	34576
20435452	34577
206475646573	34578
2045787465726e616c	34579
204465636f646572	34580
20706172616d6564	34581
204d65646c696e65	34582
383039	34583
2044696e6e6572	34584
727570616c	34585
677a	34586
2047756d	34587
2044656d6f	34588
6a6565	34589
206468	34590
6265726d616e	34591
6172636873	34592
20656e7175	34593
204570737465696e	34594
206465766173746174696f6e	34595
20667269656e647368697073	34596
20417264	34597
20323331	34598
20527562696e	34599
2044697374616e6365	34600
2073707572726564	34601
20646f7373696572	34602
206f7665726c6f6f6b696e67	34603
5c5c5c5c5c5c5c5c5c5c5c5c5c5c5c5c	34604
466f72657374	34605
20436f6d6573	34606
5c222c	34607
204972616e69616e73	34608
206669787475726573	34609
4c6175676873	34610
206375727279	34611
204b696e6773746f6e	34612
20737175617368	34613
20636174616c6f677565	34614
2061626e6f726d616c6974696573	34615
20646967657374697665	34616
2e2e2e2e2e2e2e2e2e	34617
207375626f7264696e617465	34618
6f676c79	34619
20323439	34620
4d6964646c65	34621
206d6173736163	34622
2062757267657273	34623
20646f776e737461697273	34624
2031393331	34625
333934	34626
205647	34627
206c6173657273	34628
2053696b68	34629
20416c657861	34630
64657269766564	34631
206379636c697374	34632
e381aee9ad94	34633
6f6e656c696e657373	34634
2121212121212121	34635
206275666673	34636
6c6567617465	34637
20726170696e67	34638
207265636f6d6d656e64696e67	34639
726f726564	34640
206d756c746963756c747572616c	34641
756e69717565	34642
20627573696e6573736d656e	34643
20756e65617379	34644
204d4150	34645
20646973706572736564	34646
6369706c696e65	34647
4a657373	34648
204b6572616c61	34649
e5a7	34650
206162737472616374696f6e	34651
53757276	34652
5568	34653
207072696e74657273	34654
696a61	34655
6f77646572	34656
20616e616c6f676f7573	34657
20415350	34658
61666572	34659
20756e666f6c646564	34660
206c6576656c696e67	34661
206272656163686564	34662
2048656172696e67	34663
206e6174	34664
207472616e736c6174696e67	34665
637269746963616c	34666
20616e7461676f6e697374	34667
20596573746572646179	34668
2066757a7a79	34669
77617368	34670
6d657265	34671
20626577696c64	34672
204d6165	34673
56697267696e	34674
706872617365	34675
207369676e616c6564	34676
2048494748	34677
2070726f746573746572	34678
206761726e6572	34679
756e6b6e6f776e	34680
206b6179	34681
206162647563746564	34682
207374616c6b696e67	34683
616d6e	34684
20646573657276696e67	34685
20526976	34686
204a6f726765	34687
2073637261746368696e67	34688
20536176696e67	34689
6970696e67	34690
207465617365	34691
206d697373696f6e617279	34692
204d6f72726f77	34693
54494d45	34694
50726573656e74	34695
206368656d6f74686572617079	34696
7465726e657373	34697
20486f6d6573	34698
20507572647565	34699
20737461756e6368	34700
20576869746e6579	34701
205448455245	34702
cebc	34703
6961747573	34704
2045726e657374	34705
204465706c6f79	34706
20636f7665746564	34707
464d4c	34708
204469616c6f677565	34709
20657869746564	34710
6672756974	34711
206e657264	34712
223a22222c22	34713
207669766f	34714
72756c79	34715
343630	34716
20416d656e	34717
726568656e7369626c65	34718
20e298	34719
444952	34720
206164686572656e6365	34721
2063686577	34722
20436f6b65	34723
20536572676569	34724
6469676974616c	34725
204e65636b	34726
67656e746c79	34727
656e7468616c	34728
2f29	34729
207765617279	34730
206775697365	34731
20436f6e636f7264	34732
204f6e696f6e	34733
617463686572	34734
2062696e6765	34735
20446972656374697665	34736
206d616e6e6564	34737
616e736b	34738
20696c6c7573696f6e73	34739
2062696c6c696f6e6169726573	34740
333833	34741
6f6c796e	34742
6f64796e616d6963	34743
205768656174	34744
20416c6963	34745
20636f6c6f75726564	34746
204e41465441	34747
61626f	34748
206d6163726f73	34749
696e646570656e64656e74	34750
7377656574	34751
2073706163	34752
204b6162756c	34753
20c4	34754
656d65	34755
206469637461746564	34756
2073686f757473	34757
3d7b	34758
2072697070696e67	34759
2053686179	34760
20437269636b6574	34761
6469726563746564	34762
20616e616c79736564	34763
2057415252414e54	34764
61676f6e73	34765
20426c617a657273	34766
2063686565726564	34767
2061726974686d65746963	34768
2054616e7a	34769
333733	34770
20466c616773	34771
20323935	34772
2077697463686573	34773
20496e636c75646564	34774
204761696e6564	34775
20426c61646573	34776
47616d	34777
2053616d616e746861	34778
2041746c616e746973	34779
205072617474	34780
2073706f696c6564	34781
204942	34782
2052616d6972657a	34783
50726f6261626c79	34784
7265726f	34785
204e67	34786
205761726c6f636b	34787
7470	34788
206f7665726865	34789
2061646d696e697374726174696f6e73	34790
2074696e74	34791
20726567696d656e74	34792
20706973746f6c73	34793
20626c616e6b657473	34794
206570697374	34795
20626f776c73	34796
206879647261756c6963	34797
206465616e	34798
206a756e67	34799
20617363656e64	34800
373035	34801
2053616e746961676f	34802
c3ae	34803
20756e61766f6964	34804
205368616d616e	34805
726562	34806
207374656d6d696e67	34807
393938	34808
204d47	34809
737469636b73	34810
6573746865736961	34811
45524f	34812
206d6f72626964	34813
204772696c6c	34814
20506f65	34815
616e796c	34816
2064656c6574696e67	34817
205375727665696c6c616e6365	34818
2064697265637469766573	34819
20697465726174696f6e73	34820
20526f78	34821
204d696c6b79	34822
466174686572	34823
20706174656e746564	34824
343437	34825
20707265637572736f72	34826
206d616964656e	34827
205068656e	34828
20566567616e	34829
20506174656e74	34830
4b656c6c79	34831
5265646469746f72	34832
206e6f6473	34833
2076656e74696c6174696f6e	34834
205363687761727a	34835
2077697a61726473	34836
206f6d696e6f7573	34837
204865616473	34838
204247	34839
206c756d626572	34840
20537069656c	34841
206973456e61626c6564	34842
20616e6365737472616c	34843
205368697073	34844
2077726573746c6572	34845
706869	34846
207975616e	34847
20526562656c6c696f6e	34848
2069636562657267	34849
206d61676963616c6c79	34850
20646976657273696f6e	34851
6172726f	34852
7974686d	34853
20526964657273	34854
20526f62626965	34855
204b617261	34856
204d61696e74656e616e6365	34857
2048657262	34858
206861726d73	34859
7061636b6564	34860
204665696e737465696e	34861
206d61727279696e67	34862
20626c656e64696e67	34863
205261746573	34864
2031383830	34865
207772696e6b	34866
20556e6368	34867
20546f726368	34868
646573637269626564	34869
2068756d616e6f6964	34870
696c69746174696e67	34871
20436f6e76	34872
2046656c64	34873
4947485453	34874
2077686973746c65626c6f776572	34875
6f72746d756e64	34876
65747379	34877
617272657474	34878
204d6f6e6f	34879
20496b65	34880
20434e4243	34881
20574159	34882
204d444d41	34883
20496e646976696475616c73	34884
20737570706c656d656e74616c	34885
20706f776572686f757365	34886
2053747275	34887
466f637573	34888
61706861656c	34889
20436f6c6c6567	34890
61747469	34891
5a41	34892
20706572656e6e	34893
205369676e6174757265	34894
20526f646e6579	34895
206375626573	34896
6964646c6564	34897
2044616e7465	34898
20494e56	34899
696c696e6775616c	34900
20437468	34901
20736f6661	34902
20696e74696d6964617465	34903
20526f65	34904
204469706c6f6d	34905
20436f756e7472696573	34906
6179736f6e	34907
206578747261646974696f6e	34908
2064697361626c696e67	34909
2043617264696666	34910
206d656d6f72616e64756d	34911
205472616365	34912
203f3f3f	34913
736563746f72	34914
20526f7568616e69	34915
205961746573	34916
20467265657a65	34917
20626c6164646572	34918
4d6f746f72	34919
2050726f6d697365	34920
616e74617379	34921
20666f726573656561626c65	34922
20436f6c6f676e65	34923
636f6e7461696e6572	34924
205472656573	34925
20476f7273	34926
2053696e636c616972	34927
2062617272696e67	34928
6b657965	34929
20736c6173686564	34930
20537461746973746963616c	34931
e987	34932
20e296ba	34933
416c6c6f7773	34934
2068756d696c697479	34935
206472696c6c6564	34936
204675726e	34937
343433	34938
20736577616765	34939
20686f6d6570616765	34940
20636f75727479617264	34941
2076696c65	34942
20737562736964696172696573	34943
616a6f	34944
6469726563746f7279	34945
20616d6d6f6e	34946
56657273	34947
63686172676573	34948
207d7d	34949
20436861696e73	34950
20323436	34951
6e6f62	34952
2070657263657074	34953
2067726974	34954
206669736865726d656e	34955
20497261716973	34956
204449535452	34957
2046554c4c	34958
204576616c756174696f6e	34959
6772617068	34960
617469616c	34961
20636f6f7065726174696e67	34962
206d656c616e	34963
20656e6c69676874656e6564	34964
20616c69	34965
7461696c6564	34966
2073616c757465	34967
207765616b657374	34968
2042756c6c646f6773	34969
5541	34970
20416c6c6f79	34971
2073656d656e	34972
6f63656e65	34973
2057696c6c69616d736f6e	34974
737072	34975
2ce28094	34976
204746	34977
697474656e73	34978
42656174	34979
204a756e6b	34980
697068617465	34981
204661726d657273	34982
20426974636f696e73	34983
6967657273	34984
6468	34985
204c6f79616c	34986
7061796572	34987
20656e7465727461696e6564	34988
2070656e6e6564	34989
20636f75706f6e	34990
5175657565	34991
207765616b656e696e67	34992
6361727279	34993
20756e646572657374696d617465	34994
2073686f6f746f7574	34995
206368617269736d61746963	34996
2050726f636564757265	34997
2070727564656e74	34998
696e616e636573	34999
20726963686573	35000
20636f72746963616c	35001
2073747269646573	35002
2064726962	35003
204f696c657273	35004
353430	35005
20506572666f726d	35006
2042616e676b6f6b	35007
2065757468	35008
534552	35009
2073696d706c6973746963	35010
746f7073	35011
63616d706169676e	35012
5175616c697479	35013
20696d706f7665726973686564	35014
20456973656e686f776572	35015
206175676d656e74	35016
2048617264656e	35017
20696e74657276656e6564	35018
206c697374656e73	35019
204b6f6b	35020
2073616765	35021
2072756262697368	35022
20446564	35023
206d756c6c	35024
70656c6c696e67	35025
20766964656f74	35026
50726f64756374696f6e	35027
444a	35028
6d696168	35029
2061646170746174696f6e73	35030
206d65646963616c6c79	35031
20626f6172646564	35032
206172726f67616e6365	35033
207363726170706564	35034
206f707072657373	35035
464f524d4154494f4e	35036
206a756e6374696f6e	35037
343135	35038
45454545	35039
536b696c6c	35040
207375626475	35041
2053756767657374	35042
2050657474	35043
206c657474	35044
204d616e6970	35045
20436166	35046
20436f6f7065726174696f6e	35047
54686572	35048
2072656761696e6564	35049
b6e6	35050
7265666c656374	35051
207468756773	35052
205368656c6279	35053
206469637461746573	35054
205765696e6572	35055
2048616c65	35056
20626174746c6567726f756e64	35057
736368696c64	35058
20636f6e646f6c	35059
68756e74	35060
6f7369746f72696573	35061
2061636375736573	35062
46696c656e616d65	35063
2073687269	35064
206d6f746976617465	35065
207265666c656374696f6e73	35066
4e756c6c	35067
204c6f626279	35068
a5b5	35069
2053415441	35070
204261636b7570	35071
d183	35072
6e696e	35073
20436f7272656374696f6e	35074
206a75696379	35075
75747261	35076
2050726963	35077
20726573747261696e696e67	35078
20416972626e62	35079
20417272657374	35080
20617070726f7072696174696f6e73	35081
20736c6f706573	35082
206d616e736c61756768746572	35083
20776f726b696e6773	35084
2048757373	35085
2046726579	35086
4c65617665	35087
204861726d6f6e79	35088
204665646572	35089
20343330	35090
207472656e6368	35091
20676c61646c79	35092
2062756c6c70656e	35093
20476175	35094
626f6e6573	35095
2067726f6f7665	35096
2070726574657874	35097
e3858b	35098
207472616e736d6974746572	35099
20436f6d706f6e656e74	35100
20756e646572616765	35101
20456d7069726573	35102
54696c65	35103
206f79	35104
204d617276696e	35105
20434153	35106
20626c6f7373	35107
207265706c696361746564	35108
204d6172696e657273	35109
4d6172637573	35110
20426c6f636b73	35111
206c6962657261746564	35112
20627574746572666c79	35113
4665656c	35114
206665726d656e746174696f6e	35115
20796f7574756265	35116
206f6666656e64	35117
205465726d	35118
726573697374	35119
20636573736174696f6e	35120
20696e73757267656e6379	35121
20626972	35122
205261697365	35123
353935	35124
206879706f746865736573	35125
353032	35126
20706c61717565	35127
6f63726174	35128
206a61636b657473	35129
2048756666506f7374	35130
616d6f6e67	35131
20636f6e666572	35132
343837	35133
204c696c6c79	35134
206164617074696e67	35135
20466179	35136
2073686f766564	35137
766563	35138
20726566696e65	35139
20676f6e	35140
2067756e6d656e	35141
7a6169	35142
2053687574746c65	35143
20497a616e	35144
2031393133	35145
20706c6574686f7261	35146
c2b7c2b7	35147
20353130	35148
2070756265727479	35149
20323431	35150
205765616c7468	35151
20416c6d61	35152
204d454d	35153
204164756c7473	35154
436173	35155
707269736f6e	35156
52616365	35157
20776174657270726f6f66	35158
206174686c6574696369736d	35159
206361706974616c697a65	35160
204a75696365	35161
20696c6c756d696e61746564	35162
2050617363616c	35163
2069727269746174696f6e	35164
205769746e6573736573	35165
61646c65	35166
20417374726f	35167
20666178	35168
20456c766973	35169
5072696d617279	35170
204c696368	35171
20456c766573	35172
207265736964696e67	35173
207374756d626c65	35174
333139	35175
20504b4b	35176
206164766572736172696573	35177
444f53	35178
2052697475616c	35179
20736d656172	35180
206172736f6e	35181
6964656e74616c	35182
207363616e74	35183
206d6f6e6172636879	35184
2068616c6674696d65	35185
2072657369647565	35186
20696e6469676e	35187
20536861756e	35188
20456c6d	35189
61757269	35190
416666	35191
5741544348	35192
204c796f6e	35193
68656c7073	35194
333631	35195
206c6f626279697374	35196
2064696d696e697368696e67	35197
206f7574627265616b73	35198
20676f617473	35199
6661766f72697465	35200
204e6168	35201
736f6e69616e	35202
20426f6f73746572	35203
2073616e64626f78	35204
2046617265	35205
204d616c7461	35206
20617474526f74	35207
204d4f52	35208
6c6465	35209
206e617669676174696e67	35210
546f756368	35211
20756e74727565	35212
204469736173746572	35213
206c75646963726f7573	35214
50617373776f7264	35215
204a464b	35216
626c6f6773706f74	35217
343136	35218
20554e444552	35219
65726e616c	35220
2064656c6179696e67	35221
544f50	35222
20696d706c616e7473	35223
20415647	35224
2048756765	35225
61747472	35226
206a6f75726e616c6973746963	35227
20506579746f6e	35228
204941	35229
526170	35230
676f616c	35231
2050726f6772616d6d65	35232
20736d617368696e67	35233
7769766573	35234
7072696e746c6e	35235
20506c61677565	35236
696e7573	35237
454550	35238
2063727569736572	35239
20506172697368	35240
756d696e69756d	35241
206f63637570616e7473	35242
204a69686164	35243
6d6f70	35244
2070696e74	35245
2068656374	35246
204d65636361	35247
6469726563746f72	35248
2046756e64696e67	35249
204d69786564	35250
2073746167	35251
54696572	35252
2067757374	35253
206272696768746c79	35254
6f727369	35255
20757068696c6c	35256
5244	35257
206c6573696f6e73	35258
2042756e6479	35259
6c6976696f7573	35260
2062696f6c6f67697374	35261
20466163756c7479	35262
20417574686f72697a6174696f6e	35263
20323434	35264
416c6c6f77	35265
efb8	35266
204769756c	35267
2070657274696e656e74	35268
6f74617572	35269
65737365	35270
20526f6f66	35271
20756e6d616e6e6564	35272
333531	35273
205368616b	35274
204f7269656e74	35275
20656e64616e676572	35276
446972	35277
207265706c656e	35278
656469656e74	35279
207461696c6f72	35280
2067616467657473	35281
2061756469626c65	35282
e29886	35283
4e696365	35284
20626f6d62617264	35285
2052617065	35286
2064656669616e6365	35287
2054574f	35288
2046696c6970696e6f	35289
20756e6166666563746564	35290
657276617469766573	35291
20736f61726564	35292
20426f6c746f6e	35293
20636f6d70726f6d6973696e67	35294
2042726577657273	35295
52414c	35296
2041484c	35297
696379636c65	35298
2076616d7069726573	35299
20646970706564	35300
6f796572	35301
2058494949	35302
207369646577617973	35303
205761737465	35304
2044697373	35305
20e2949ce29480e29480	35306
242e	35307
206861626974617473	35308
2042656566	35309
7472757468	35310
747261696e6564	35311
73706c6974	35312
527573	35313
416e6479	35314
204272616d	35315
524550	35316
706964	35317
e8a385	35318
204d7574616e74	35319
416e696d	35320
204d6172696e61	35321
20667574696c65	35322
68696768657374	35323
6672657175656e6379	35324
206570696c65707379	35325
20636f70696e67	35326
20636f6e63697365	35327
2074726163696e67	35328
2053554e	35329
70616e656c	35330
20536f70686965	35331
2043726f776c6579	35332
2041646f6c66	35333
2053686f6f746572	35334
207368616b79	35335
204947	35336
204c696573	35337
20426172626572	35338
706b67	35339
20757074616b65	35340
207072656461746f7279	35341
554c5453	35342
2f2a2a	35343
20696e746f78696361746564	35344
205765737462726f6f6b	35345
6f64646572	35346
68656d656e74	35347
20626173656d616e	35348
415044	35349
73746f72616765	35350
204669667479	35351
656469746f72	35352
47454e	35353
5554494f4e	35354
697274696e67	35355
20736577696e67	35356
72696674	35357
2061676f6e79	35358
2053616e6473	35359
20323534	35360
43617368	35361
206c6f646765	35362
2070756e74	35363
4e61747572616c	35364
204964656173	35365
206572726f6e656f7573	35366
2053656e736f72	35367
2048616e6e697479	35368
2031393231	35369
206d6f756c64	35370
20476f6e	35371
6b617961	35372
20616e6f6e796d6f75736c79	35373
204b4559	35374
2073696d756c61746f72	35375
57696e746572	35376
2073747265616d6564	35377
353037	35378
3f222c	35379
20746561736564	35380
20636f656666696369656e74	35381
2077617274696d65	35382
20544852	35383
27272e	35384
2042616e6b696e67	35385
6d70697265	35386
2066616e646f6d	35387
206c6961	35388
4761	35389
20646f776e68696c6c	35390
20696e74657270726574696e67	35391
496e646976696475616c	35392
4e6f726d	35393
206a65616c6f757379	35394
626974636f696e	35395
20706c65617375726573	35396
20546f7973	35397
2043686576726f6c6574	35398
2041647669736f72	35399
495a45	35400
20726563657074696f6e73	35401
373036	35402
43726f	35403
20323632	35404
20636974727573	35405
697275	35406
5265766965776572	35407
6a6563746564	35408
554553	35409
616e7a	35410
31393831	35411
20576f726b6572	35412
20636f6d706c696564	35413
6f72657363656e74	35414
636f6e74696e656e74616c	35415
546f6e	35416
20507269736d	35417
205368656570	35418
20323838	35419
6e6f78	35420
20566f67	35421
4f7264	35422
207265616c6d73	35423
74656b	35424
2069727269676174696f6e	35425
2062696379636c6573	35426
20656c656374726f6e6963616c6c79	35427
706f6c79	35428
74616c6c	35429
2829293b	35430
2061657374686574696373	35431
20496e7465677261746564	35432
4578706c6f7265	35433
2064756e6b	35434
343736	35435
7061696e	35436
204a616371756573	35437
20446d6974	35438
4672616d6573	35439
207265756e69746564	35440
2068756d6964	35441
44726f	35442
506f6c69746963616c	35443
20796f75746866756c	35444
20656e7461696c73	35445
206d6f73717569746f	35446
333633	35447
73706563696573	35448
20636f6f7264696e6174696e67	35449
204d617968656d	35450
204d61676e7573	35451
4d6f756e74	35452
496d70726f766564	35453
205354415445	35454
4154544c45	35455
20666c6f776564	35456
207461636b6c6564	35457
2066617368696f6e6564	35458
2072656f7267616e	35459
6976617269	35460
66696e676572	35461
2072656c756374616e746c79	35462
657474696e67	35463
2056616e64	35464
796f756e67	35465
204761726c616e64	35466
2070726573756d7074696f6e	35467
20616d656e6974696573	35468
20506c656173616e74	35469
6f6e656e7469616c	35470
204f7879	35471
206d6f72616c73	35472
20596168	35473
5265616479	35474
53696d6f6e	35475
456e68	35476
44656d6f6e	35477
20636c696368	35478
4d6f6e69746f72	35479
204455	35480
2077656c636f6d6573	35481
207374616e646f7574	35482
20647265616466756c	35483
2062616e616e6173	35484
2062616c6c6f6f6e73	35485
686f6f74696e67	35486
6261736963	35487
20737566666978	35488
2064756c79	35489
63616e6f	35490
436861696e	35491
61746f73	35492
2067656f706f6c69746963616c	35493
202826	35494
2047656d696e69	35495
c383c382c383c382c383c382c383c382c383c382c383c382c383c382c383c382c383c382c383c382c383c382c383c382c383c382c383c382c383c382c383c382c383c382c383c382c383c382c383c382c383c382c383c382c383c382c383c382c383c382c383c382c383c382c383c382c383c382c383c382c383c382c383c382	35496
20616371756974746564	35497
4c75636b	35498
70726f74656374	35499
31303234	35500
207363617263697479	35501
206d696e6466756c6e657373	35502
656369646564	35503
444e	35504
7072696d65	35505
20507265736964656e7473	35506
20564944454f	35507
2028e28892	35508
6164646f636b	35509
4e4f52	35510
20507275	35511
70756e	35512
204c4f4c	35513
29292929	35514
204c697175	35515
20534153	35516
207374796c696e67	35517
2070756e6973686d656e7473	35518
206e756d62	35519
2061736365727461696e	35520
20526f636b696573	35521
666c75	35522
5468756d626e61696c	35523
207065727065747261746564	35524
2053656d69	35525
2064697361726d	35526
204f6c646572	35527
20457863657074696f6e	35528
206578706f6e656e7469616c6c79	35529
20436f6d6d756e6974696573	35530
2061626f6c697368	35531
20506172746e6572	35532
70746f6d73	35533
20373737	35534
20466f6c6579	35535
204361736573	35536
20677265617365	35537
2052656269727468	35538
47726f756e64	35539
203b29	35540
20446f637472696e65	35541
696b696e69	35542
5965	35543
20426c6f73736f6d	35544
207065727369737473	35545
62696c6c	35546
20696e667573696f6e	35547
2062756464696573	35548
393131	35549
2050617469656e74	35550
2064656d6f73	35551
206163717561696e74616e6365	35552
20506177	35553
6174617269	35554
20786d6c	35555
2066617363696e6174696f6e	35556
205365727665	35557
cf82	35558
6272616e646564	35559
20617a	35560
52657475726e73	35561
206f766572736861646f77	35562
20726f616d	35563
20737065656479	35564
6e756d6265726564	35565
68656c69616c	35566
206469736369706c65	35567
206173737572616e636573	35568
676976656e	35569
70656374696e67	35570
204e6174616c6965	35571
e794b0	35572
206d6f73717569746f6573	35573
726f7465696e	35574
206e756d65726963	35575
20696e646570656e64656e7473	35576
207472616e736974696f6e616c	35577
207265616374696f6e617279	35578
204d656368647261676f6e	35579
646f63746f72	35580
2073686f7274657374	35581
2073657175656e7469616c	35582
20426163	35583
204163636f756e7473	35584
e3818c	35585
61636879	35586
72616374697665	35587
20526567696d656e74	35588
2062726561746874616b696e67	35589
6666696369656e6379	35590
204261746573	35591
20333131	35592
2077617264726f6265	35593
667473	35594
204265726b	35595
53696d706c79	35596
20526976657273696465	35597
69766572696e67	35598
6964656e7469616c	35599
6c7563656e74	35600
20656e726963686564	35601
20436f6e766572	35602
20476976696e67	35603
e38399	35604
206c6567616c697a65	35605
20465443	35606
20667265616b696e67	35607
4d6978	35608
20746572726573747269616c	35609
657369616e	35610
6369656e7473	35611
57696e67	35612
4c4f4144	35613
206c65646765	35614
2056696f6c656e74	35615
204d6574616c6c	35616
20333038	35617
20736f7574686561737465726e	35618
686574746f	35619
4d656174	35620
20736c6f77646f776e	35621
20726574726561746564	35622
4a6572656d79	35623
656e646173	35624
2a2a2a2a2a	35625
65726963	35626
207265696e73	35627
6f707061626c65	35628
2048756d616e697479	35629
656172616e636573	35630
726967616e	35631
43616d657261	35632
2077616976657273	35633
736f63	35634
20616c7465726174696f6e	35635
7472616e73666f726d	35636
2043656d6574657279	35637
353036	35638
20696e646566696e697465	35639
207374696d756c6174696e67	35640
7967	35641
363033	35642
20536f70	35643
206465736372697074697665	35644
5068617365	35645
2045646d756e64	35646
20706e65756d6f6e6961	35647
76656e747573	35648
416d62	35649
206c61626f7261746f72696573	35650
204578636c7573697665	35651
75676172	35652
57657265	35653
206d616c66756e6374696f6e	35654
20686f6d6f73657875616c73	35655
202d2d2d2d2d2d2d	35656
756e69	35657
2074757262696e6573	35658
20457175697479	35659
4475	35660
206d696e646564	35661
205248	35662
20426c61636b6861776b73	35663
206665617473	35664
2031373030	35665
7265706c	35666
333632	35667
6c6164656e	35668
20696e64697370656e7361626c65	35669
6c797373	35670
747469	35671
207265656c	35672
206469766572746564	35673
206c696b656e657373	35674
20737562736372697074696f6e73	35675
2066696e67657274	35676
2066696c746879	35677
6465737472756374	35678
6472616674	35679
204265726e617264696e6f	35680
6c61756e6368	35681
20706572706c6578	35682
2053554d	35683
63617262	35684
2073776561746572	35685
2056656e74757265	35686
204a6167	35687
2043656c6562	35688
20566f74657273	35689
20737465616466617374	35690
206174686c6574696373	35691
2048616e736f6e	35692
2044726163	35693
547261636b6572	35694
20636f6d6d656e64	35695
20507265736964656e6379	35696
20444944	35697
696e666f726d6564	35698
2077656270616765	35699
507265747479	35700
20666f72636566756c6c79	35701
e38383e382af	35702
2072656c6f636174696f6e	35703
20736174697265	35704
e289	35705
2053756e6465726c616e64	35706
e684	35707
566f696365	35708
3f3f3f3f3f3f3f3f	35709
20696e666f726d616e74	35710
20626f77656c	35711
20556e69666f726d	35712
202e2e2e22	35713
207075726765	35714
207069636e6963	35715
20556d62	35716
20555044415445	35717
205361707068697265	35718
205374616c6c	35719
6c6561726e	35720
206f626a6563746976656c79	35721
206f626c69746572	35722
206c6f6f70686f6c65	35723
206a6f75726e657973	35724
206f6d697373696f6e	35725
50726f73	35726
205369646e6579	35727
706c6f6d61	35728
2073707261796564	35729
2067757275	35730
2074726169746f72	35731
2074696d6574	35732
20736e617070696e67	35733
20536576656e74	35734
75726e616c	35735
20556b6970	35736
20626f776564	35737
706f72616c	35738
6c69626572616c	35739
526f73	35740
5175657374696f6e73	35741
694f53	35742
2073756d6d6172697a65	35743
53544154	35744
2031383530	35745
6170657374	35746
206c656e646572	35747
205661726961626c65	35748
6272696e67696e67	35749
204c4f5244	35750
2c29	35751
20636f6c6c6170736573	35752
7869657479	35753
204e6564	35754
5944	35755
2053636861	35756
20616e7469626f6479	35757
2064697362616e64	35758
797265	35759
696c6c7573696f6e	35760
20726f766572	35761
73686564	35762
204869726f7368	35763
636369	35764
2063616c616d	35765
204d6f72746f6e	35766
50696e746572657374	35767
2031393238	35768
204575726173	35769
6f72646573	35770
2066656e636573	35771
20496e76656e746f7279	35772
2056616c656e636961	35773
205564	35774
2054696666	35775
2073717565	35776
2071756f746174696f6e	35777
2074726f75626c65736f6d65	35778
65726b6572	35779
5155455354	35780
204b696e67646f6d73	35781
736f757468	35782
206c657679	35783
5072696e6365	35784
205374696e67	35785
206e69636b6e616d6564	35786
2061707065	35787
2070686f746f67726170686963	35788
20636f72707573	35789
7265666572656e6365	35790
2054726f67	35791
556e74	35792
293d28	35793
204c6174766961	35794
2061637469766174696e67	35795
206c6963656e736565	35796
206469737061726974696573	35797
204e6577736c6574746572	35798
e38383e38388	35799
2066726565696e67	35800
204a656570	35801
2050657263657074696f6e	35802
696e736b	35803
2073696c69636f6e65	35804
2048617964656e	35805
4c65616e	35806
2053757a756b69	35807
696272617269616e	35808
363638	35809
2073706f72	35810
20636f7272656c6174696f6e73	35811
61676865747469	35812
207475626572	35813
2049504343	35814
696c7573	35815
205675	35816
207765616c746869657374	35817
2043617262756e636c65	35818
616e7a61	35819
20666f6f6c6564	35820
205a7572	35821
206461646479	35822
72616e6f	35823
696c69616e	35824
206b6e6f636b6f7574	35825
666d616e	35826
7265717569726564	35827
2057696b696c65616b73	35828
204475666679	35829
4f4e54	35830
20696e736f6c	35831
204f626a65637473	35832
20626f75	35833
204e6f72646963	35834
20496e73657274	35835
7363616e	35836
2064616e63657273	35837
206964696f7473	35838
6d616a6f72697479	35839
204e6576696c6c65	35840
2046726565425344	35841
2074617274	35842
70616e6963	35843
363930	35844
20636f636f61	35845
2073616d706c6564	35846
206c6f6f6b7570	35847
496e64757374	35848
20696e6a656374696f6e73	35849
67656e7265	35850
206175	35851
20726f6164776179	35852
2067656e6974616c73	35853
4b696e64	35854
204578616d696e6572	35855
2059617a	35856
4672657368	35857
20706172616c79736973	35858
20416c756d696e756d	35859
2072656170	35860
6f6bc3a9	35861
20736c6f707079	35862
2054756e6e656c	35863
706f7369756d	35864
6e657279	35865
656e6963	35866
2068657262616c	35867
204f75746572	35868
204275696c646572	35869
20696e637572	35870
206964656f6c6f67696573	35871
206261636b757073	35872
636f6e73756d696e67	35873
20446574656374	35874
6465636b	35875
204b4e4f57	35876
2047726574	35877
204d4943	35878
20746f7567686e657373	35879
2045786869626974	35880
2068697665	35881
4c6573	35882
205343484f4f4c	35883
204174617269	35884
616c6465	35885
204e756c6c	35886
616e64657374696e65	35887
6d6f757365	35888
2062726967616465	35889
343839	35890
207265766f6c	35891
204c6177736f6e	35892
20576168	35893
6f706f6c79	35894
6562746564	35895
205361756e64657273	35896
20333133	35897
2057696e63	35898
207461626f6f	35899
2048656c6d6574	35900
207765646765	35901
63686970	35902
2054696e61	35903
6267	35904
20696e66757269	35905
726e	35906
20616e6f6d616c696573	35907
2053796e63	35908
204578616d	35909
20436f6d6d6974	35910
204469617279	35911
20414c534f	35912
204465626f72	35913
6f6d65646963616c	35914
20636f6d70726568656e73696f6e	35915
363535	35916
20656d706f776572696e67	35917
20697265	35918
206a7569636573	35919
20455448	35920
20426f78696e67	35921
3d222f	35922
20666163696c697461746564	35923
706f6b65	35924
20506172736f6e73	35925
204d6f646572	35926
74726176656c	35927
20636976696c697a6174696f6e73	35928
206c6962657274617269616e73	35929
2072756e65	35930
20436c61726b73	35931
6174686564	35932
2063616d706169676e657273	35933
204469737061746368	35934
2046616872656e68656974	35935
20436170636f6d	35936
2d2d2d2d2d2d2d2d2d2d	35937
206c616365	35938
20647261696e696e67	35939
206c696e6572	35940
204172746966696369616c	35941
c3a96e	35942
7461736b	35943
5d292e	35944
20474d4f	35945
204f70657261746f72	35946
6f7264696e617279	35947
20496e666c75656e6365	35948
20557073	35949
20706f74656e6379	35950
757373656e	35951
6f73706f6e73	35952
205377696d	35953
20446561646c696e65	35954
556e697479	35955
2063756c696e617279	35956
20656e6c69676874656e6d656e74	35957
20776561726572	35958
206d696e6564	35959
20706c79	35960
20696e63657374	35961
2044564473	35962
57616c6b	35963
425443	35964
5472616465	35965
20646576616c	35966
6962616e64	35967
204f7665727369676874	35968
50616c657374696e69616e	35969
2064617274	35970
206d756c	35971
4c52	35972
2072656d6f7661626c65	35973
205265616c6d73	35974
ec9d	35975
206d6973636172	35976
2056756c6b616e	35977
363835	35978
c3a87265	35979
20536170	35980
206d657267696e67	35981
204361726c79	35982
63686573746572	35983
20627269736b	35984
206c75787572696f7573	35985
2047656e657261746f72	35986
206269747465726e657373	35987
20656469626c65	35988
20323433	35989
5447	35990
2072656374616e676c65	35991
576974684e6f	35992
62656c6f77	35993
4a656e6e	35994
206461726b657374	35995
206869746368	35996
20646f73616765	35997
2073636176656e	35998
204b656c6c6572	35999
20496c6c7573747261746564	36000
4365727461696e6c79	36001
204d6176657269636b73	36002
4d617267696e616c	36003
206469617272686561	36004
20656e6f726d6f75736c79	36005
20393939	36006
736872	36007
7175617274	36008
206164616d616e74	36009
204d6577	36010
2072656e6f766174696f6e	36011
20636572766963616c	36012
2050657263656e74616765	36013
656e657273	36014
204b696d626572	36015
20666c6f617473	36016
20646578	36017
2057697463686572	36018
205377616e736561	36019
646d	36020
2073616c7479	36021
79656c6c6f77	36022
2063617065	36023
20447261696e	36024
205061756c61	36025
20546f6c65646f	36026
6c657369	36027
4d6167617a696e65	36028
205769636b	36029
204d6e	36030
2041636b	36031
20526964696e67	36032
41534f4e	36033
20686f6d6f70686f626963	36034
415250	36035
2077616e6465726564	36036
435055	36037
6f6f646f6f	36038
2050697065	36039
207469676874656e696e67	36040
2042757474	36041
333138	36042
206465736572746564	36043
53657373696f6e	36044
20666163696c69746174696e67	36045
4a756d70	36046
20656d657267656e63696573	36047
4f574552	36048
2065786861757374697665	36049
204146544552	36050
20686561727462656174	36051
204c6162656c	36052
61636b79	36053
20436572746966696564	36054
696c74726174696f6e	36055
5a65	36056
20557474	36057
2031333030	36058
2070726573756d65	36059
2044697370	36060
20737572676564	36061
20646f6c6c73	36062
436f6c756d62	36063
206368696d70616e	36064
2052617a6f72	36065
207469636b73	36066
20636f756e63696c6c6f72	36067
2070696c6772696d616765	36068
20526562656c73	36069
205143	36070
2041756374696f6e	36071
786961	36072
696b6b	36073
62726564	36074
20696e73657274696f6e	36075
20636f61727365	36076
6442	36077
534545	36078
205a6170	36079
20466f6f	36080
20636f6e74656d706f72	36081
20517561727465726c79	36082
6f74696f6e73	36083
20416c6368656d697374	36084
2054726579	36085
2044756f	36086
5377656574	36087
383034	36088
2047696f76	36089
2066756e6e	36090
4e696e	36091
686f6666	36092
2072616d696669636174696f6e73	36093
2031393232	36094
2045787065727473	36095
617a6573	36096
206761726d656e7473	36097
617269616c	36098
204e6162	36099
20323537	36100
20566564	36101
2068756d6f726f7573	36102
20506f6d7065	36103
206e796c6f6e	36104
206c75726b696e67	36105
20536572676579	36106
204d6174746973	36107
206d69736f67796e79	36108
20436f6d706f6e656e7473	36109
205761746368696e67	36110
20466f6c6b	36111
726163746963616c	36112
42757368	36113
207461706564	36114
2067726f7570696e67	36115
206265616473	36116
2032303438	36117
20636f6e6475	36118
71756572717565	36119
52656164696e67	36120
206772696576616e636573	36121
556c747261	36122
20656e64706f696e74	36123
486967	36124
20537461746963	36125
2053636172626f726f756768	36126
4c7561	36127
204d65737369	36128
617175	36129
205073794e6574	36130
2052756464	36131
206176656e7565	36132
7670	36133
4a6572	36134
207368616479	36135
20526573697374	36136
20417274656d6973	36137
20636172656c657373	36138
2062726f6b657273	36139
2074656d706572616d656e74	36140
20353230	36141
54616773	36142
205475726e696e67	36143
2075747465726564	36144
2070656464	36145
20696d70726f7669736564	36146
203a28	36147
207461626c	36148
20706c61696e73	36149
31363030	36150
7072657373757265	36151
20457373656e6365	36152
6d617267696e	36153
667269656e6473	36154
20526573746f726174696f6e	36155
20706f6c6c7574	36156
20506f6b6572	36157
20417567757374696e65	36158
20434953	36159
205345414c	36160
6f72616d61	36161
20746877617274	36162
7365656b	36163
20706167616e	36164
c2ba	36165
637075	36166
206761726e	36167
206173736f72746d656e74	36168
20494c4353	36169
746f776572	36170
5265636f6d6d656e646564	36171
20756e626f726e	36172
2052616e646f6d5265646469746f72	36173
2052616e646f6d5265646469746f72576974684e6f	36174
20706172616c797a6564	36175
206572757074696f6e	36176
20696e74657273656374	36177
2053746f6b65	36178
2053636f	36179
42696e64	36180
e5be	36181
20504e47	36182
204e65676174697665	36183
204e4f4141	36184
4c656f6e	36185
20616c6c6f79	36186
204c616d61	36187
20446976657273697479	36188
353735	36189
20756e646572657374696d61746564	36190
2053636f72	36191
206d7572616c	36192
20627573746564	36193
736f6f6e	36194
6c6966	36195
206e6f6e6578	36196
20616c6c65726779	36197
20556e646572776f726c64	36198
2052617973	36199
20426c6173696f	36200
20687273	36201
20446972	36202
20333237	36203
6279746572	36204
207265706c6163656d656e7473	36205
20616374697661746573	36206
7269766564	36207
4d48	36208
2070616e73	36209
204849	36210
206c6f6e6769747564696e616c	36211
206e756973616e6365	36212
616c6572	36213
207377656c6c	36214
205369676e6564	36215
736369	36216
2049736c6573	36217
20414741	36218
2064656669616e74	36219
20736f6e6963	36220
6f636f6e	36221
4b43	36222
2041696d	36223
746965	36224
61686168	36225
206d4c	36226
4458	36227
2062697363	36228
2042696c6c626f617264	36229
2053595354454d	36230
4e4559	36231
6761617264	36232
2064697374726573736564	36233
666f726d65726c79	36234
416c616e	36235
206368656673	36236
206f7074696373	36237
20436f6d6574	36238
20414d43	36239
20726564657369676e6564	36240
69726d6174696f6e	36241
207369676874696e6773	36242
333832	36243
333131	36244
205742	36245
20636f6e7472616374696f6e	36246
20544f54414c	36247
4475616c	36248
2073746172746c6564	36249
20756e6465727374616e6461626c79	36250
2073756e676c6173736573	36251
4554484f44	36252
20646f636b6572	36253
2073757266696e67	36254
2048454c	36255
20536c61636b	36256
746f6e6573	36257
207368616c74	36258
56697375616c	36259
343938	36260
4465706172746d656e74	36261
63757373696f6e	36262
20756e72657374726963746564	36263
20746164	36264
2072656e616d65	36265
656d706c6f796564	36266
20656475636174696e67	36267
206772696e6e6564	36268
626564726f6f6d	36269
2041637469766974696573	36270
2056656c766574	36271
2053574154	36272
2073687566666c65	36273
69676f72	36274
2073617475726174696f6e	36275
46696e64696e67	36276
637265616d	36277
6963746572	36278
20766f646b61	36279
747261636b696e67	36280
746563	36281
20666f726567726f756e64	36282
6965737461	36283
20766568656d656e74	36284
20454342	36285
20546965	36286
4579	36287
20747572746c6573	36288
205261696c726f6164	36289
204b61747a	36290
204672616d6573	36291
206d656e616365	36292
2046656c6c6f7773686970	36293
20457373656e7469616c	36294
756767697368	36295
2064726970	36296
63687769747a	36297
204b796f746f	36298
7362	36299
204e696e61	36300
506172616d65746572	36301
20616c61726d73	36302
20436c617564	36303
2070696f6e656572696e67	36304
2063686965666c79	36305
2053637265616d	36306
436f6c6c656374696f6e	36307
207468616e6b66756c6c79	36308
20526f6e616c646f	36309
e5ad90	36310
7374726970	36311
204469736e65796c616e64	36312
636f6d6d65726369616c	36313
536565696e67	36314
536f756c	36315
206576616375617465	36316
20636976	36317
2041736865	36318
2064697669646573	36319
20446167676572	36320
726568656e73697665	36321
2062657272696573	36322
204446	36323
207375736869	36324
20706c7572616c697479	36325
5749	36326
20646973616476616e7461676564	36327
2062617474616c696f6e	36328
6f62696c6573	36329
343531	36330
20636c696e67	36331
20756e64656e6961626c65	36332
204c6f756e6765	36333
206861756e74	36334
706865	36335
207175616e74696679	36336
206469666665726564	36337
205b2a5d	36338
2056697a	36339
63756d	36340
736c617665	36341
20766964656f67	36342
2071756172	36343
2062756e646c6573	36344
20416c6f6e736f	36345
7461636b6c65	36346
206e6575726f6e616c	36347
206c616e64736c696465	36348
636f6e6669726d6564	36349
204465707468	36350
2072656e657761626c6573	36351
42656172	36352
204d616365646f6e6961	36353
206a657273657973	36354
2062756e6b	36355
20537061776e	36356
20436f6e74726f6c73	36357
2042756368616e616e	36358
20726f626f74696373	36359
20656d70686173697a696e67	36360
205475746f7269616c	36361
687970	36362
6973746f6e	36363
206d6f6e756d656e74616c	36364
e6b0	36365
204361727279	36366
2074627370	36367
656e616e6365	36368
48696c6c	36369
617274686564	36370
20726f7474656e	36371
4465616e	36372
207477697374696e67	36373
20676f6f6477696c6c	36374
20696d6d657273696f6e	36375
4c6976696e67	36376
2062727573686573	36377
20434749	36378
2041746b	36379
747261646974696f6e616c	36380
207068616e746f6d	36381
205374616d696e61	36382
20657870616e73696f6e73	36383
204d6172696e	36384
20656d6261726b6564	36385
204567	36386
696e74657374696e616c	36387
2050454f504c45	36388
20426f6f7468	36389
20417070616c616368	36390
2072656c656761746564	36391
5654	36392
4d4954	36393
206d7573746572	36394
207769746864726177696e67	36395
206d6963726f73636f7065	36396
20476174686572696e67	36397
204372657363656e74	36398
20417267656e74696e65	36399
204465637265	36400
20446f6d696e6963	36401
2062756473	36402
616e74616765	36403
20496f6e	36404
20776964656e6564	36405
4f4e534f524544	36406
20476c6f766573	36407
69616e6e6f706f756c6f73	36408
72617a656e	36409
6665656c	36410
2072657061796d656e74	36411
2068696e647369676874	36412
205245414c4c59	36413
20506973746f6c	36414
2042726168	36415
207761747473	36416
207375727669766573	36417
20666c75727279	36418
69737379	36419
416c657274	36420
2055727567756179	36421
50686f656e6978	36422
536c6f77	36423
204772617665	36424
20466972	36425
206d616e61676561626c65	36426
20746172696666	36427
20554450	36428
20506973746f6e73	36429
204e6967657269616e	36430
20737472696b656f757473	36431
20636f736d6574696373	36432
7768656c6d696e67	36433
666162	36434
63617065	36435
70726f7879	36436
2072657468696e6b	36437
206f766572636f6d696e67	36438
73696d706c65	36439
20776f6f	36440
206469737472616374696e67	36441
205374616e746f6e	36442
2054756c7361	36443
20446f636b	36444
363539	36445
20646973636f7264	36446
20456d616373	36447
20566573	36448
20524f42	36449
2072656173737572696e67	36450
20636f6e736f727469756d	36451
4d75736c696d73	36452
333231	36453
2070726f6d707473	36454
736569	36455
204869746368	36456
696d706f736564	36457
20466f6f6c	36458
20696e6469736372696d	36459
77726f6e67	36460
627571756572717565	36461
4461766973	36462
215d	36463
2074696d656c657373	36464
204e454544	36465
20706573746963696465	36466
2072616c6c79696e67	36467
2043616c646572	36468
20e5a4	36469
207870	36470
20556e6c65	36471
204578706f7274	36472
6c75616a	36473
42756666	36474
293c2f	36475
426f6f74	36476
2043687279736c6572	36477
6f726174697665	36478
4d657373	36479
206e65676c696769626c65	36480
6572746f6464	36481
204d757368726f6f6d	36482
2047616c65	36483
6763	36484
20436f736279	36485
20527572616c	36486
7269746963616c	36487
42656c6c	36488
2074757262696e65	36489
3030323030303030	36490
206c65676974696d6174656c79	36491
20416e696d61746564	36492
544544	36493
205468656f646f7265	36494
636f6e64756374	36495
2048696572	36496
20636f756e74657266656974	36497
20416c6765726961	36498
20756e62656174	36499
636f6e74726f6c6c6572	36500
20756e726573	36501
20736372616d626c696e67	36502
2046616c6c6f6e	36503
546573	36504
20616d626572	36505
20726f79616c74696573	36506
205368656c746572	36507
204c6573746572	36508
20636c617373696679	36509
52656d6f7465	36510
20756e6865617264	36511
20636f6e74726f76657273696573	36512
20656e726963686d656e74	36513
2059616e6b6565	36514
67616d6572	36515
20706c6174696e756d	36516
2065636f6c6f6779	36517
205361726b	36518
20756e746f7563686564	36519
2073757065727669736f7273	36520
202225	36521
20666f6f7468	36522
20636f6d6d6f6e73	36523
206e6172636f74696373	36524
20696e6469636573	36525
20506c79	36526
206164646974696f6e616c6c79	36527
204761776b6572	36528
204551	36529
506c6179696e67	36530
20636176656174	36531
204162736f6c757465	36532
6f73737573	36533
42616279	36534
20726174696f6e	36535
20726573696e	36536
2063616c6962726174696f6e	36537
204e6577706f7274	36538
206b6e6f636b73	36539
7674	36540
20636f6d706f7374	36541
5363656e65	36542
2073617263617374	36543
206b6973736573	36544
206e73	36545
616c6c69	36546
204d617263656c	36547
2050696574	36548
69617472696373	36549
20737572726f756e6473	36550
20526570726f6475	36551
205068696c6c696573	36552
20756e6365727461696e74696573	36553
20457572	36554
20526f6d616e6365	36555
2048617468	36556
204e65656473	36557
20436c6f616b	36558
206372656d	36559
7175657565	36560
20333535	36561
20757066726f6e74	36562
5d293b	36563
207265636970726f63	36564
2031393237	36565
2031313030	36566
75747375	36567
2064657072657373697665	36568
6f776d656e74	36569
46616e73	36570
206d656368	36571
20616e6e6968696c	36572
20636f756e746572746572726f7269736d	36573
2046696775726573	36574
626f6c64	36575
204d6f696e6573	36576
2044726976657273	36577
206d616e7573637269707473	36578
2043727970746f	36579
206879706e6f74	36580
72656464697473	36581
2070726f7365637574696f6e73	36582
20646976657274	36583
43524950	36584
2042656e65	36585
20526567676965	36586
20746178696e67	36587
204d6f72616c6573	36588
656e74696e67	36589
747572	36590
7369676e69666963616e74	36591
2050524f56	36592
20737472616e6473	36593
20706f756368	36594
20526f6f6b6965	36595
bb92	36596
206e69636572	36597
68656d79	36598
6877	36599
454341	36600
20696e74696d696461746564	36601
207374726963746572	36602
206d6963726f6269616c	36603
64657461696c73	36604
20766f7773	36605
207175616b65	36606
68686868	36607
207265696e76656e74	36608
5562	36609
2072656c696e7175	36610
2042756666657474	36611
6c6963656e736564	36612
69747465726564	36613
20506963617264	36614
2063686577696e67	36615
75636c	36616
6f7267616e6963	36617
206c6f63616c697a6564	36618
2045636f6e6f6d697374	36619
206163717561696e746564	36620
446566696e6974696f6e	36621
736564	36622
43726974696373	36623
206363	36624
343533	36625
333831	36626
2066656c6c6f7773	36627
20636865636b706f696e7473	36628
303235	36629
207265656c656374696f6e	36630
206d65646961746564	36631
204b4445	36632
20687572646c65	36633
2074657874696e67	36634
50657266656374	36635
207472757374656573	36636
66656374757265	36637
2064696368	36638
6d6f6e617279	36639
2064697374696e6374696f6e73	36640
2031343030	36641
207573686572	36642
20706172617369746573	36643
2053686172696e67	36644
2056696d	36645
206261726265637565	36646
204d696e697374657273	36647
6572656c6c61	36648
206562	36649
206d63	36650
20536f6d65686f77	36651
20496e73656374	36652
6368616e676573	36653
62726f6164	36654
2042797a	36655
20677261706573	36656
363639	36657
203d3d3d3d3d3d3d3d3d3d3d3d3d3d3d3d3d	36658
20617373696d696c	36659
206861756e74696e67	36660
2066697265706f776572	36661
20646566616d6174696f6e	36662
656d706861736973	36663
20636f6d706f7365	36664
20616c6c657267696573	36665
20737472616e67	36666
726f6c6c657273	36667
62616e67	36668
2062726577657273	36669
726f6e6768	36670
72696f74	36671
706f6f72	36672
636f6c64	36673
53616d706c65	36674
2062756f79	36675
303430	36676
20436f7572746e6579	36677
20323638	36678
2057656464696e67	36679
373032	36680
206f6273657373697665	36681
206272616b696e67	36682
204c616c	36683
616e6963616c	36684
e5a6	36685
6174656e	36686
436f6e737472756374696f6e	36687
20636c696e6963616c6c79	36688
69657273686970	36689
4e616d6573	36690
2044697363757373	36691
2052616d6f73	36692
206c6f63616c65	36693
204167726963756c747572616c	36694
456e61626c65	36695
20686f727365706f776572	36696
656e74757265	36697
50726566	36698
436f757274	36699
207374616666696e67	36700
2066757475726973746963	36701
64726976657273	36702
204d61726b6574706c616365	36703
e688a6	36704
467269656e6473	36705
2064616d6e696e67	36706
20437573746f6d657273	36707
207765656473	36708
204d6169	36709
206167696c65	36710
2054617474	36711
6963656e74	36712
52616e6b6564	36713
63726f6674	36714
204b617479	36715
45787472656d65	36716
206361727665	36717
20526f766572	36718
204279726f6e	36719
333732	36720
20636f6e6475637473	36721
7261746368	36722
69746961	36723
2050756d706b696e	36724
5361646c79	36725
52656c6f61646564	36726
506f6c696379	36727
206c69636b	36728
7065616b	36729
69736b73	36730
20434473	36731
20456e6379636c6f7065646961	36732
696e697469616c	36733
436f73	36734
2041776172656e657373	36735
204472616d	36736
24242424	36737
2072696666	36738
20736372697074757265	36739
72756e6e657273	36740
20626f696c6572	36741
6f6e736f6e	36742
6f696e	36743
2068616d737472696e67	36744
20636174616c79	36745
2041726368626973686f70	36746
6368616c6c	36747
2066617578	36748
6f6b696e	36749
6c6f63616c686f7374	36750
204e414d45	36751
61646f6265	36752
53414e	36753
616d617465	36754
20736372616d626c65	36755
2063617263	36756
204d616e6966657374	36757
204365646172	36758
2053657267696f	36759
6c61746572	36760
66666572	36761
2067726170706c696e67	36762
204465757473636865	36763
61676f6e69737473	36764
204e65777370	36765
2070726574656e646564	36766
617263686d656e74	36767
2063757261746564	36768
206865616470686f6e65	36769
20556e636f6d6d6f6e	36770
205349474e	36771
4167656e74	36772
20646561646c696e6573	36773
20686f72697a6f6e74616c6c79	36774
204d4154	36775
2053756d6d657273	36776
206f726461696e6564	36777
204c6173746c79	36778
204b656e64616c6c	36779
2066726967	36780
204d616368696e61	36781
2057617465726c6f6f	36782
204d65786963616e73	36783
2070726f746563746f72	36784
20676c617265	36785
7d22	36786
5072656d69756d	36787
2072696674	36788
2054656c6573636f7065	36789
4d6574616c	36790
20726563617074	36791
203b3b	36792
20696e636c696e6174696f6e	36793
20696d706f736573	36794
696e67656e	36795
5e7b	36796
206861737465	36797
20646f6c7068696e73	36798
20636f6d6d7574657273	36799
706c616e6e6564	36800
636f6e67	36801
6d78	36802
2055706c6f6164	36803
20657874726170	36804
20547563736f6e	36805
204578706c6f726174696f6e	36806
65666561746564	36807
20736c656e646572	36808
373033	36809
2042756b	36810
6973656c	36811
20636f6d70657469746976656e657373	36812
63686c6f72	36813
205065726d616e656e74	36814
2045766572657474	36815
205370656369616c697374	36816
20534f4c	36817
206379616e	36818
2045786163746c79	36819
5546	36820
204c494645	36821
6172796c	36822
6f6e6574	36823
20456d706c6f796565	36824
61776564	36825
20526174696e6773	36826
206578747261766167	36827
756c6875	36828
20506c616e65	36829
20656c6576617465	36830
20436f6f7264696e61746f72	36831
205761746b696e73	36832
206578636c75646573	36833
2073656e7469656e74	36834
2065706f6368	36835
20616c6c6f63	36836
50726576696f75736c79	36837
20536879	36838
20536c6f76616b6961	36839
4c4f434b	36840
206d61726b65646c79	36841
206b6e6f62	36842
20616476656e747572657273	36843
204265656e	36844
20436f737473	36845
616d6d657273	36846
206f6e736c6175676874	36847
20537570706f72746564	36848
20546175	36849
696b617270	36850
20536f76657265	36851
2048616d70746f6e	36852
e38289	36853
50726576	36854
20576f727365	36855
20636f7474616765	36856
204861646573	36857
6c657a	36858
626f776c	36859
206672616772616e6365	36860
204c6f6b	36861
454d4f5445	36862
20506574726f	36863
2031393235	36864
2050656e64	36865
70726f647563696e67	36866
2072656c6f63617465	36867
76617469	36868
706f6c65	36869
2073656d696e	36870
204e554d	36871
20726f636b6564	36872
62756666	36873
626c79	36874
5265706c79	36875
20486169	36876
206172746963756c61746564	36877
2049736c616d61626164	36878
363635	36879
20436c61696d73	36880
4465736b746f70	36881
2074727573746565	36882
20736372697074696e67	36883
20536f62	36884
204173796c756d	36885
5354444f5554	36886
20436c6f776e	36887
20446f72746d756e64	36888
204465766f6e	36889
6c697465	36890
204d6172626c65	36891
2062756e6b6572	36892
206372657374	36893
2061726f7573616c	36894
205365617273	36895
204275646479	36896
65726564697468	36897
20506f6c6c79	36898
206465636f6465	36899
2056697368	36900
205265666c656374	36901
616e6f6e	36902
20726566756e6473	36903
696d6d657273	36904
484d	36905
20776970696e67	36906
2070757a7a6c6564	36907
206d61747465	36908
756e6f	36909
506965727265	36910
29292c	36911
207461696e746564	36912
2073796d626f6c69736d	36913
204672617a	36914
2070726f746573746f7273	36915
657468657573	36916
25252525	36917
577261	36918
206c6178	36919
6164656d	36920
617475726174696f6e	36921
e38393	36922
20547261696c6572	36923
20454e47	36924
20426f77736572	36925
206174746d	36926
447572	36927
383037	36928
2073696478	36929
206369646572	36930
20416666656374	36931
20776f76656e	36932
204261726b6572	36933
62656e6566	36934
2064737467	36935
20527975	36936
3e5b	36937
2073716f72	36938
5361756469	36939
2069737467	36940
20696e64756c6765	36941
70726f63	36942
20646973677573746564	36943
20636f6d706f756e646564	36944
206e656d	36945
207363686f6f6c696e67	36946
2043757265	36947
70726f63657373696e67	36948
536f6c	36949
2070726f76657262	36950
6974697a6564	36951
20416c766172657a	36952
207363617266	36953
2072656374616e67756c6172	36954
72657665	36955
20686f726d6f6e616c	36956
20537472657373	36957
6974697a656e	36958
20343235	36959
6769726c73	36960
204e6f6972	36961
2052617070	36962
206d617263686573	36963
636875726368	36964
2055736573	36965
20343035	36966
204265726d	36967
206f7264696e616e636573	36968
204a7564676d656e74	36969
43686172676573	36970
205a696e	36971
206475737479	36972
20737472617762657272696573	36973
207065726365	36974
2054687572	36975
204465626f726168	36976
6e6574666c6978	36977
204c616d62657274	36978
20616d75736564	36979
204775616e67	36980
594f55	36981
524742	36982
2043435456	36983
2066696174	36984
72616e67	36985
2066656465726174696f6e	36986
204d616e74	36987
2042757374	36988
204d617265	36989
72657370656374697665	36990
204d6967726174696f6e	36991
20424954	36992
353930	36993
2070617472696f7469736d	36994
206f75746c696e696e67	36995
726567696f6e	36996
204a6f73c3a9	36997
20626c617374696e67	36998
20457a7261	36999
4273	37000
20756e6465726d696e6573	37001
20536d6f6f7468	37002
20636c6173686564	37003
726164696f	37004
207472616e736974696f6e696e67	37005
2042756363616e65657273	37006
204f776c	37007
20706c756773	37008
20686961747573	37009
2050696e62616c6c	37010
206d6967	37011
204e757472	37012
20576f6c6665	37013
20696e746567657273	37014
206f7262697473	37015
20456477696e	37016
2044697265637458	37017
62697465	37018
20626c617a696e67	37019
7672	37020
45646765	37021
20504944	37022
65786974	37023
20436f6d6564	37024
205061746866696e646572	37025
2047756964	37026
205369676e73	37027
205a6572	37028
204167656e6461	37029
207265696d62757273656d656e74	37030
4d657368	37031
6950686f6e65	37032
204d6172636f73	37033
205369746573	37034
68617465	37035
656e62757267	37036
20736f636b657473	37037
70656e64	37038
4261746d616e	37039
766972	37040
2053484f57	37041
2070726f766973696f6e616c	37042
636f6e6e	37043
20446561746873	37044
4154495645	37045
50726f66696c65	37046
73796d	37047
4a41	37048
206e696e6a61	37049
696e7374616c6c6564	37050
696461746573	37051
65627261	37052
204f6d616861	37053
207365697a696e67	37054
20426561737473	37055
2073616c7473	37056
4d697373696f6e	37057
47656e6572616c6c79	37058
205472696c6f6779	37059
68656f6e	37060
6c656761746573	37061
2064696d65	37062
206661697265	37063
70617261626c65	37064
4772617068	37065
20746f74616c696e67	37066
206469616772616d73	37067
2059616e756b	37068
706c6574	37069
204d6568	37070
206d7974686963616c	37071
205374657068656e73	37072
6175746963616c	37073
6f6368656d6973747279	37074
206b696c6f6772616d73	37075
20656c626f7773	37076
616e636f636b	37077
20424345	37078
20507261677565	37079
20696d70726f76	37080
20446576696e	37081
20225c	37082
706172616c6c65	37083
2073757072656d616369737473	37084
2042696c6c696f6e	37085
20726567696d656e	37086
696e6e61636c65	37087
20726571756973697465	37088
616e67616e	37089
204275726c696e67746f6e	37090
61696e6d656e74	37091
204f626a656374697665	37092
6f6d736b79	37093
4756	37094
20756e696c61746572616c	37095
207463	37096
206869726573	37097
6d656e74616c	37098
20696e766f6c756e74617279	37099
207472616e73706c	37100
204153434949	37101
c2a8	37102
4576656e7473	37103
20646f7562746564	37104
204b61706c616e	37105
20436f7572616765	37106
69676f6e	37107
204d616e6167696e67	37108
2054617274	37109
2066616c7365686f6f64	37110
2056696f6c6574	37111
2061697273	37112
2066657274696c697a6572	37113
4272697461696e	37114
2061717561746963	37115
6f7566	37116
576f726473	37117
2048617274666f7264	37118
206576656e696e6773	37119
2056656e6765616e6365	37120
7175697465	37121
47616c6c	37122
2050726574	37123
20706466	37124
204c4d	37125
20536f636869	37126
20496e74657263657074	37127
393230	37128
2070726f6669746162696c697479	37129
2049646c65	37130
204d6163446f6e616c64	37131
2045737461626c6973686d656e74	37132
756d7379	37133
20676174686572696e6773	37134
204e616a	37135
436861726c6965	37136
20617363656e74	37137
2050726f746563746f72	37138
20616c6765627261	37139
2062696f73	37140
666f72756d73	37141
454c53	37142
496e74726f6475636564	37143
20333335	37144
20617374726f6e6f6d79	37145
436f6e747269627574	37146
20506f6c6963	37147
506c6174666f726d	37148
20636f6e7461696e6d656e74	37149
77726170	37150
20636f726f6e617279	37151
204a656c6c79	37152
6d616e61676572	37153
206865617274627265616b696e67	37154
63616972	37155
20436865726f	37156
636769	37157
4d65646963616c	37158
204163636f756e746162696c697479	37159
212122	37160
6f7068696c65	37161
2070737963686f746963	37162
205265737472696374	37163
20657175697461626c65	37164
697373756573	37165
2031393035	37166
204e656b	37167
6369736564	37168
20547261636b696e67	37169
206f7a6f6e65	37170
20636f6f6b6572	37171
726f736973	37172
2072656f70656e	37173
20696e66696e697479	37174
20506861726d61636575746963616c	37175
656e73696f6e616c	37176
417474656d7074	37177
20526f7279	37178
4d6172636f	37179
20617761697473	37180
484f57	37181
74726561746564	37182
20626f6c7374	37183
2072657665726564	37184
20706f6473	37185
6f7070657273	37186
30303130	37187
20616d706c6974756465	37188
726963616e	37189
53504f4e534f524544	37190
2074726f7573657273	37191
2068616c766573	37192
204b61696e65	37193
204375746c6572	37194
2041555448	37195
2073706c656e646964	37196
2070726576656e74697665	37197
204475646c6579	37198
696661637473	37199
756d696e617469	37200
2059696e	37201
2061646d6f6e	37202
20566167	37203
20696e766572746564	37204
2068617374696c79	37205
204861677565	37206
4c796e	37207
206c6564676572	37208
20617374726f6e6f6d6963616c	37209
67657474696e67	37210
206369726361	37211
20436963	37212
2054656e6e6973	37213
4c696d69746564	37214
20647275	37215
20425955	37216
2074726176656c6c657273	37217
2070616e65	37218
20496e74726f	37219
2070617469656e746c79	37220
20616964696e67	37221
206c6f6f73	37222
20546f756768	37223
20323933	37224
20636f6e73756d6573	37225
536f7572636546696c65	37226
20222222	37227
20626f6e64696e67	37228
2074696c746564	37229
206d656e73747275616c	37230
2043656c65737469616c	37231
554c4152	37232
506c7567696e	37233
207269736b696e67	37234
4e617a	37235
20526979616468	37236
2061636372656469746564	37237
20736b69726d	37238
e99b	37239
206578616d696e6572	37240
206d657373696e67	37241
206e656172696e67	37242
20436865726e	37243
204265636b68616d	37244
2073776170706564	37245
20676f6f7365	37246
4b6179	37247
206c6f667479	37248
2057616c6c6574	37249
205b27	37250
2061706f63616c79707365	37251
2062616d626f6f	37252
205350414345	37253
20456c656e61	37254
20333036	37255
61636f6e73	37256
207469676874656e6564	37257
2061646f6c657363656e6365	37258
207261696e79	37259
2076616e64616c69736d	37260
204e6577746f776e	37261
20636f6e6a656374	37262
63616b6573	37263
2063686561746564	37264
206d6f64657261746f7273	37265
706172616d73	37266
454646	37267
20646563656974	37268
2053544c	37269
2054616e7a616e6961	37270
205249	37271
2031393233	37272
204578696c65	37273
7468656c	37274
207468656f6c6f67	37275
20717569726b79	37276
20497276696e65	37277
206e65656479	37278
6f726973	37279
556d	37280
4b61	37281
206d61696c626f78	37282
333232	37283
20626f73	37284
205065747261	37285
4b494e47	37286
20656e6c6172676564	37287
4f6674656e	37288
20626164617373	37289
20333433	37290
20506c61636573	37291
20434144	37292
207072697374696e65	37293
20696e74657276656e696e67	37294
646972656374696f6e	37295
206c617a	37296
2044534d	37297
2070726f6a656374696e67	37298
2046756e6b	37299
61676f67	37300
7061796d656e74	37301
6e6f76	37302
2063686174746572	37303
415242	37304
206578616d696e6174696f6e73	37305
20486f757365686f6c64	37306
20477573	37307
466f7264	37308
343134	37309
426f7373	37310
206d7973746963	37311
206c65617073	37312
20426176	37313
756c7a	37314
627564676574	37315
466f6f7462616c6c	37316
20737562736964697a6564	37317
20666972737468616e64	37318
20636f696e63696465	37319
6f63756c6172	37320
436f6e6e	37321
20436f6c6c61626f72	37322
20666f6f6c73	37323
616d757261	37324
61686172	37325
7269737473	37326
2073776f6c6c656e	37327
20657870656e646564	37328
20506175	37329
737570	37330
2073706172	37331
206b65796e6f7465	37332
73756666	37333
20756e657175616c	37334
2070726f6772657373696e67	37335
737472696e6773	37336
2047616d657267617465	37337
4469736e6579	37338
20456c6576656e	37339
6f6d6e6961	37340
207363726970746564	37341
206561726e657273	37342
62726f74686572	37343
20456e61626c6564	37344
e6b3	37345
206c6172766165	37346
204c4f43	37347
6d657373	37348
57696c736f6e	37349
2054656d706c617465	37350
7375636365737366756c6c79	37351
20706172616d6f756e74	37352
2063616d6f75666c616765	37353
2062696e6473	37354
205175696574	37355
205368757474657273746f636b	37356
72757368	37357
206d6173636f74	37358
666f7274756e65	37359
20436f6c74	37360
204265796f6e	37361
68616269	37362
206861697263	37363
20323637	37364
2044657573	37365
20747769746368	37366
20636f6e63656e74726174696e67	37367
206e6970706c6573	37368
6369626c65	37369
20676972	37370
4e5a	37371
4d617468	37372
6e6968	37373
5265717569726564	37374
20706f6e646572	37375
2053414e	37376
2077656464696e6773	37377
206c6f6e656c696e657373	37378
4e4553	37379
204d61686a6f6e67	37380
363935	37381
6164646c65	37382
204761726e6572	37383
20434f5552	37384
427269646765	37385
207370726565	37386
2043616c6477656c6c	37387
2062726962657279	37388
20efbfbdefbfbdefbfbdefbfbdefbfbdefbfbdefbfbdefbfbd	37389
706c7567696e73	37390
207261636b6574	37391
206368616d7061676e65	37392
7665727369626c65	37393
566f7465	37394
206d6f64696669657273	37395
4d61796f72	37396
363830	37397
20617373656d626c696573	37398
2053756c74616e	37399
204e696e67	37400
204c6164696573	37401
2073756c667572	37402
206f726273	37403
202d2d2d2d2d	37404
5f5f5f5f5f5f5f	37405
204a6f75726e616c69736d	37406
206573706f727473	37407
206c757368	37408
20687565	37409
20737065637472616c	37410
486f6e657374	37411
e3838f	37412
20627573686573	37413
207265696e666f7263656d656e74	37414
2072656f70656e6564	37415
20576865656c73	37416
204d6f7267	37417
72696576696e67	37418
20617578696c69617279	37419
206a5175657279	37420
20424154	37421
746573717565	37422
20766572746578	37423
70757265	37424
66726579	37425
e382ba	37426
646f73	37427
2074797068	37428
2063756c6c	37429
206571	37430
206465636f6e	37431
20746f7373696e67	37432
20646973706172617465	37433
204272696768616d	37434
7072696e7466	37435
6c6564676564	37436
2073756e64	37437
20636f7a79	37438
20686570617469746973	37439
706572666f726d696e67	37440
206176616c	37441
204747	37442
667574757265	37443
207065746572746f6464	37444
204b6f736f766f	37445
206d61676e657473	37446
416c7265616479	37447
20456469736f6e	37448
204365726573	37449
2052414944	37450
206272696c6c69616e6365	37451
353736	37452
2064657269766573	37453
20687970657274656e73696f6e	37454
20ce94	37455
206c616d626461	37456
20666c616972	37457
206d697373696f6e6172696573	37458
207261706573	37459
2053746172746572	37460
204d6f6e746873	37461
2064656679	37462
20736569736d6963	37463
205261706861656c	37464
206575726f7a6f6e65	37465
363536	37466
7a73636865	37467
20736372617463686564	37468
20626f7773	37469
204c656e6e6f6e	37470
2047616961	37471
206472697070696e67	37472
6661637473	37473
416c65	37474
2066726f6773	37475
20427265617374	37476
6f67656e65697479	37477
2050726f73656375746f72	37478
20616d706c6966696564	37479
20486f6467	37480
20466e	37481
54686f7573616e6473	37482
204e4948	37483
204d6f6e69746f72696e67	37484
465457415245	37485
2050726965627573	37486
2047726f77696e67	37487
68756e746572	37488
20646961676e6f7365	37489
204d616c64	37490
204c52	37491
2063726f776e6564	37492
206275727374696e67	37493
20646973736f6c7574696f6e	37494
6a617661736372697074	37495
2075736566756c6e657373	37496
20457865637574696f6e	37497
3a28	37498
2049766f7279	37499
616168	37500
2070657273656375746564	37501
76696f6c656e6365	37502
6973746173	37503
204372617465	37504
20696d70756c736573	37505
205370616e69	37506
65646573	37507
48616e646c65	37508
205a657267	37509
7468696e6b61626c65	37510
4c6173746c79	37511
2073706f6e74616e656f75736c79	37512
20696e636f6e76656e69656e74	37513
206469736d697373696e67	37514
20706c6f74746564	37515
20656967687479	37516
20373337	37517
72697368	37518
2054686f726e746f6e	37519
617468616d	37520
20736974636f6d	37521
56656e	37522
526563697065	37523
74656c	37524
6c756e64	37525
20636c65617273	37526
20536173756b65	37527
20323538	37528
206f7074696e67	37529
20656e7261676564	37530
6573746865746963	37531
204165	37532
75636873	37533
50726570	37534
466c6f77	37535
2072756e6f6666	37536
20456174696e67	37537
2047696c6573	37538
20416374696e67	37539
7265736f7572636573	37540
6962616261	37541
2072706d	37542
20736b65776564	37543
20426c616e63	37544
2053616b757961	37545
20686f74746572	37546
2031393234	37547
6f7069616e	37548
636b6f	37549
206372756d626c696e67	37550
206361707461696e73	37551
20417070726f7072696174696f6e73	37552
6c656164657273	37553
64726f7070696e67	37554
616e757473	37555
20726576657273696e67	37556
20506f7365	37557
2053656b	37558
53636f74	37559
2049646561	37560
63697365	37561
20536c6f76656e6961	37562
20333137	37563
446f63746f72	37564
2063726f636f64	37565
616c6469	37566
536561	37567
2046617272656c6c	37568
206d657263656e6172696573	37569
20524e43	37570
204775657373	37571
20706163696e67	37572
4d616368696e65	37573
53747265616d6572426f74	37574
2043686172697479	37575
20323938	37576
2063616e6e6f6e73	37577
20546f6279	37578
54505053747265616d6572426f74	37579
2050617373696f6e	37580
636667	37581
54686f6d	37582
20626164676573	37583
204265726e737465696e	37584
2ee28093	37585
20504f50	37586
20436f6e6a	37587
20696e697469616c697a6174696f6e	37588
2062696f646976657273697479	37589
447562	37590
2066657564616c	37591
20646973636c61696d6572	37592
2063726f77	37593
2069676e6974696f6e	37594
617266	37595
534841	37596
206b487a	37597
68617a617264	37598
2041727469737473	37599
6f657576	37600
363739	37601
2052756479	37602
4e696e65	37603
2052616d6164616e	37604
e5bd	37605
6974746f	37606
20616472656e616c696e65	37607
43657274	37608
20736d656c6c6564	37609
20696d70756e697479	37610
206167656e646173	37611
205265626f726e	37612
20436f6e63656e74	37613
205365656d73	37614
206f6d656761	37615
2044757374696e	37616
206261636b6572	37617
205361756365	37618
20426f796c65	37619
57494e	37620
207370696e73	37621
20706175736573	37622
757074	37623
207368726564646564	37624
207374726170706564	37625
20436f7272757074696f6e	37626
20736372617463686573	37627
206e69	37628
20617474697265	37629
20534146	37630
466163746f727952656c6f61646564	37631
20495053	37632
202825	37633
2073656d696e6172	37634
666f637573	37635
636976696c	37636
2031383630	37637
696e746f7368	37638
20636f6e74696e75616c	37639
2061626272657669	37640
20536f6b	37641
6f636f626f	37642
584d	37643
206672616e746963	37644
20756e61766f696461626c65	37645
20617274657279	37646
20616e6e6f746174696f6e73	37647
62617468	37648
436c696d617465	37649
20646f7273	37650
20536c696465	37651
636f6f7264	37652
2052656c6f6164	37653
204c444c	37654
204c6f76656372616674	37655
20756e696d6167696e	37656
20726573656d626c6564	37657
206261727261636b73	37658
6e70	37659
20737572726f67617465	37660
2063617465676f72697a6564	37661
e382a9	37662
2076616363696e61746564	37663
20647261696e616765	37664
20696e64697374	37665
205768617473417070	37666
2031383730	37667
6f6c6572616e6365	37668
696e766f6b65	37669
616d6f727068	37670
207265636f6e6e656374	37671
20656d616e63	37672
20626c696e646e657373	37673
2031323830	37674
696e7465726e6574	37675
636f6c6c6172	37676
20616c747275	37677
206162797373	37678
20545249	37679
363537	37680
20696e6675736564	37681
48454144	37682
20666f726573747279	37683
20576f6f6479	37684
204369	37685
7769	37686
73616d	37687
373834	37688
686f6c69646179	37689
206d6f67756c	37690
2046656573	37691
2044454e	37692
496e7465726e616c	37693
7572626564	37694
66757363	37695
61746f6d	37696
20496c6c7573696f6e	37697
20706f6c6c6564	37698
20666c6170	37699
20636f6178	37700
4c474254	37701
416e616c79	37702
2053656374696f6e73	37703
2043616c69666f726e	37704
656d6e	37705
20686974686572	37706
204e49474854	37707
206e61696c6564	37708
20506970656c696e65	37709
333931	37710
6f6f66	37711
205072696d616c	37712
766572656e64	37713
20736c617368696e67	37714
207265747269	37715
6176696f7572	37716
20646570617274696e67	37717
67696c	37718
495343	37719
206d6964776179	37720
20756c747261736f756e64	37721
206265686176696e67	37722
2054617261	37723
636c6173736573	37724
5669727475616c	37725
20436f6c6f6e69616c	37726
20737472697070696e67	37727
206f7263686573747261746564	37728
20477261766573	37729
343532	37730
2049726f6e6963616c6c79	37731
2057726974657273	37732
206c656e6473	37733
204d616e7a	37734
20726176656e	37735
206f7869646174697665	37736
20323636	37737
454c46	37738
61637475616c6c79	37739
6173636172	37740
4472616674	37741
206661766f757261626c65	37742
2068756d696c696174696e67	37743
20666964656c697479	37744
20486f66	37745
205875616e	37746
343936	37747
206c617965726564	37748
61746973	37749
373930	37750
20706179636865636b	37751
69746f6e	37752
4b6172	37753
20564d77617265	37754
204661726d6572	37755
20736572766963	37756
676c6f6d6572	37757
20736c756d70	37758
20466162726963	37759
20444f43	37760
657374696e67	37761
207265617373757265	37762
207068796c	37763
766f6c74	37764
69746f7279	37765
52756c6573	37766
206f7869646174696f6e	37767
207072697a6564	37768
206d69737472657373	37769
20446a616e676f	37770
5741524e	37771
e591	37772
20656e636f6465	37773
20466565646261636b	37774
20737475706964697479	37775
49616e	37776
205975676f736c61766961	37777
d7a8	37778
61636c	37779
555445	37780
31393737	37781
207175616c6966696573	37782
2070756c736573	37783
707265747479	37784
2066726f7a65	37785
207373	37786
4974657261746f72	37787
20757267656e746c79	37788
206d61696c6564	37789
204368616d	37790
207375737461696e696e67	37791
20626173696c	37792
2070757070696573	37793
696c616e74	37794
20504c45415345	37795
6c6170	37796
6163656f7573	37797
46656172	37798
204d617374657279	37799
6175746f6d61746963	37800
20544147	37801
20616e74696d	37802
61676c6573	37803
343733	37804
6672616d6573	37805
207768697370657273	37806
2057686f65766572	37807
2062726176657279	37808
20554b4950	37809
72616374696f6e73	37810
222222	37811
2074616d65	37812
20706172746564	37813
65766572797468696e67	37814
434f4e54	37815
20696e646562746564	37816
2061646472	37817
72656b	37818
49524544	37819
20656d696e656e74	37820
636c696e746f6e	37821
206f7573746564	37822
207265766965776572	37823
206d656c74646f776e	37824
207265617272	37825
2059616f	37826
7468657265616c	37827
6162797465	37828
207374756d626c696e67	37829
2062617463686573	37830
20323539	37831
20636f6e74726163657074697665	37832
2070726f73746974757465	37833
656e736973	37834
4465636c	37835
20537472696b6573	37836
4d696c6974617279	37837
204f617468	37838
76616363	37839
7070696e6773	37840
303532	37841
20706172744e616d65	37842
616d70696e67	37843
5265706f727473	37844
4b49	37845
434852	37846
20737562746c79	37847
7377657273	37848
426c616b65	37849
757375616c	37850
20636f6e74657374616e7473	37851
2063617274726964676573	37852
204752454154	37853
20626c757368	37854
20e280ba	37855
343732	37856
20726561736f6e6564	37857
e383a4	37858
706172616c6c656c6564	37859
2064796e	37860
6167617465	37861
206e696768746c79	37862
e586	37863
353536	37864
2073656d616e746963	37865
204164766f63	37866
202121	37867
20646973616772656573	37868
204257	37869
566568	37870
206861726d696e67	37871
20656d627261636573	37872
2073747269766573	37873
20696e6c616e64	37874
204b617264	37875
206865617473	37876
2047696e6e79	37877
7574616e	37878
65726e617574	37879
796c656e65	37880
20456c6576	37881
4a44	37882
2068617273	37883
205374617272	37884
20736b797363	37885
20636f6c6c61626f7261746f7273	37886
557375616c6c79	37887
207265766f6c7574696f6e73	37888
205354415453	37889
206469736d616e746c65	37890
20636f6e666964656e746c79	37891
206b696e65746963	37892
416c69	37893
2070657263656e74696c65	37894
2065787472616374696e67	37895
696c6c69616e	37896
657374656164	37897
2070687973696369737473	37898
204d61727368616c	37899
2066656c6c6f7773686970	37900
20646173686564	37901
205552	37902
2053696f7578	37903
20436f6d70616374	37904
616d696465	37905
507974686f6e	37906
204c65696768	37907
20506861726d6163	37908
6973747261746573	37909
6865726963616c	37910
20667565	37911
20456d696e	37912
20287b	37913
204e65696768626f72686f6f64	37914
2064697372757074696e67	37915
20447570	37916
20676c616e64	37917
20536576	37918
204d617269616e	37919
6172676f6e	37920
2044756e64	37921
203c212d2d	37922
20737472616e64	37923
207374616469756d73	37924
7a6f73	37925
2070737963686f736973	37926
205261636b	37927
206272696c6c69616e746c79	37928
efb88f	37929
207375626d6572676564	37930
20496e73746974	37931
2043686f77	37932
206361676573	37933
2048617473	37934
20557273	37935
2064696c75746564	37936
75736174	37937
69656e6e65	37938
204d656d62657273686970	37939
204275726b	37940
206965	37941
20617263686574797065	37942
44727567	37943
756c746f6e	37944
2053706f636b	37945
204d634b6179	37946
20446570656e64	37947
4665617475726564	37948
536f63	37949
31393738	37950
2042657265	37951
2072656c656e746c6573736c79	37952
2063726970706c696e67	37953
20617274687269746973	37954
e7949f	37955
2054726f706963616c	37956
2042756c67	37957
2043686572796c	37958
2061646d697261626c65	37959
207375627469746c65	37960
4f76657272696465	37961
206f726967696e6174696e67	37962
20434350	37963
2073776f7265	37964
20536f6c65	37965
204469736f7264657273	37966
333239	37967
2070726f63657373696f6e	37968
20726566757262	37969
20696d6d6572736564	37970
72657175656e746c79	37971
20736b657074696373	37972
20636572616d6963	37973
6d6974746572	37974
656e737465696e	37975
62656c74	37976
20544954	37977
62696464656e	37978
20666972	37979
6d697374	37980
3e5d	37981
207765617665	37982
2050617261646f78	37983
20656e74727573746564	37984
20426172636c617973	37985
206e6f76656c697374	37986
6f676965	37987
383036	37988
206e696e657479	37989
2064697361677265656d656e7473	37990
4040404040404040	37991
2041757363687769747a	37992
63617273	37993
204c4554	37994
747562	37995
6172616e74696e65	37996
504f53	37997
206261636b73746f7279	37998
20636865657266756c	37999
20526167	38000
656b61	38001
626961736564	38002
20696e657870657269656e636564	38003
616b7261	38004
2057697474	38005
74616e	38006
20726170697374	38007
20706c6174656175	38008
6368616c	38009
20496e71756973	38010
65787072657373696f6e	38011
20636970686572	38012
2073686176696e67	38013
616464656e	38014
72656c79	38015
285c	38016
69736d61	38017
20526567756c61746f7279	38018
43484152	38019
696c796e	38020
4e5649444941	38021
4755	38022
206d75726d	38023
6c617573	38024
4368726973746f70686572	38025
20636f6e747261637475616c	38026
2050726f7879	38027
204a61696d65	38028
204d6574686f64697374	38029
207374657761726473	38030
737461	38031
7065726961	38032
2070687973696f6c6f6779	38033
2062756d706564	38034
2066727563746f7365	38035
4175737472616c69616e	38036
204d6574616c6c6963	38037
204d617371756572616465	38038
617262	38039
2070726f6d756c	38040
20646f776e66616c6c	38041
2062757463686572	38042
20626f7572	38043
20494e464f524d4154494f4e	38044
20426973	38045
7065637473	38046
6164656e61	38047
20636f6e74656d706c6174696e67	38048
61726f6f	38049
63656e7465726564	38050
205065616b73	38051
55736564	38052
206d6f64656d	38053
2067656e64657273	38054
2038303030	38055
333731	38056
206d617465726e697479	38057
2052617a	38058
20726f636b696e67	38059
2068616e6467756e73	38060
2044414341	38061
4175746f6d	38062
204e696c65	38063
2074756d756c74	38064
2042656e65666974	38065
20417070726f616368	38066
776f726b73686f70	38067
204c656176696e67	38068
476572	38069
696e7374656164	38070
20766962726174696f6e73	38071
207265706f7369746f72696573	38072
343937	38073
2041756e74	38074
204a7562	38075
2045787065646974696f6e	38076
416c706861	38077
2073616e73	38078
206f766572647565	38079
206f76657263726f7764	38080
206c656769736c617475726573	38081
2070617465726e616c	38082
204c656f6e6172646f	38083
2065787072657373697665	38084
206469737472616374696f6e73	38085
2073696c656e636564	38086
7472757374	38087
2062696b696e67	38088
20353630	38089
2070726f7072696574	38090
20696d706f736974696f6e	38091
20636f6e676c6f6d6572	38092
203d3d3d3d3d3d3d3d3d3d3d3d3d3d3d3d3d3d3d3d3d3d3d3d3d3d3d3d3d3d3d3d3d3d3d3d3d3d3d3d3d3d3d3d3d3d3d3d3d3d3d3d3d3d3d3d3d3d3d3d3d3d3d3d3d	38093
205465616368696e67	38094
20596f7365	38095
696e74656e73697665	38096
546f776e	38097
2074726f6c6c696e67	38098
2047726163	38099
2041535553	38100
596f	38101
207370656369616c73	38102
204e657068	38103
20476f647a696c6c61	38104
4461746162617365	38105
20486567656c	38106
20323732	38107
31393736	38108
20476c6f726961	38109
20646973656d62	38110
20496e7665737469676174696f6e73	38111
2042616e65	38112
6167656d656e7473	38113
537472616e6765	38114
207472656173757279	38115
20506c617973	38116
20756e646573697261626c65	38117
20776964656e696e67	38118
2076657262616c6c79	38119
20696e66616e6379	38120
20637574746572	38121
666d6c	38122
2032313030	38123
70726f746f74797065	38124
66696e65	38125
2064656372696d696e616c	38126
2064797366756e6374696f6e616c	38127
206265736965	38128
2045726e7374	38129
7a6562	38130
206e6f7274686561737465726e	38131
2061757374	38132
706f72617465	38133
204d61726c696e73	38134
2073656772656761746564	38135
65776f726c64	38136
204d61686572	38137
207472617665727365	38138
206d6f6e617374657279	38139
75726779	38140
47656172	38141
73616e64	38142
436f6d706c	38143
20454d50	38144
20706c656e74	38145
204d6572636572	38146
20323736	38147
5441424c45	38148
436f6e66696775726174696f6e	38149
48756e6472656473	38150
2070726963	38151
20636f6c6c61626f726174696e67	38152
20506172616d6f756e74	38153
2043756d6d696e6773	38154
20283c	38155
207265636f72646572	38156
20666c617473	38157
20343136	38158
77686f7365	38159
466f6e7453697a65	38160
204f72626974	38161
5952	38162
20777269737473	38163
2062616b657279	38164
297d	38165
20426f756e7479	38166
204c616e636173746572	38167
20656e64696e6773	38168
6163636f7264696e67	38169
2053616c616d	38170
65617379	38171
373535	38172
2042757272	38173
204261726e657474	38174
6f6e6f6d6f7573	38175
556e696f6e	38176
20707265636564656e6365	38177
205363686f6c617273686970	38178
205558	38179
20726f6c6c6f7574	38180
20626f6f6e	38181
616c6d	38182
2043616e746572	38183
e6b5	38184
20726f756e64696e67	38185
20636c6164	38186
20766170	38187
204665617475726564	38188
69736174696f6e73	38189
20353430	38190
706f6c696365	38191
20756e736574746c696e67	38192
206472696674696e67	38193
204c756d6961	38194
204f62616d6143617265	38195
204661766f72	38196
4879706572	38197
20526f7468736368696c64	38198
204d696c6962616e64	38199
616e616c79	38200
204a756c696574	38201
4875	38202
20726563616c6c696e67	38203
6168656164	38204
363936	38205
20756e6661766f7261626c65	38206
2064616e636573	38207
4f78	38208
206c6567616c697479	38209
20343033	38210
726f6d616e636572	38211
20696e7175697265	38212
204d6f766573	38213
5c223e	38214
2056617269616e74	38215
204d657373696168	38216
204c4353	38217
20426168c3a1	38218
373536	38219
2065796562726f77	38220
20c2a5	38221
204d6346	38222
20466f727479	38223
4d6173	38224
2070616e69636b6564	38225
207472616e73666f726d6174696f6e73	38226
7171	38227
207265766f6c766573	38228
72696e6765	38229
204169	38230
617865	38231
206f6e77617264	38232
20434652	38233
2042617265	38234
6c6f67696e	38235
206c697175696473	38236
206465636f6d70	38237
7365636f6e64617279	38238
696c616e	38239
20436f6e76657274	38240
616d697961	38241
2070726f7365637574696e67	38242
20e289a1	38243
20596f726b657273	38244
204279726e65	38245
736c6f77	38246
61776569	38247
4a65616e	38248
20323639	38249
20536b79647261676f6e	38250
20c3a9	38251
204e6963617261677561	38252
204875636b61626565	38253
20486967686c79	38254
20616d70686962	38255
20506173746f72	38256
204c657473	38257
20626c7572726564	38258
20766973636572616c	38259
2043424f	38260
20636f6c6c61626f7261746564	38261
7a6967	38262
4c6567616c	38263
20617061727468656964	38264
2062726964	38265
20707265736574	38266
20444554	38267
20414d41	38268
d794	38269
61726368696e67	38270
61756375736573	38271
6275696c646572	38272
20706f65746963	38273
20656d756c61746f72	38274
204d6f6c6563756c6172	38275
20686f6e6f72696e67	38276
697365756d	38277
2074726163746f72	38278
20436c7573746572	38279
2043616c6d	38280
617265646576696c	38281
207369646577616c6b73	38282
2076696f6c696e	38283
2067656e6572616c697a6564	38284
20416c6563	38285
20656d626172676f	38286
206661737462616c6c	38287
204854545053	38288
204c61636b	38289
204368696c6c	38290
7269766572	38291
4368656c	38292
20537761726d	38293
204c6576696e65	38294
726f79696e67	38295
4c61756e6368	38296
206b69636b6572	38297
206164646974697665	38298
204465616c73	38299
576964676574	38300
636f6e7461696e696e67	38301
20657363616c617465	38302
204f50454e	38303
20747765616b6564	38304
207374617368	38305
20737061726b73	38306
204573736578	38307
20456363	38308
20636f6e76696374	38309
20626c6f6767696e67	38310
494552	38311
20484c	38312
206d7572646572657273	38313
373539	38314
20486962	38315
206465706c	38316
204a6f7264	38317
536163	38318
2064697373656374	38319
20486f7765	38320
6f73686572	38321
20637573746f6d697a61626c65	38322
204672616e7a	38323
206174726f	38324
c487	38325
2030303034	38326
206f7574706f7374	38327
526f7373	38328
20676c7970686f73617465	38329
2048617374696e6773	38330
204245464f5245	38331
2073686f7665	38332
6f70706564	38333
205363616c61	38334
20616d756c6574	38335
616e69616e	38336
206578616365726261746564	38337
206561746572	38338
343731	38339
554d45	38340
2070756c70	38341
697a6f6e74616c	38342
205a616d	38343
20415449	38344
696d6d756e65	38345
616279746573	38346
20756e6e65636573736172696c79	38347
20434154	38348
2041786973	38349
2076697375616c697a65	38350
c389	38351
205261646963616c	38352
666d	38353
446f63756d656e7473	38354
20466f7272657374	38355
20636f6e7465787475616c	38356
2053796d626f6c	38357
2074656e746174697665	38358
20444f4553	38359
20476f6f6473	38360
20696e7465726d697474656e74	38361
7d3a	38362
6d65646961746564	38363
207269646963756c65	38364
206174686569736d	38365
20706174686f67656e73	38366
204d756d	38367
207265696e74726f6475	38368
20333037	38369
69485544	38370
20666c6173686c69676874	38371
207377656172696e67	38372
2070656e6775	38373
4275	38374
20726f7461746564	38375
204372616e65	38376
202829293b	38377
2066617368696f6e61626c65	38378
20656e646f7273696e67	38379
343633	38380
295b	38381
20696e67657374696f6e	38382
20636f6f6b73	38383
20393530	38384
6f746f6d79	38385
20496d616d	38386
206b61	38387
20746561736572	38388
2047686f737473	38389
20e382b5	38390
31393639	38391
cf83	38392
75626279	38393
20636f6e766572746572	38394
7a616e6e65	38395
656e6465	38396
20507265706172	38397
204e69636b656c	38398
204368696d657261	38399
68696d	38400
20547972616e6e	38401
2053616262617468	38402
204e6963686f6c73	38403
2072617074	38404
69686172	38405
207368656c6c696e67	38406
20696c6c756d696e617465	38407
2064656e74697374	38408
75746f72	38409
20496e746567726174696f6e	38410
207768696d73	38411
204c69746572617279	38412
4265617574	38413
2070617263686d656e74	38414
6167617261	38415
4272616e64	38416
206465726f67	38417
e280a629	38418
204e6f727365	38419
20756e77697474696e67	38420
20637563	38421
20626f726465726c696e65	38422
20757073657474696e67	38423
207265636f75727365	38424
20647261706564	38425
205261646172	38426
20636f6c646572	38427
205065707369	38428
696d696e617279	38429
5d2c5b	38430
363538	38431
5669	38432
204672656d	38433
20506573	38434
207665746572696e617279	38435
20544544	38436
2045706964656d	38437
6e6f7661	38438
6b6964	38439
206465766f7574	38440
6f6374	38441
6a6164	38442
4d6f68	38443
20504159	38444
2067656f6d6574726963	38445
20333233	38446
2063697263756d666572656e6365	38447
69636869636b	38448
31393735	38449
2059757269	38450
205368616c6c	38451
20486f766572	38452
756e696e	38453
537072	38454
206772616674	38455
2048617070696e657373	38456
20646973616476616e7461676573	38457
61747461636b73	38458
2068756273	38459
20537461724372616674	38460
e996	38461
2067616c6c6572696573	38462
204b6f727261	38463
2067726f636572696573	38464
20476f7273756368	38465
2072617069737473	38466
2066756e6769	38467
20547970686f6f6e	38468
566563746f72	38469
20456d7072657373	38470
626174746c65	38471
343638	38472
207061726173697465	38473
20426f6d626572	38474
5347	38475
6578697374	38476
205066	38477
20756e7365	38478
2073757267656f6e73	38479
4269727468	38480
20556e73757265	38481
205072696e746564	38482
204265686176696f72616c	38483
204173746572	38484
50616b697374616e	38485
20756e6574686963616c	38486
207376	38487
20496f54	38488
206c61796f757473	38489
5061696e	38490
20636f6e7374616e7473	38491
204c57	38492
2042616b65	38493
20746f77656c73	38494
206465746572696f726174696f6e	38495
20426f6c69766961	38496
20626c696e646564	38497
2057617264656e	38498
204d69737472657373	38499
206f6e7374616765	38500
20636c616e73	38501
2042455354	38502
31393630	38503
20616e7469717565	38504
20726865746f726963616c	38505
205065726379	38506
205277616e6461	38507
2c2e	38508
4272756365	38509
20747261756d6174	38510
205061726c69616d656e74617279	38511
20666f6f746e6f7465	38512
69646961	38513
204c6561726e6564	38514
7365656b696e67	38515
67656e6963	38516
2064696d656e73696f6e616c	38517
48696465	38518
e88085	38519
20696e747269677565	38520
696e7365	38521
206c6561736573	38522
2061707072656e7469636573	38523
77617368696e67	38524
2031393236	38525
56494c4c45	38526
2073776f6f70	38527
73636c	38528
20626564726f6f6d73	38529
6f6e696373	38530
204372756e6368	38531
636f6d70617469626c65	38532
20696e6361706163	38533
2059656d656e69	38534
617368747261	38535
7a686f75	38536
64616e676572	38537
206d616e69666573746174696f6e73	38538
2044656d6f6e73	38539
414146	38540
536563726574617279	38541
4143544544	38542
4c4f44	38543
20616d79	38544
7261706572	38545
6574686e6963	38546
343137	38547
20706f73697469766573	38548
20323733	38549
205265667567656573	38550
20757362	38551
2056616c64	38552
6f646479	38553
204d61686d6f7564	38554
41736961	38555
20736b756c6c73	38556
2045786f647573	38557
20436f6d706574	38558
204c4943	38559
204d616e73696f6e	38560
20416d65	38561
20636f6e736f6c6964617465	38562
73746f726d73	38563
6f6e74656e74	38564
393936	38565
20636c656e	38566
206d756d6d79	38567
666c6174	38568
373538	38569
20564f4c	38570
6f7465726963	38571
6e656e	38572
204d696e757465	38573
536f76	38574
2066696e6572	38575
5268	38576
6c79636572	38577
207265696e666f7263656d656e7473	38578
204a6f68616e6e6573	38579
2047616c6c6167686572	38580
2067796d6e	38581
53756464656e6c79	38582
206578746f7274696f6e	38583
6b72	38584
6961746f72	38585
5461	38586
20686970706f63616d707573	38587
4e5052	38588
20436f6d707574696e67	38589
207371756172656c79	38590
206d6f64656c6c696e67	38591
20466f72756d73	38592
204c697370	38593
204b726973686e61	38594
20333234	38595
20727573686573	38596
20656e73756564	38597
206372656570696e67	38598
6f6e7465	38599
6e6169	38600
696c61746572	38601
20486f726e657473	38602
206f626c6976696f7573	38603
494e5354	38604
353539	38605
206a656f7061726479	38606
2064697374696e6775697368696e67	38607
6a75726564	38608
2062656773	38609
73696d696c6172	38610
70686f74	38611
353330	38612
205061726b776179	38613
2073696e6b73	38614
2048656172746873746f6e65	38615
69627572	38616
204261746f6e	38617
41766f6964	38618
2064616e636572	38619
206d616769737472617465	38620
6172796e	38621
2064697374757262616e636573	38622
20526f6d65726f	38623
20706172617068	38624
206d69736368696566	38625
e29693	38626
20536861726961	38627
207572696e617279	38628
726f757465	38629
69766173	38630
666974746564	38631
20656a6563746564	38632
20416c627571756572717565	38633
20343730	38634
20697272697461746564	38635
205a6970	38636
2042696f6c	38637
c38d	38638
2064656e6f756e6365	38639
2062696e6172696573	38640
205665727365	38641
206f70706f73	38642
204b656e647269636b	38643
2047504c	38644
2073706577	38645
20456c696a6168	38646
20456173	38647
2064726966746564	38648
736f666172	38649
20616e6e6f79616e6365	38650
20424554	38651
343734	38652
205374726f6e6768	38653
697461746573	38654
20436f676e6974697665	38655
6f70686f6e65	38656
204964656e74696669636174696f6e	38657
6f6372696e65	38658
636f6e6e656374696f6e	38659
20626f786572	38660
20415344	38661
204172656173	38662
59616e67	38663
746368	38664
756c6c6168	38665
2064656365697665	38666
436f6d626174	38667
657069736f6465	38668
6372657465	38669
5769746e657373	38670
20636f6e646f6c656e636573	38671
68746172	38672
206865616c73	38673
206275636b657473	38674
204c4157	38675
426c75	38676
20736c6162	38677
204f52444552	38678
6f636c	38679
6174746f6e	38680
2053746576656e736f6e	38681
2047696e676572	38682
20467269656e646c79	38683
2056616e64657262696c74	38684
737069726974	38685
69676c	38686
20526567617264696e67	38687
2050524f47	38688
207365616c696e67	38689
7374617274696e67	38690
2063617264696e616c	38691
20566563	38692
2042656972	38693
206d696c6c697365636f6e6473	38694
7765616b	38695
7065727365	38696
2073746572696c65	38697
20436f6e74656d706f72617279	38698
205068616e74	38699
20436c6f	38700
206f757470	38701
206578696c6564	38702
20323737	38703
2073656c666965	38704
206d616e6963	38705
206e616e6f	38706
7465726d73	38707
416c6578616e646572	38708
207265736f6c766573	38709
206d696c6c656e6e6961	38710
206578706c6f646573	38711
20636f6e7374656c6c6174696f6e	38712
206164756c74657279	38713
6d6f74696f6e	38714
444f43	38715
2062726f616463617374657273	38716
206b696e64657267617274656e	38717
204d617977656174686572	38718
2045636f	38719
6963686f	38720
20323837	38721
6c61756e	38722
206d757465	38723
206469736372656574	38724
207072657363686f6f6c	38725
20707265656d7074	38726
44656c657465	38727
204672656564	38728
5069	38729
484b	38730
20626c6f636b6572	38731
2043756d626572	38732
2077726f75676874	38733
646174696e67	38734
20696e7375726572	38735
2071756f746173	38736
207072656163686564	38737
206576696374696f6e	38738
20526567696e61	38739
2050656e73	38740
20736576656e7465656e	38741
204e617373	38742
4469636b	38743
20666f6c6473	38744
20646f74746564	38745
20416164	38746
556e6976657273616c	38747
2070697a7a	38748
2047757275	38749
20736f696c73	38750
206e6f76696365	38751
204e65616e646572	38752
2073746f6f6c	38753
206465746f6e61746564	38754
2050696b61636875	38755
204d617373697665	38756
49564552	38757
20416264656c	38758
2073756264756564	38759
2074616c6c657374	38760
20707265636172696f7573	38761
206179	38762
72696669636174696f6e	38763
204f626a	38764
63616c65	38765
20756e7175657374696f6e	38766
63756c6f736973	38767
61646173	38768
69677261746564	38769
44617973	38770
20717565656e73	38771
2047617a65747465	38772
20436f6c6f7572	38773
20426f776d616e	38774
204a4a	38775
c3af7665	38776
20646f6d696e61746573	38777
53747564656e74	38778
206d75	38779
206261636b6c6f67	38780
20456c656374726f	38781
5472757468	38782
343833	38783
20636f6e64656e736564	38784
72756c6573	38785
20436f6e73706972616379	38786
206163726f6e796d	38787
68616e646c6564	38788
204d61747465	38789
6a7269	38790
20496d706f737369626c65	38791
6c756465	38792
6372656174696f6e	38793
207761726d6564	38794
20536c617665	38795
206d69736c6564	38796
206665726d656e74	38797
204b6168	38798
696e6b69	38799
6b656c65746f6e	38800
63796c	38801
204b6172696e	38802
48756e746572	38803
5265676973746572	38804
20537572726579	38805
20737461726573	38806
205769647468	38807
204e6179	38808
20536b69	38809
20626c61636b6c697374	38810
75636b6574	38811
20657870756c73696f6e	38812
696d6574	38813
2072657477656574	38814
76616e74616765	38815
46656174757265	38816
2074726f6f70657273	38817
20686f6d657273	38818
393639	38819
20636f6e74696e67656e6379	38820
20575443	38821
20427265776572	38822
666f726569676e	38823
57617265	38824
536f6c6172	38825
20756e647565	38826
524543	38827
756c6e657261626c65	38828
706174686963	38829
20426f697365	38830
20333232	38831
2061726f75736564	38832
2059696e67	38833
e4b88d	38834
75656c657373	38835
20706173	38836
206d6f7270	38837
20666c6f72616c	38838
45787072657373	38839
756467696e67	38840
6b42	38841
204772616e746564	38842
d8af	38843
204d69636861	38844
20476f74686963	38845
205350454349414c	38846
205269636172646f	38847
4672616e	38848
2061646d696e6973746572696e67	38849
363230	38850
706f7261	38851
20c2ae	38852
20636f6d70726f6d69736573	38853
2062697474656e	38854
416363657074	38855
546869727479	38856
d0b2	38857
206d6174657269616c6c79	38858
2054657272	38859
69676d61746963	38860
636861696e73	38861
20646f7665	38862
7374616474	38863
4d617276656c	38864
4641554c54	38865
2077696e64736869656c64	38866
20333336	38867
6164696572	38868
207377617070696e67	38869
20666c61776c657373	38870
205072656461746f72	38871
204d696368656c65	38872
2070726f70756c73696f6e	38873
2050737963686963	38874
2061737369676e696e67	38875
206661627269636174696f6e	38876
206261726c6579	38877
6c757374	38878
20746f776572696e67	38879
20616c746572636174696f6e	38880
2042656e746c6579	38881
537068657265	38882
2074756e61	38883
20436c6173736573	38884
46726565646f6d	38885
756e6572	38886
4c616479	38887
766f696365	38888
20636f6f6c657374	38889
6f7272	38890
2070616c70	38891
247b	38892
206879737465726961	38893
204d65746174726f6e	38894
70616e7473	38895
20737061776e696e67	38896
45787065727473	38897
20496e766573746f7273	38898
20416e6172636879	38899
20736872756e6b	38900
2056696374696d	38901
20323839	38902
2065637374617379	38903
2042696e64696e67	38904
353835	38905
204d656c6f6479	38906
353738	38907
6f74616c6c79	38908
2045747379	38909
6c696761	38910
206170706c6175646564	38911
207377656174696e67	38912
2072656469737472696275746564	38913
20706f70636f726e	38914
2073656d696e616c	38915
667572	38916
204e6575726f736369656e6365	38917
52616e64	38918
204f7374	38919
204d616464656e	38920
20496e6372656173696e67	38921
204461776b696e73	38922
20537562776179	38923
20617273656e	38924
636f6e73657276	38925
425552	38926
207370696b6564	38927
204c796674	38928
20496d70657269756d	38929
2044726f70626f78	38930
206661766f75726564	38931
20656e636f6d706173736573	38932
67686f7374	38933
20696e737069726573	38934
2062757267656f6e696e67	38935
20596f736869	38936
20566572746963616c	38937
2041756469746f72	38938
20696e74656e64696e67	38939
2066696c69627573746572	38940
426c6f6f6d	38941
666163	38942
2043617673	38943
69676e696e67	38944
20636f776f726b657273	38945
2042617262617269616e	38946
72656d656d626572	38947
464c4147	38948
2061756469746f7279	38949
61736f6e7279	38950
436f6c6c656765	38951
206d75746564	38952
67656d6f6e79	38953
6f62696e	38954
2050737963686f	38955
393638	38956
206c6176697368	38957
2068696572617263686963616c	38958
2044726f6e65	38959
6f756b	38960
2063726970706c6564	38961
204d6178696d	38962
536c6f74	38963
207175697a	38964
20566964	38965
69666c696e67	38966
206172636861656f6c6f6769737473	38967
206162616e646f6e6d656e74	38968
6469616c	38969
6c656f6e	38970
20466173	38971
546564	38972
20726173706265727279	38973
206d616e657576657273	38974
206265686176696f757273	38975
20696e73757265	38976
2072656d6f64	38977
537769746368	38978
686f65	38979
20737061636564	38980
206166666f72646162696c697479	38981
204665726e	38982
6e6f746174696f6e	38983
2042616c616e636564	38984
206f63637570696573	38985
656e7669726f6e6d656e74	38986
206e65636b6c616365	38987
20736564616e	38988
4655	38989
20427261766f	38990
2061627573657273	38991
20416e697461	38992
6d65746164617461	38993
20476974687562	38994
6169746f	38995
20466173746572	38996
205761737365726d616e	38997
20466c657368	38998
2074686f726e	38999
726172696c79	39000
204d65727279	39001
77696e65	39002
20706f70756c616365	39003
204c616e6e	39004
20726570616972696e67	39005
20707379636865	39006
206d6f64756c6174696f6e	39007
6177617275	39008
e2808be2808b	39009
6172696a	39010
206465636f726174696f6e73	39011
2061706f6c6f67697365	39012
2047617267	39013
6170706c79	39014
206769766561776179	39015
20466c616e	39016
205779617474	39017
55626572	39018
20617574686f7269736564	39019
204d6f72616c	39020
4841484148414841	39021
6163746976617465	39022
20746f727065646f	39023
20464152	39024
20616d6173736564	39025
204172616d	39026
61726b696e	39027
2056696374696d73	39028
73746162	39029
206f6d	39030
2045434f	39031
206f70696f696473	39032
20707572706f73656c79	39033
2056657374	39034
20657267	39035
6174616e	39036
2053757267657279	39037
20636f7272656374696e67	39038
204f7274697a	39039
2042656574	39040
207265766f6b65	39041
2066726565776179	39042
2048696767696e73	39043
4661696c	39044
204661726d73	39045
20415450	39046
686f756e64	39047
20706f6b696e67	39048
20436f6d6d756e69737473	39049
6d6f6e73746572	39050
696d656e74617279	39051
20756e6c6f636b696e67	39052
20756e666974	39053
77656564	39054
656e6172696f	39055
61746963616c	39056
20456e6c69676874656e6d656e74	39057
204e47	39058
20436f6d70656e736174696f6e	39059
6465656e	39060
205769646f77	39061
2043696e6479	39062
2041667465727761726473	39063
2036303030	39064
696b6861696c	39065
61676963616c6c79	39066
207261746966696564	39067
2063617375616c7479	39068
484f4d45	39069
70736579	39070
666565	39071
20737061726b6c696e67	39072
2064c3a9	39073
20636f6e636572746564	39074
436174616c	39075
20636f6d706c79696e67	39076
2041726573	39077
2044656e74	39078
53687574	39079
20736b696d	39080
61646d696e697374	39081
20686f7374696c6974696573	39082
2047696e73	39083
20363038	39084
206d75646479	39085
204d63496e74	39086
204465636179	39087
353235	39088
20636f6e73706963756f7573	39089
204578706f73757265	39090
2072657363696e64	39091
207765617261626c65	39092
20333238	39093
6f75726d6574	39094
616873	39095
20526f626f7473	39096
2065636c697073	39097
696e7374616e6365	39098
205245504f5254	39099
204170706c	39100
303330	39101
20536b696573	39102
30313030	39103
2066616c6c616379	39104
536f636b6574	39105
205265636569766572	39106
20736f6c766573	39107
20427574746572666c79	39108
2053686f7070696e67	39109
2046495245	39110
363534	39111
4d65646963	39112
2073696e67657273	39113
204e6565646c657373	39114
27272727	39115
697368657273	39116
2044697665	39117
353838	39118
2073656c6563746976656c79	39119
20636c756d7379	39120
383839	39121
20707572636861736572	39122
6561726e6564	39123
61726479	39124
2062656e65666974696e67	39125
656e676c697368	39126
207969656c64696e67	39127
20506f7572	39128
207370696e616368	39129
2064656c7665	39130
2043726f6d	39131
363130	39132
206578706f7274696e67	39133
204d414b45	39134
20323633	39135
2067726f70	39136
20656e766f79	39137
20496e7175697279	39138
204c75696769	39139
647279	39140
20547572696e67	39141
5468756d626e61696c496d616765	39142
2056617269657479	39143
206661636574	39144
20666c75666679	39145
206578636572707473	39146
2073686f727468	39147
204f6c73656e	39148
434c5544	39149
2072656c69616e74	39150
20554e43	39151
546f7572	39152
2062617468696e67	39153
436f6d70616e79	39154
20676c6f62616c697a6174696f6e	39155
50726564	39156
204d616c666f79	39157
20686f63	39158
6a616d	39159
63726166746564	39160
20426f6e6473	39161
204b697373696e676572	39162
456e676c616e64	39163
206f726465726c79	39164
636174656e747279	39165
20323631	39166
2065786368616e67696e67	39167
20496e74656e74	39168
20416d656e646d656e7473	39169
444f4d	39170
2073746f7574	39171
c2a0c2a0c2a0c2a0c2a0c2a0c2a0c2a0c2a0c2a0c2a0c2a0c2a0c2a0c2a0c2a0	39172
20416972627573	39173
20323738	39174
68796465	39175
506f6c6c	39176
4974656d5468756d626e61696c496d616765	39177
206c6f6f70686f6c6573	39178
2050696c6c6172	39179
206578706c6f72	39180
53747265746368	39181
4170617274	39182
20756e6d617272696564	39183
4c696d6974	39184
205472616e73666f726d657273	39185
20696e74656c6c65637475616c6c79	39186
756e6374757265	39187
31383030	39188
206461726e	39189
4272617a696c	39190
206c6566746f766572	39191
6265727573	39192
66726564	39193
4d696e656372616674	39194
333236	39195
20466f726d73	39196
2070726f6f6673	39197
2044657369676e6564	39198
20696e6465786573	39199
20537570706f7365	39200
454d53	39201
204c6f76696e67	39202
20426f6e6e6965	39203
696d6174696e67	39204
4f545553	39205
20636f6e647563746f72	39206
2062656861766564	39207
204672656e	39208
2073796e657267	39209
206d696c6c656e6e69756d	39210
206361746572696e67	39211
204c6175646572	39212
5772	39213
205969616e6e6f706f756c6f73	39214
20415446	39215
20656e736c61766564	39216
206177616b656e6564	39217
445644	39218
2045444954494f4e	39219
20436f6e63657274	39220
204368616c6c656e676572	39221
2048616b75	39222
756d65726963	39223
2064657072656361746564	39224
2053484152	39225
343132	39226
20647973746f70	39227
207472656d626c696e67	39228
2064726561646564	39229
2053706163	39230
70616464696e67	39231
5265706c	39232
204761727269736f6e	39233
4d696e69	39234
20756e706172616c6c656c6564	39235
616d6172	39236
555252454e54	39237
777265636b	39238
6365727461696e	39239
74616c	39240
20434c53	39241
617070696e6773	39242
2073656e736564	39243
2066656e63696e67	39244
205061736f	39245
204465736b	39246
2073636f6666	39247
20636f6e74656d706c617465	39248
204c696761	39249
6c6971756964	39250
373537	39251
2061707072656e74696365	39252
20554348494a	39253
353730	39254
2054686f7573616e64	39255
20496c6c756d	39256
206368616d70696f6e6564	39257
e3828c	39258
20656c6563746f7273	39259
20333938	39260
2048616e636f636b	39261
726f756e646564	39262
204a4f484e	39263
20756e736174697366	39264
207175616c6966696572	39265
20476164676574	39266
454e45	39267
20646561646c69657374	39268
20506c616e7473	39269
20696f6e73	39270
20616363656e7473	39271
20747765616b696e67	39272
20736861766564	39273
46524545	39274
20436861736572	39275
416761696e7374	39276
393630	39277
206d657468616d70686574616d696e65	39278
206e6f726d616c697a6564	39279
20245c	39280
20507265636973696f6e	39281
204775616d	39282
2063686f6b6564	39283
20584949	39284
2043617374696e67	39285
546f7272656e74	39286
207363616c70	39287
204a6167756172	39288
776974	39289
2073656d6963	39290
69786965	39291
20476f756c64	39292
20636f6e66696e6573	39293
4e75737261	39294
204c6f6e	39295
204a756767	39296
79636c65	39297
20436f646563	39298
4567797074	39299
20726573747261696e	39300
20416c69656e73	39301
2063686f6b696e67	39302
2044756e6b	39303
2042656c6c61	39304
616263	39305
20736c616e67	39306
206e6575726f7472616e73	39307
736176	39308
20656d706f7765726d656e74	39309
e28692	39310
20636c696d62657273	39311
204d696d	39312
20467261	39313
726f737365	39314
4361706974616c	39315
20437468756c6875	39316
496e74657266616365	39317
2070726f66696369656e74	39318
20494e544f	39319
20333138	39320
726f6e74616c	39321
353830	39322
2044657370616972	39323
4b656e6e	39324
20736372696d6d616765	39325
20436f6174	39326
6173696f6e73	39327
2077616c6c7061706572	39328
204a6f6c	39329
20726573757267656e6365	39330
20616e746976	39331
2042616c6c73	39332
b2be	39333
2062756666657273	39334
2073756273797374656d	39335
205374656c6c6172	39336
204c756e67	39337
41494453	39338
20657261646963617465	39339
20626c6174616e746c79	39340
2062656861766573	39341
204e756e	39342
20616e74696373	39343
6578706f7274	39344
444556	39345
7762	39346
20706870	39347
20496e74656772697479	39348
206578706c6f726572	39349
207265766f6c76696e67	39350
617574686f726564	39351
67616e73	39352
206261736b	39353
206173796e6368726f6e6f7573	39354
e58d	39355
5448494e47	39356
363938	39357
47656e65	39358
205261636572	39359
204e69636f	39360
697373756564	39361
207365726d6f6e	39362
706f737369626c79	39363
2073697a656f66	39364
20656e7472657072656e65757269616c	39365
6f78696e	39366
204d696e65727661	39367
20706c61746f6f6e	39368
6e6f73	39369
72696b73	39370
415554	39371
204176616c616e636865	39372
2044657363	39373
91e5a3ab	39374
20506f63	39375
20636f6e666572726564	39376
cebb	39377
2070617463686564	39378
464249	39379
363632	39380
20667261637475726573	39381
2064657465637473	39382
206465646963617465	39383
20636f6e7374697475656e74	39384
20636f736d6f73	39385
5754	39386
20737765617473	39387
20737072756e67	39388
62617261	39389
736f6c6964	39390
20756e737573	39391
2062756c6b79	39392
205068696c69707065	39393
2046656e726972	39394
2074686572617069737473	39395
6f7265616c	39396
5e5e5e5e	39397
20746f74616c6564	39398
20626f6f7a65	39399
20525043	39400
50726f73656375746f7273	39401
20646973656e67	39402
20536861726564	39403
206d6f746f726379636c6573	39404
20696e76656e74696f6e73	39405
206c657474756365	39406
204d65726765	39407
204a43	39408
2073706972697475616c697479	39409
205741524e494e47	39410
20756e6c75636b79	39411
2054657373	39412
20746f6e67756573	39413
20445549	39414
54756d626c72	39415
206c65616e73	39416
20696e766164657273	39417
2063616e6f7079	39418
20487572726963616e6573	39419
2042726574	39420
204150504c4943	39421
6964696e65	39422
69636b6c65	39423
526567617264696e67	39424
2076656767696573	39425
20656a6163	39426
6a7576656e	39427
46697368	39428
44454d	39429
2044696e6f	39430
5468726f77	39431
20436865636b696e67	39432
6265617264	39433
2826	39434
206a61696c73	39435
206872	39436
7472616e73666572	39437
69766174696e67	39438
20666c65657473	39439
20496d6167	39440
204d63446f6e6e656c6c	39441
20736e6970706574	39442
497361	39443
204368617474	39444
20537461696e	39445
20536574466f6e7453697a65	39446
204f79	39447
204d617468656d6174696373	39448
343934	39449
20656c656374726f6c79	39450
20476f7474	39451
2042726173	39452
424f4f4b	39453
2046696e676572	39454
64756d70	39455
206d7574616e7473	39456
2072656e74616c73	39457
20696e7465727477	39458
20637265656b	39459
61696c61	39460
42726f74686572	39461
20446973636f7264	39462
706565	39463
7261776c6572	39464
2063617270	39465
20323739	39466
e382b7e383a3	39467
72656c6174696f6e73	39468
20636f6e747261737473	39469
436f6c756d6e	39470
207265636f6e6e61697373616e6365	39471
20756e6b6e6f77	39472
206c6f6f74696e67	39473
20726567756c61746573	39474
206f7074696d756d	39475
20436865726f6b6565	39476
20417279	39477
4c6174657374	39478
20726f616473696465	39479
2064616e636564	39480
20556e69636f726e	39481
41636b6e6f776c6564	39482
20756e636f6e74726f6c6c	39483
204d5553	39484
6174696f	39485
6368616e6365	39486
686176656e	39487
56414c5545	39488
206661766f757269746573	39489
20636572656d6f6e69616c	39490
62696e617279	39491
70656564	39492
776f6f6473	39493
454d50	39494
2076617363756c6172	39495
20636f6e74656d706c61746564	39496
2062617272656e	39497
204c495354	39498
59656c6c6f77	39499
6f73706f6e736f7273	39500
20776869736b79	39501
204d616d6d	39502
204465566f73	39503
6d696e696d756d	39504
48756e67	39505
343432	39506
506963	39507
20536e6170647261676f6e	39508
373736	39509
2063617276696e67	39510
20756e64656369646564	39511
20616476616e746167656f7573	39512
2070616c6d73	39513
204151	39514
20737461726368	39515
4c6f6f70	39516
20706164646c65	39517
20666c616d696e67	39518
20486f72697a6f6e73	39519
416e696d6174696f6e	39520
626f6f7374	39521
2070726f626162696c6974696573	39522
204d697368	39523
2065786f647573	39524
20456469746f7269616c	39525
2066756e677573	39526
2064697373656e74696e67	39527
2044656c6963696f7573	39528
726f6772616d	39529
2044796e	39530
6469736b	39531
746f6d	39532
2066616272696373	39533
20436f7665	39534
2042616e73	39535
20736f6674656e	39536
20434f4e53	39537
20696e656c696769626c65	39538
20657374696d6174696e67	39539
204c6578696e67746f6e	39540
7072616374696365	39541
6f6669	39542
207368656464696e67	39543
204e6f7065	39544
206272656174686564	39545
20436f72696e746869616e73	39546
796e65	39547
656b69	39548
42756c6c	39549
20617474616368696e67	39550
7265656e73686f7473	39551
20616e616c797365	39552
204b61707061	39553
20756e7375737461696e61626c65	39554
20696e746572706f6c	39555
616e6b79	39556
68656d6572	39557
2070726f7461676f6e69737473	39558
20666f726d6174746564	39559
204272796365	39560
20416368696c6c6573	39561
2041626564696e	39562
73686f636b	39563
2062756d	39564
626f73	39565
717561	39566
205761726e	39567
7174	39568
204469616265746573	39569
383634	39570
20496e76697369626c65	39571
2076616e697368	39572
207472616e736d697474696e67	39573
206d75726b79	39574
20466569	39575
2061776169746564	39576
204a75726173736963	39577
756d6d696573	39578
206d656e6163696e67	39579
67616c6c	39580
43617468	39581
4275696c74	39582
696c646f	39583
20566f746573	39584
206f6e74	39585
206d756e6974696f6e73	39586
20467265656d	39587
c3ad6e	39588
20646563656e6379	39589
6c6f7070	39590
6965766564	39591
20476f7264	39592
20756e7468696e6b61626c65	39593
204e6577737765656b	39594
20333231	39595
48656174	39596
2070726573656e746572	39597
6a69616e67	39598
20706c616e6b	39599
204176616c6f6e	39600
2062656e7a	39601
20526f7574	39602
20736c616d6d696e67	39603
20446169	39604
6f75746572	39605
20436f6f6b6965	39606
20416c69636961	39607
676579	39608
2076616e697479	39609
206f776c	39610
e1b5	39611
746573746564	39612
204177616b656e73	39613
2063616e76	39614
20626c696e646c79	39615
205269646c6579	39616
20456d61696c73	39617
5265717569726573	39618
205365726269616e	39619
6f67726170686564	39620
696672616d65	39621
657465726961	39622
20616c7465726e6174696e67	39623
7175696574	39624
20736f63696f6c6f6779	39625
20556e6c6f636b	39626
20436f6d6d756e69736d	39627
206f7073	39628
206174747269627574696f6e	39629
20616264756374696f6e	39630
20416272616d	39631
20736964656c696e6564	39632
20424f4f4b	39633
20726566696e696e67	39634
204665656c696e67	39635
204f736c6f	39636
20507275697474	39637
7261636b	39638
616e6769626c65	39639
2063617574696f75736c79	39640
204d41524b	39641
65656473	39642
4d6f757365	39643
205374657068	39644
2050616972	39645
536162	39646
393937	39647
204261616c	39648
426563	39649
20636f6d6d61	39650
2050616c6c	39651
204761656c	39652
206d6973756e6465727374616e64	39653
2050657368	39654
4f7264657261626c65	39655
206469736d616c	39656
205368696e79	39657
2522	39658
207265616c6973746963616c6c79	39659
20706174696f	39660
204777	39661
20566972747565	39662
2065786861757374696e67	39663
7768617465766572	39664
6f70687973	39665
796970	39666
343138	39667
41646a757374	39668
2057616974696e67	39669
6573736f6e	39670
204d617a6461	39671
20446f7a656e73	39672
2073747265616d6c696e6564	39673
20696e636f6d706574656e6365	39674
204d657468	39675
206574686f73	39676
4f4e4553	39677
20696e63656e746976	39678
20677269747479	39679
2042757463686572	39680
486561646572	39681
206578706f6e656e7469616c	39682
c39f	39683
20636f7272656c617465	39684
20636f6e73656e7375616c	39685
736f756e64696e67	39686
52696e67	39687
4f726967696e	39688
20636f6e636c7573697665	39689
66656574	39690
61636c79	39691
204665726e616e64657a	39692
42757961626c65	39693
206475636b73	39694
61756e746c657473	39695
20656c6f6e67	39696
20323836	39697
2073696d756c	39698
476173	39699
204b69727374	39700
2070726f7472	39701
20526f626f	39702
20416f45	39703
6f706f6c	39704
2070737963686f6c6f676963616c6c79	39705
7370696e	39706
696c61746572616c6c79	39707
20436f6e726164	39708
57617665	39709
343431	39710
204164766572746973656d656e74	39711
204861726d6f6e	39712
204f7269656e74616c	39713
69735370656369616c	39714
2070726573756d7074697665	39715
2077696c	39716
204b696572	39717
6e6561	39718
2070706d	39719
20686172626f7572	39720
205769726564	39721
636f6d70616e79	39722
20636f726f6e6572	39723
6174757264617973	39724
2050726f7564	39725
204e455854	39726
20466c616b65	39727
76616c756564	39728
636569766572	39729
2066726175676874	39730
20636173696e67	39731
2072756e61776179	39732
2067696e	39733
204c617572656e74	39734
204861726c656d	39735
20437572696f73697479	39736
71756973686564	39737
206e6575726f736369656e6365	39738
2048756c75	39739
20626f72726f776572	39740
207065746974696f6e6572	39741
20436f6f6c646f776e	39742
57415244	39743
20696e766f6b696e67	39744
636f6e666964656e6365	39745
466f7277617264	39746
20737473	39747
706f70756c6174696f6e	39748
44656c697665727944617465	39749
46696c6d	39750
20436f76	39751
717569636b53686970	39752
717569636b53686970417661696c61626c65	39753
7072696d617279	39754
69735370656369616c4f7264657261626c65	39755
696e76656e746f72795175616e74697479	39756
6368616e6e656c417661696c6162696c697479	39757
424f58	39758
204d756c7469706c61796572	39759
204a656e6e6572	39760
373738	39761
204d64	39762
207e2f2e	39763
4d4e	39764
206368696c64697368	39765
20616e74696f786964616e74	39766
204368726f6d65626f6f6b	39767
20323734	39768
2073637265656e706c6179	39769
20616476656e7475726f7573	39770
2052656c6174696f6e73686970	39771
726573706f6e73697665	39772
6d696e67746f6e	39773
20636f726e657273746f6e65	39774
20466579	39775
464952	39776
20726f6f6b696573	39777
20466561747572696e67	39778
206f726967696e617465	39779
20656c656374726f646573	39780
616e746573	39781
2073637269707475726573	39782
20676c756564	39783
20646973636f6e74656e74	39784
206166666c6963746564	39785
6c61796f7574	39786
4272617665	39787
206d6f7361	39788
205175616e74697479	39789
2048696b	39790
77696e6e6572	39791
486f757273	39792
20656e7461696c	39793
2043656c6c73	39794
6f6c6f677565	39795
2076696c	39796
207072656163686572	39797
206465636f726174697665	39798
646966666572656e74	39799
207072656a756469636573	39800
20536d6f6b696e67	39801
204e6f7474696e6768616d	39802
736f54797065	39803
2072687974686d73	39804
20416c7068	39805
626c617374	39806
537465656c	39807
2044616e69656c6c65	39808
20737472696665	39809
2072656d61746368	39810
736f44656c697665727944617465	39811
20466f726b	39812
74726970	39813
6f6c756c75	39814
6865736573	39815
4347	39816
20504f4c495449434f	39817
6f737461	39818
204472696674	39819
e9be8de5a5	39820
e9be8de5a591e5a3ab	39821
2076657474696e67	39822
204a696e70696e67	39823
20526563657373696f6e	39824
4d696e6f72	39825
204672617564	39826
656e6672616e6368	39827
20636f6e76656e6564	39828
204e41414350	39829
204d696c6c696f6e73	39830
204661726d696e67	39831
20576f6f	39832
20466c617265	39833
7269746f	39834
696d6d696772616e74	39835
20766163616e6379	39836
2048454144	39837
2056616a	39838
6567616c	39839
20566967696c	39840
5374756479	39841
207275696e696e67	39842
207261636b73	39843
20686561746572	39844
2052616e646f6c7068	39845
204272757368	39846
20546972	39847
d8a8	39848
20636f76	39849
255d	39850
207265636f756e7473	39851
204f5054	39852
204d656c74	39853
207472756365	39854
20636173696e6f73	39855
2063727573616465	39856
206361726e616765	39857
20737472697065	39858
204b796c	39859
5465787475726573	39860
20363938	39861
2070726f636c616d6174696f6e	39862
20676f6f64696573	39863
202e2e2e2e2e2e2e2e2e2e	39864
70726f636c61696d6564	39865
506f6c6974	39866
20746f706963616c	39867
207370656369616c697a65	39868
20416d696e	39869
676d	39870
20616e63686f726564	39871
2062656172696e6773	39872
73616d706c65	39873
20486967686c616e64	39874
2041757469736d	39875
206d657263656e617279	39876
20696e746572766965776572	39877
4c4552	39878
20536f6d657273	39879
20656d6272796f	39880
2041737379	39881
20323831	39882
2045646974696e67	39883
2043686f73656e	39884
363630	39885
20706369	39886
205468756e646572626f6c74	39887
42494c4c	39888
20636875636b6c6564	39889
6a726977616c	39890
686f66	39891
2065617274686c79	39892
28297b	39893
696e646570656e64656e6365	39894
2064697370657273	39895
2056656e646f72	39896
20476172657468	39897
2070616c73	39898
50656e6e	39899
205375626d6974	39900
6963756d	39901
546875	39902
20636c616e64657374696e65	39903
2063616e6e6962616c	39904
20436c65726b	39905
4553747265616d	39906
67616c6974617269616e	39907
e299a5	39908
676577	39909
20686f7272656e64	39910
204c6f76	39911
205265616374696f6e	39912
6f6372696e	39913
436c6173736963	39914
206563686f696e67	39915
20646973636c6f73696e67	39916
20496e7369676874	39917
6f67756e	39918
20496e6361726e	39919
75706c6f616473	39920
7070657263	39921
677579656e	39922
2031393031	39923
2042617273	39924
363837	39925
20627269626573	39926
20467265736e6f	39927
75726174	39928
205265657365	39929
20696e74727573697665	39930
206772697070696e67	39931
20426c75657072696e74	39932
205261736d	39933
756e6961	39934
6d616e61676564	39935
20486562646f	39936
20333435	39937
206465636f64696e67	39938
20706f657473	39939
206a617773	39940
204649474854	39941
616d656c657373	39942
204d6561646f7773	39943
204861726261756768	39944
496e74657276696577	39945
20486f7370	39946
20425241	39947
2064656c6574696f6e	39948
6d6f62	39949
57616c6b6572	39950
204d6f6f6e6c69676874	39951
204a6564	39952
20536f70686961	39953
2075737572	39954
20666f7274756e6174656c79	39955
2050757474696e67	39956
20466f6c64	39957
2073616e69746174696f6e	39958
20706172746973616e73	39959
49534f4e	39960
426f77	39961
20434f4e43	39962
2052656475636564	39963
20537574746f6e	39964
20746f75636873637265656e	39965
20656d6272796f73	39966
e280a2e280a2e280a2e280a2	39967
204b727567	39968
636f6d626174	39969
20506574726f6c65756d	39970
20616d64	39971
20436f736d6f73	39972
207072657363726962696e67	39973
20636f6e666f726d697479	39974
6f7572736573	39975
20706c656e746966756c	39976
20646973696c6c7573696f6e	39977
2045636f6c6f6779	39978
697474616c	39979
2066616e63	39980
20617373617373696e61746564	39981
7265676e616e6379	39982
20706572656e6e69616c	39983
2042756c6c657473	39984
207374616c65	39985
20636163686564	39986
204a7564697468	39987
204469736561736573	39988
416c6c656e	39989
206c6173	39990
20736861726473	39991
2053756172657a	39992
20467269656e6473686970	39993
696e74657266616365	39994
20537570706f7274657273	39995
6164646f6e73	39996
343632	39997
20496d72616e	39998
2057696d	39999
206e6577666f756e64	40000
204d62	40001
416e696d616c	40002
206461726c696e67	40003
616e6465	40004
20726879	40005
2054776973746564	40006
706f73616c	40007
796e736b69	40008
566172696f7573	40009
d79c	40010
204b6977	40011
75796f6d69	40012
2077656c6c6265696e67	40013
204c6175	40014
616e6f73	40015
20756e6d697374	40016
206d61634f53	40017
2072657374726f6f6d	40018
204f6c6976	40019
2041697277617973	40020
2074696d657461626c65	40021
393830	40022
20726164696f73	40023
766f79	40024
696173636f	40025
20636c6f756479	40026
2044726177696e67	40027
416e797468696e67	40028
5379726961	40029
2048657274	40030
7374616b696e67	40031
20756e636865636b6564	40032
206272617a656e	40033
204e5253	40034
363937	40035
6f6e6f6d6963	40036
65737461626c697368	40037
206c656e67	40038
20646961676f6e616c	40039
2046696f72	40040
4c616972	40041
205374617264	40042
20646566696369656e74	40043
6a6f696e696e67	40044
6265616d	40045
206f6d6e6970	40046
20626c656e646572	40047
2073756e72697365	40048
4d6f6f7265	40049
204661756c74	40050
20436f7374756d65	40051
204d7562	40052
466c616773	40053
616e7365	40054
207061796f7574	40055
20476f7665726e6f7273	40056
2044696c6c6f6e	40057
2042616e616e61	40058
4e6172	40059
20747261696c6564	40060
20696d70657269616c697374	40061
756d616e6e	40062
617473756b69	40063
343335	40064
20526f616473	40065
20736c7572	40066
20496465616c6c79	40067
207472656e63686573	40068
4374726c	40069
206d6972726f726564	40070
205a656c	40071
204372657374	40072
436f6d706174	40073
20526f6c6c73	40074
7363726962	40075
20547261696c73	40076
6f6d6574657273	40077
77696e746572	40078
20696d6d6f7274616c697479	40079
696c61746564	40080
20636f6e7472616469637473	40081
756e6976657273616c	40082
696c6c696f6e73	40083
204d616d61	40084
6f7074696d	40085
4154555245	40086
2067656f	40087
6574746572	40088
204361726c6f	40089
343234	40090
2063616e6f6e6963616c	40091
205374726f6e67686f6c64	40092
6e656172	40093
2070657266756d65	40094
206f7263686573747261	40095
6f64696163	40096
2075706865	40097
20726569676e696e67	40098
76657273697665	40099
206361756375736573	40100
2044454d	40101
20696e73756c746564	40102
202d2d2d2d2d2d	40103
204372757368	40104
20726f6f74696e67	40105
20577261697468	40106
2077686f7265	40107
20746f6675	40108
436d64	40109
2042726565	40110
20245f	40111
2072697665	40112
204164766572746973696e67	40113
2077617474	40114
20484f	40115
2070657273756173697665	40116
20506172616d6574657273	40117
206f62736572766174696f6e616c	40118
204e4354	40119
204d6f6a	40120
2053616c6f6e	40121
207472756e63	40122
20657871756973697465	40123
204d617261	40124
20706f6f70	40125
20414e4e	40126
457863	40127
20576f6e64657266756c	40128
205461636f	40129
20686f6d656f776e6572	40130
20536d697468736f6e69616e	40131
6f72706f7261746564	40132
6d6d6d6d	40133
206c6f6166	40134
2059616d61746f	40135
20496e646f	40136
20636c696e67696e67	40137
c3a173	40138
20696d6d757461626c65	40139
687562	40140
4f72616e6765	40141
2066696e67657274697073	40142
20576f6f64656e	40143
204b696464	40144
204a504d	40145
2044616d6e	40146
436f77	40147
636f646573	40148
343832	40149
20696e6974696174696e67	40150
20456c6b	40151
2043757474696e67	40152
20616273656e746565	40153
2056616e6365	40154
204c696c697468	40155
475549	40156
206f62736375726564	40157
2064776172766573	40158
2043686f70	40159
20426f6b6f	40160
56616c756573	40161
206d756c74696d65646961	40162
20627265776564	40163
526567756c6172	40164
4352495054494f4e	40165
204d6f7274616c	40166
2061706578	40167
2074726176656c6572	40168
20626f696c73	40169
207370726179696e67	40170
526570726573656e74	40171
205374617273686970	40172
343238	40173
20646973617070726f76616c	40174
20736861646f7779	40175
206c616d656e746564	40176
205265706c616365	40177
204672616ec3a7	40178
363737	40179
646f72	40180
20756e73746f707061626c65	40181
20636f686f727473	40182
67796e	40183
20436c617373696373	40184
20416d7068	40185
20736c756767697368	40186
20416464696374696f6e	40187
20506164726573	40188
20696e736372697074696f6e	40189
20696e68756d616e	40190
6d696e7573	40191
204a6572656d696168	40192
6174617273	40193
546572726f72	40194
20546f73	40195
20536861726d61	40196
61737461	40197
6361746368	40198
20706c756d62696e67	40199
2054696d62657273	40200
53686172	40201
48616c	40202
204f7363	40203
20636f75706c696e67	40204
68756d616e73	40205
2073706f6e6765	40206
2069646f6c73	40207
20537061	40208
204164766f63617465	40209
204265617473	40210
6c7561	40211
207469636b696e67	40212
206c6f61646572	40213
2047726f6e	40214
383130	40215
207374696d756c61746564	40216
2073696465626172	40217
204d616e756661637475726572	40218
6f7265416e64	40219
31393733	40220
2070726169736573	40221
20466c6f726573	40222
64697361626c65	40223
20456c656374726963616c	40224
7261697365	40225
457468	40226
206d69677261746564	40227
206c65637475726572	40228
4b696473	40229
2043617665726e	40230
206b6574746c65	40231
20676c7963	40232
204d616e64656c61	40233
2046756c6c79	40234
e5a7ab	40235
46494e455354	40236
2073717565657a696e67	40237
205279646572	40238
616d706f6f	40239
6f7265416e644f6e6c696e65	40240
496e73746f7265416e644f6e6c696e65	40241
42757961626c65496e73746f7265416e644f6e6c696e65	40242
20636f6d6d656d6f72617465	40243
2052616d70616765	40244
41757374696e	40245
205368726f7564	40246
205275696e73	40247
393135	40248
204b48	40249
20776174657266726f6e74	40250
20455343	40251
62616279	40252
20436f7574	40253
20456d626c656d	40254
206571756976616c656e7473	40255
343932	40256
556e69717565	40257
204e6965747a73636865	40258
62726f77736572	40259
20696d69746174696f6e	40260
2057657265776f6c66	40261
204b6972696e	40262
61636173	40263
272c22	40264
20c3be	40265
5265766965776564	40266
2063756e74	40267
20766f6963	40268
204c656e6f766f	40269
20626f6e646564	40270
343831	40271
20696e68696269746f7273	40272
20656e646561766f7273	40273
20486176616e61	40274
2053746f7574	40275
204a6f6c6c79	40276
4163746f72	40277
2a2f28	40278
206f6363757272656e636573	40279
2054656e73	40280
496e63726561736564	40281
20414354494f4e	40282
20e3808c	40283
2052616e6b696e6773	40284
204272656174	40285
20333039	40286
446f75	40287
20696d70616374696e67	40288
2044756368657373	40289
707265666978	40290
5142	40291
2073756d6d6f6e696e67	40292
20626573746f776564	40293
204b65706c6572	40294
20504f574552	40295
63756265	40296
204b697473	40297
2047726970	40298
206f7069756d	40299
20726570757461626c65	40300
746f63	40301
69636861656c	40302
20526970706c65	40303
20636166c3a9	40304
205a6f6f6d	40305
204275726d61	40306
207761697665	40307
207374616c6c73	40308
2064656d65616e6f72	40309
696e636572697479	40310
20666c756f72696465	40311
2053484f554c44	40312
5061726973	40313
206c6f6e67696e67	40314
20706c6174	40315
2067726f73736c79	40316
2062756c6c73	40317
2073686f77636173696e67	40318
6578706563746564	40319
2047616464616669	40320
656e67696e656572696e67	40321
526570656174	40322
204b7574	40323
20636f6e6365697661626c65	40324
207472696d6d6564	40325
6f73636f7065	40326
2043616e646964617465	40327
205465617273	40328
726f6c6f67	40329
4c65776973	40330
535550	40331
20726f61646d6170	40332
2073616c697661	40333
207472756d706574	40334
4a696d6d79	40335
206d69726163756c6f7573	40336
20636f6c6f6e697a6174696f6e	40337
20616d707574	40338
20474e4f4d45	40339
6174656368	40340
446966666572656e74	40341
20454c45	40342
20476f7665726e6d656e7473	40343
204168656164	40344
e3858be3858b	40345
776f72647072657373	40346
4c4942	40347
20496e636c756465	40348
20446f726f746879	40349
303435	40350
20436f6c6f6d6269616e	40351
206c6561736564	40352
383834	40353
20646567726164696e67	40354
204461697379	40355
696174696f6e73	40356
2062617074697a6564	40357
207375726e616d65	40358
636f78	40359
20626c696e6b6564	40360
e383a2	40361
20706f6c6c656e	40362
206465726d6174	40363
207265676578	40364
204e6963686f6c736f6e	40365
204561746572	40366
e79c	40367
7261646f72	40368
206e6172726f776572	40369
20687572726963616e6573	40370
2068616c6c7563696e6174696f6e73	40371
72696464656e	40372
495353494f4e	40373
2046697265666c79	40374
2061747461696e6d656e74	40375
206e6f6d696e617465	40376
2061766f6361646f	40377
204d65726564697468	40378
207473	40379
207265766572656e6365	40380
2065757068	40381
20637261746573	40382
2054455854	40383
20343433	40384
20333139	40385
4a534f4e	40386
69717565747465	40387
2073686f727473746f70	40388
69636b6579	40389
2070726f70656c6c6564	40390
20617069	40391
2054686965766573	40392
373739	40393
206f766572736177	40394
20636f6c69	40395
204e69636f6c61	40396
206f766572636c	40397
696b617761	40398
20437972	40399
20333834	40400
373839	40401
20416c6c6f7773	40402
31303237	40403
446574726f6974	40404
545259	40405
7365747570	40406
20536f6369616c69736d	40407
536f76696574	40408
73757370	40409
20415052	40410
2053687574646f776e	40411
20616c756d696e69756d	40412
7a62656b	40413
204c6f766572	40414
4747474747474747	40415
2064656d6f63726163696573	40416
2031393038	40417
204d657272696c6c	40418
204672616e636f6973	40419
6764616c61	40420
20747261666669636b657273	40421
2054696c	40422
20476f6174	40423
2073706564	40424
20526573657276	40425
2070726f64	40426
353532	40427
20636163	40428
20556e6976	40429
205363687765	40430
20737769726c696e67	40431
2057696c6465726e657373	40432
2045676773	40433
2073616464656e6564	40434
2061726368616963	40435
487964	40436
206578636573736976656c79	40437
425245	40438
206165726f7370616365	40439
20566f69636573	40440
4372616967	40441
2069676e69746564	40442
496e697469616c6c79	40443
204d6341	40444
2068616e64736574	40445
207265666f726d696e67	40446
206672757374726174696f6e73	40447
2044656164706f6f6c	40448
2042656c69636869636b	40449
726163746f72	40450
205261676e61726f6b	40451
2044727570616c	40452
20417070726f78696d6174656c79	40453
31393230	40454
20487562626c65	40455
61726d6f72	40456
205361726173	40457
204a6f6e6173	40458
206e6f7374616c676963	40459
20666561736962696c697479	40460
5361686172616e	40461
206f72626974696e67	40462
20393730	40463
5275	40464
207368696e	40465
20496e76657374696761746f7273	40466
20696e636f6e73697374656e63696573	40467
2050414e	40468
4247	40469
206772617a696e67	40470
206465746563746f7273	40471
2053746172747570	40472
2046756e6e79	40473
204e616f6d69	40474
436f6e7369646572696e67	40475
20686f67	40476
757466	40477
63656d6963	40478
20666f72746966696564	40479
2046756e6374696f6e73	40480
20636f646563	40481
6e7574726974696f6e	40482
486174	40483
2221	40484
6d6963726f736f6674	40485
353538	40486
205468696e	40487
20414345	40488
416c696173	40489
204f5053	40490
706170657273	40491
504b	40492
e3808e	40493
20696d70726f6261626c65	40494
4e6f72746865726e	40495
657175616c	40496
206c6f6f6b6f7574	40497
207479726573	40498
204d6f646966696564	40499
204b6f70	40500
4162736f6c7574656c79	40501
206275696c647570	40502
73696c766572	40503
2061756469	40504
2067726f746573717565	40505
205361626572	40506
20507265736279746572	40507
4f4e59	40508
20676c616369657273	40509
2053686f616c73	40510
204b617373	40511
20485243	40512
204e69636f6c	40513
204c756e6368	40514
20466f7373	40515
e29692	40516
41445241	40517
204f6e65506c7573	40518
6f696e67	40519
67726f756e6473	40520
20696e636964656e74616c	40521
206461746173657473	40522
363839	40523
20436c61726b736f6e	40524
20617373656d626c696e67	40525
20436f7272656374696f6e73	40526
206472696e6b657273	40527
207175616c696669657273	40528
206c65617368	40529
20756e666f756e646564	40530
2048756e64726564	40531
206b69636b6f6666	40532
5469	40533
207265636f6e63696c	40534
204772616e7473	40535
20436f6d706c69616e6365	40536
20446578746572697479	40537
2031393036	40538
7761726e	40539
44616c6c6173	40540
4d6178696d756d	40541
6e617264	40542
61766961	40543
6265617574	40544
656e7369746976697479	40545
7472616365	40546
2070696f6e65657273	40547
204672616374	40548
e3808f	40549
2070726563657074	40550
20676c6f737379	40551
2049454545	40552
4163726f7373	40553
20363830	40554
536c656570	40555
6368656f6e	40556
2073617469726963616c	40557
204d696e6f74617572	40558
20436c61756465	40559
2072c3a9	40560
617065676f	40561
20636172726f74	40562
2053656d696e	40563
696e6f61	40564
207a6f	40565
496e646570656e64656e74	40566
20646961676e6f736573	40567
20437565	40568
4d4152	40569
2072656e646974696f6e	40570
204b696b	40571
20706174686f6c6f6779	40572
2073656c65637473	40573
4c696e6b6564496e	40574
206173736179	40575
2044726573	40576
207465787475616c	40577
706f73746564	40578
4954414c	40579
204d61756c	40580
4e65616c	40581
20696e746572636f6e6e6563746564	40582
2065727261746963	40583
205669727573	40584
20353330	40585
20656e7669726f6e6d656e74616c69737473	40586
205068656c7073	40587
20656e676167656d656e7473	40588
20494e5354	40589
2065636f6e6f6d6963616c	40590
6e6f78696f7573	40591
2067656172696e67	40592
697a7a79	40593
206661766f7261626c79	40594
204d6347696c6c	40595
5465726d	40596
2068616e676564	40597
2062616c6c7061726b	40598
205265796573	40599
20626577617265	40600
205073616c	40601
204d61737361637265	40602
7169	40603
20696e61636365737369626c65	40604
61636c79736d	40605
2066726179	40606
696c6c6163	40607
206269747465726c79	40608
2043657274696669636174696f6e	40609
4d6963686967616e	40610
20697272657370656374697665	40611
616c6f7265	40612
456d707479	40613
20656e646f7273656d656e7473	40614
20756e646574	40615
6667	40616
6571756970706564	40617
206d657263696c657373	40618
2043757374	40619
20696d6d6174757265	40620
20766f7563686572	40621
20426c61636b77656c6c	40622
d18f	40623
6861776b	40624
6469736369706c696e617279	40625
696c6565	40626
204d616b6f746f	40627
2044756465	40628
e38387e382a3	40629
5965617273	40630
20696e766572	40631
207368616d616e	40632
20596f6e67	40633
6970656c	40634
656c6c656e	40635
204361746879	40636
6272696473	40637
2073617263	40638
363531	40639
4e656172	40640
2067726f756e64776f726b	40641
20616d617a	40642
20343135	40643
2048756e74696e67746f6e	40644
68657773	40645
2042756e67	40646
206172626974726172696c79	40647
20576974	40648
20416c626572746f	40649
206469737175616c6966696564	40650
626573746f73	40651
343631	40652
207063	40653
20323834	40654
726f626174	40655
526f62696e	40656
2068756773	40657
205472616e736974696f6e	40658
204f63636173696f6e616c6c79	40659
20333236	40660
205768696c7374	40661
204c6579	40662
20737061636573686970	40663
637376	40664
20756e7375636365737366756c6c79	40665
204175	40666
6c65636b	40667
2057696e676564	40668
204772697a7a6c696573	40669
2eefbfbd	40670
206e6561726572	40671
20536f72636572657373	40672
20496e6469676f	40673
456c7365	40674
383430	40675
6c65746573	40676
436f616368	40677
2075706272696e67696e67	40678
204b6573	40679
2073657061726174697374	40680
2072616369737473	40681
20636861696e6564	40682
2061627374696e656e6365	40683
6c6561726e696e67	40684
207265696e737461746564	40685
2073796d6d65747279	40686
2072656d696e64657273	40687
204368657679	40688
206d6f6e74	40689
206578656d706c617279	40690
20544f52	40691
5a58	40692
207175616c69746174697665	40693
205374616d70	40694
20536176616e6e6168	40695
20526f737369	40696
2070616564	40697
2064697370656e736172696573	40698
2057616c6c73	40699
204368726f6e6963	40700
20636f6d706c696d656e74617279	40701
20426569727574	40702
202b2d2d2d	40703
6967736c697374	40704
2063727970746f67726170686963	40705
6d617374657273	40706
204361706974616c73	40707
206d6178696d616c	40708
20656e74726f7079	40709
506f696e7473	40710
20636f6d626174616e7473	40711
6c6970	40712
20476c6f62	40713
20424d43	40714
7068617365	40715
7468616e6b	40716
48545450	40717
20636f6d6d75746572	40718
205c285c	40719
2e2e2f	40720
20526567656e6572	40721
20444f49	40722
2041637469766973696f6e	40723
20736c6974	40724
6f73616c	40725
52454d	40726
206368616e7473	40727
5975	40728
4b657973	40729
427265786974	40730
20466f72636564	40731
4172697a6f6e61	40732
207371756164726f6e	40733
49534f	40734
204d616c6f6e65	40735
20333338	40736
20636f6e7472617374696e67	40737
20746964616c	40738
206c6962656c	40739
20696d706c616e746564	40740
207570726f6172	40741
204361746572	40742
2070726f706f736974696f6e73	40743
4d616e63686573746572	40744
204575726f73	40745
6974616d696e	40746
47696c	40747
20456c76656e	40748
205365656b	40749
20426169	40750
207265646576656c6f706d656e74	40751
20546f776e73	40752
204c7562	40753
21222c	40754
616c6f6e	40755
4b72697374	40756
206d656173757261626c65	40757
20696d6167696e61626c65	40758
2061706f73746c6573	40759
594e	40760
373630	40761
20737465726f6964	40762
207370656369666963697479	40763
204c6f6361746564	40764
204265636b6572	40765
20456475	40766
2044696574617279	40767
7574736368	40768
204d6172696c796e	40769
20626c6973746572	40770
204d4550	40771
204b6f7a	40772
20434d53	40773
7961686f6f	40774
204361726e6579	40775
20626f617374696e67	40776
2043616c6562	40777
42797465	40778
7265616473	40779
6164656e	40780
50726f626c656d	40781
20576f6f6477617264	40782
537765	40783
537570	40784
204b4742	40785
5365747570	40786
207461636974	40787
207265747269627574696f6e	40788
2064756573	40789
204dc3bc	40790
2e3f	40791
e4b8ad	40792
706f7473	40793
2063616d656f	40794
2050414c	40795
656475636174696f6e	40796
416d79	40797
6c696b656c79	40798
676c696e67	40799
20636f6e737469747574696f6e616c6c79	40800
2048616d6d	40801
20537065616b	40802
2077696467657473	40803
6272617465	40804
20637261707079	40805
2049746572	40806
20616e74696369706174696e67	40807
20426f7574	40808
506978656c	40809
20596570	40810
204c6175726965	40811
20687574	40812
2062756c6c6574696e	40813
2053616c766174696f6e	40814
206368617473	40815
65617261626c65	40816
486f6e6573746c79	40817
414c5448	40818
6f6e73657175	40819
63756c74	40820
6973636f76657279	40821
6f76796368	40822
2073656c766573	40823
205361746f736869	40824
536f756e6473	40825
20636f6e76657267656e6365	40826
20526f73656e62657267	40827
31393734	40828
206e6173616c	40829
2066756c6c657374	40830
206665726f63696f7573	40831
787573	40832
69737465	40833
414d53	40834
206c6f6262696564	40835
20736f6f7468696e67	40836
2047756e6e	40837
746f646179	40838
303234	40839
20696e737069726174696f6e616c	40840
204e424e	40841
7062	40842
67657761746572	40843
6f726168	40844
616c6c6f776564	40845
20436f6c697365756d	40846
207370656369616c697a696e67	40847
20696e73616e656c79	40848
2054617065	40849
64656c6179	40850
207461726e	40851
20506f756e64	40852
206d656c616e6368	40853
206465706c6f796d656e7473	40854
696c616e64	40855
206c657373656e	40856
206675727279	40857
2055454641	40858
20626c6f6f6473686564	40859
204d65696572	40860
6974686572696e67	40861
206865697273	40862
204a6177	40863
6178746572	40864
205075626c69636174696f6e73	40865
20616c74657273	40866
696e74656e74696f6e	40867
2057696e63686573746572	40868
64657465726d696e6174696f6e	40869
204c69666574696d65	40870
7468696e	40871
4d6f6e73746572	40872
373830	40873
20617070726f78696d6174696f6e	40874
2073757065726d61726b657473	40875
205365636f6e6473	40876
6f726f73	40877
68756765	40878
206272696265	40879
204c494d49544544	40880
756e6564	40881
206d6973696e74657270726574	40882
20496e6a757279	40883
20333637	40884
207468726573686f6c6473	40885
204361726e6976616c	40886
2067617374726f696e74657374696e616c	40887
2067756964656c696e65	40888
206465636569766564	40889
6665617475726573	40890
20707572706f727465646c79	40891
20526f6e6e6965	40892
204e657774	40893
2073706163696f7573	40894
61737573	40895
2073757065726865726f6573	40896
2043796e74686961	40897
6c6567676564	40898
6b616d70	40899
6368696f	40900
207468756d626e61696c	40901
20536869726c6579	40902
696c6c6174696f6e	40903
207368656473	40904
205a79	40905
455041	40906
2064616d73	40907
207961776e	40908
6e6168	40909
205065676779	40910
2045726965	40911
204a7576656e747573	40912
20466f756e7461696e	40913
7278	40914
646f6e616c64	40915
616c62756d	40916
20436f6d70726568656e73697665	40917
2063616368696e67	40918
20557a	40919
756c6e65726162696c697479	40920
205072696e6369706c65	40921
204a69616e	40922
696e67657273	40923
6361737473	40924
204f7369726973	40925
6368617274	40926
74696c65	40927
2054696666616e79	40928
20506174746f6e	40929
2057686970	40930
206f76657273697a6564	40931
4a65	40932
2043696e646572656c6c61	40933
20426f7264657273	40934
204461657368	40935
4d6168	40936
20646f676d61	40937
20636f6d6d756e69737473	40938
7675	40939
436f756e63696c	40940
2066726573687761746572	40941
20776f756e64696e67	40942
2064656261636c65	40943
20796f756e6773746572	40944
207468726561646564	40945
20426f7473	40946
20536176696e6773	40947
e38182	40948
6f6c696e67	40949
6f686f	40950
20696c6c756d696e6174696f6e	40951
4d5249	40952
206c6f6f73656e	40953
7472756d70	40954
6167656e6379	40955
7572696f6e	40956
206d6f6d656e746172696c79	40957
204368756e	40958
204275646170657374	40959
20416c6c6579	40960
4469736b	40961
206173746f6e6973686564	40962
20436f6e71756572	40963
204163636f756e74696e67	40964
686176696e67	40965
205765696e	40966
20416c7269676874	40967
207265766f6c766572	40968
2064656c7573696f6e	40969
2072656c696373	40970
206164686572656e74	40971
7175616e74	40972
2068616e646d616465	40973
6f72696f	40974
20636f6d626174696e67	40975
636f646564	40976
20717561647275	40977
72657468	40978
4e696b	40979
2054726962616c	40980
204d7973746572696f7573	40981
20696e68616c	40982
2057696e6e696e67	40983
20436c617373696669636174696f6e	40984
6368616e676564	40985
20756e6162	40986
2073636f726e	40987
6963697061746564	40988
776c	40989
6f6e647563746f72	40990
207265696e666f7263696e67	40991
204368696c64686f6f64	40992
616e6f7661	40993
20616476656e7475726572	40994
20646f63746f72616c	40995
2053747261746567696573	40996
20656e67756c666564	40997
20456e636f756e746572	40998
206c6173686573	40999
437269746963616c	41000
726963756c6172	41001
20555446	41002
6f63696174696f6e	41003
636865636b696e67	41004
20436f6e73756c74696e67	41005
52756e74696d65	41006
706572696f64	41007
20417367617264	41008
2064697374696c6c6564	41009
205061736164656e61	41010
204479696e67	41011
20434f554e5459	41012
206772616e697465	41013
20736d61636b	41014
20706172616368757465	41015
20535552	41016
56697267696e6961	41017
20467572696f7573	41018
373837	41019
204f6b696e	41020
2063616d656c	41021
204d627073	41022
31393732	41023
204368616f	41024
204379616e	41025
6a6f696365	41026
65666572	41027
2057726170	41028
20446562617465	41029
536567	41030
20666f726561726d	41031
2049676e6f7265	41032
2074696d657374616d70	41033
2070726f62696e67	41034
204e6f6f6e	41035
20477261696c	41036
66656e	41037
20646f726d616e74	41038
2046697273746c79	41039
20456967687468	41040
2048554e	41041
20446573697265	41042
6f726173	41043
4769726c73	41044
204465736d6f6e64	41045
7a6172	41046
616d696e6573	41047
4f4144	41048
65786563757465	41049
20626f6f6273	41050
2041544c	41051
5f28	41052
4368656c736561	41053
206d6173747572626174696f6e	41054
20436f43	41055
2064657374726f796572	41056
2043686f6d736b79	41057
2073636174746572	41058
20417373657473	41059
373936	41060
20436172676f	41061
20726563657074697665	41062
2053636f7065	41063
206d61726b6574657273	41064
206c61756e6368657273	41065
2061786c65	41066
20534541	41067
736571	41068
204d6f6666	41069
66696e64696e67	41070
204769626273	41071
47656f72676961	41072
65787472656d656c79	41073
4e4a	41074
206c61626f72657273	41075
7374616c73	41076
206d6564696174696f6e	41077
204865646765	41078
61746f776e	41079
20696f64	41080
64657370697465	41081
76696c6c	41082
4a616e65	41083
6578697374656e6365	41084
20636f696e6369646564	41085
205574696c6974696573	41086
204368656170	41087
206c6f676973746963616c	41088
2063756c6d696e6174696f6e	41089
204e69636f74696e65	41090
70616b	41091
466f6c646572	41092
20726f64656e7473	41093
7374756666	41094
206c617766756c6c79	41095
207265706572746f	41096
696f6368	41097
6a6a	41098
4469616c6f677565	41099
48484848	41100
6c696374696f6e	41101
4c6f6f6b73	41102
20323937	41103
2074757272657473	41104
204162616e646f6e	41105
20696e63657373	41106
2054726166666f7264	41107
206375726c6564	41108
2070726566657272696e67	41109
20707269766174697a6174696f6e	41110
206972726573697374	41111
2050616e6461	41112
205368616b65	41113
204d634772	41114
e38384	41115
756e64657273	41116
206469736372696d696e61746564	41117
2062617274656e646572	41118
494c45	41119
41746c616e746963	41120
2070726f70656e73697479	41121
2057697a	41122
2047696d	41123
636f6e666572656e6365	41124
207265696e666f72636573	41125
4768	41126
7761676f6e	41127
206565726965	41128
46616c	41129
20687567676564	41130
726163697374	41131
524943	41132
4675	41133
2066696c6c6572	41134
2053747562	41135
20656e677261766564	41136
2057726573746c65	41137
20696d6167696e6174697665	41138
2050656572	41139
20466163746f7273	41140
616e7573	41141
2044726163756c61	41142
6d6f6e69746f72	41143
20726f7574657273	41144
69626961	41145
20426f6f6c65616e	41146
656e64616c65	41147
20536c61756768746572	41148
20536861636b	41149
524643	41150
20537069656c62657267	41151
536178	41152
2050484f544f	41153
20436c6f766572	41154
20526165	41155
446570656e64696e67	41156
204d656d6f72	41157
6172616d	41158
2070696572636564	41159
206375727461696e73	41160
76616c65	41161
20496e717569736974696f6e	41162
20506f6b65	41163
20666f726563617374696e67	41164
20636f6d706c61696e73	41165
53656e7365	41166
204865726d6573	41167
6973636f7665726564	41168
206269626c65	41169
204d6f727068	41170
206765726d	41171
373835	41172
444f4e	41173
20636f6e67656e	41174
206372616e65	41175
20445052	41176
207265737065637466756c6c79	41177
526f6f6d	41178
204e6177	41179
2044616c6169	41180
726561736f6e	41181
20416e677573	41182
456475636174696f6e	41183
20546974616e6963	41184
cb9c	41185
206f76616c	41186
756e69746564	41187
20746869726473	41188
206d6f6973747572	41189
20435043	41190
4d69616d69	41191
2074656e7461636c6573	41192
20506f6c61726973	41193
657863	41194
6578636c7573697665	41195
2050726169726965	41196
20636f6c6f7373616c	41197
20426c656e64	41198
73757270726973696e676c79	41199
c3ad73	41200
20696e646f637472	41201
20626173616c	41202
204d504547	41203
756e646f	41204
53706c6974	41205
446576656c6f706d656e74	41206
206c616e7465726e	41207
31393731	41208
2070726f766f636174696f6e	41209
20616e6775697368	41210
2042696e64	41211
204c656961	41212
647563657273	41213
69707079	41214
636f6e73657276616e6379	41215
20696e697469616c697a65	41216
205477696365	41217
2053756b	41218
20707265646963	41219
206469706c6f6d61	41220
20736f63696f70	41221
496e6772656469656e7473	41222
2068616d6d65726564	41223
2049726d61	41224
5161696461	41225
20676c696d7073	41226
204269616e	41227
20737461636b696e67	41228
2066656e64	41229
676f76747261636b	41230
20756e6e	41231
64656d6f637261746963	41232
6967726565	41233
20353830	41234
20323934	41235
2073747261776265727279	41236
49444552	41237
20636865726973686564	41238
20486f7473	41239
20696e666572726564	41240
20383038	41241
20536f637261746573	41242
4f7265676f6e	41243
20526f736573	41244
20464f4941	41245
20696e73656e736974697665	41246
20343038	41247
5265636f6d6d656e64	41248
205368696e65	41249
207061696e7374616b696e67	41250
554745	41251
2048656c6c6572	41252
20456e746572707269736573	41253
494f52	41254
61646a	41255
4e5253	41256
4c47	41257
20616c69656e61746564	41258
2061636b6e6f776c656467656d656e74	41259
20415544	41260
2052656e6567	41261
20766f756368657273	41262
20393630	41263
206d6f6f74	41264
2044696d656e73696f6e73	41265
2063616262616765	41266
427269676874	41267
676174	41268
204b6c75	41269
206c6174656e74	41270
207a65	41271
204d656e67	41272
206469737065727365	41273
2070616e64656d6f6e69756d	41274
4851	41275
2076697274756f7573	41276
204c6f636174696f6e73	41277
6565706572	41278
70726f7669646564	41279
207365616d73	41280
205754	41281
697a6f	41282
50524f56	41283
20746974616e69756d	41284
207265636f6c6c656374696f6e	41285
206372616e	41286
20373830	41287
204e46	41288
343931	41289
363432	41290
7061636b696e67	41291
353938	41292
74657874757265	41293
537069646572	41294
66726565646f6d	41295
6369706c6564	41296
2054414d41445241	41297
e299a6	41298
61757468656e74	41299
2057414e54	41300
726966696564	41301
207269746573	41302
20757465727573	41303
6b697373	41304
20e289a4	41305
20736b696c6c6574	41306
20646973656e6672616e6368	41307
204761616c	41308
436f6d70616e	41309
20616765696e67	41310
6775696465	41311
42616c74	41312
206974657261746f72	41313
2064697363726574696f6e617279	41314
74697073	41315
207072696d61746573	41316
20546563686e69717565	41317
205061796d656e7473	41318
617a656c	41319
20524f434b	41320
7374616e7469616c	41321
303630	41322
20646d67	41323
204a61636b657473	41324
20506c61796f6666	41325
206e757273657279	41326
2053796d62	41327
6172746f6e	41328
20616e6e65786174696f6e	41329
436f6c6f7261646f	41330
20636f696c73	41331
2053686f6573	41332
e284a23a	41333
20526f7a	41334
434f4d504c45	41335
2045766572657374	41336
20547269756d7068	41337
4a6f79	41338
47726964	41339
e0bc	41340
70726f636573736f72	41341
2050726f73706572	41342
2053657665727573	41343
2053656c6563746564	41344
7267	41345
20546179796970	41346
53747261	41347
20736b69696e67	41348
203f29	41349
20706567	41350
5465736c61	41351
2074696d656672616d65	41352
206d61737465726d696e64	41353
204e42	41354
736369656e7469666963	41355
2053686974	41356
67656e65726963	41357
494e544552	41358
4e554d	41359
207374726f6c6c	41360
20456e6978	41361
204d4d52	41362
20454d53	41363
6d6f766965	41364
82aa	41365
206d696e696d697a696e67	41366
6964646c696e67	41367
20696c6c65676974696d617465	41368
2070726f746f747970	41369
207072656d61747572656c79	41370
206d616e75616c73	41371
6f6262696573	41372
2043617373696479	41373
444543	41374
6465736b746f70	41375
206165726f73	41376
2073637265656e696e6773	41377
20646562696c69746174696e67	41378
204772696e64	41379
6e6174757265636f6e73657276616e6379	41380
206661646573	41381
7465726d696e6174696f6e	41382
61737365747361646f6265	41383
466163746f72	41384
20646566696e69746976656c79	41385
506f6bc3a9	41386
6170756c74	41387
204c6166617965747465	41388
436f726e	41389
20436f72616c	41390
20737461676e616e74	41391
547565	41392
20646973736174697366616374696f6e	41393
47656e646572	41394
206b69646e657973	41395
20476f77	41396
20446566656174	41397
20417368746f6e	41398
2063617274656c73	41399
20666f7265636c6f73757265	41400
204578706c6f7265	41401
737472656e677468	41402
6f74696e	41403
207665746572696e617269616e	41404
2066756d626c65	41405
207061726170	41406
20537472616974	41407
72696c73	41408
20707269636b	41409
204265726d756461	41410
20416d6d756e6974696f6e	41411
736b696e6e6564	41412
2061626f756e64	41413
204272617a	41414
2073686172706572	41415
20417363656e73696f6e	41416
20393738	41417
207072657669657773	41418
20636f6d6d756e696f6e	41419
205859	41420
2070686f6e79	41421
206e6577636f6d6572	41422
20333332	41423
2e222c22	41424
207265646973747269627574696f6e	41425
50726f74656374	41426
20536f66	41427
4b616c	41428
206c6970737469636b	41429
776f727374	41430
2074616e676c6564	41431
20726574726f7370656374697665	41432
696e7465676572	41433
20766f6c756e74656572696e67	41434
2031393037	41435
202d2d2d2d2d2d2d2d2d2d2d2d2d2d2d2d2d2d2d2d	41436
696368656e	41437
20756e7665696c696e67	41438
2073656e73656c657373	41439
20666973686572696573	41440
5c2d	41441
2068696e676573	41442
2063616c63756c7573	41443
4d797468	41444
20756e6465666561746564	41445
206f7074696d697a6174696f6e73	41446
2064657072657373	41447
2062696c6c626f617264	41448
20596164	41449
20507972616d6964	41450
49736e	41451
496465	41452
206c6567696f6e	41453
204b72616d6572	41454
656e74616e796c	41455
2070656e6574726174696e67	41456
204861777468	41457
2050524f44554354	41458
20476572617264	41459
2050616374	41460
20496e636c7564696e67	41461
20456c696173	41462
20456c61696e65	41463
76697375616c	41464
2068756d6d696e67	41465
20636f6e64657363	41466
2046617363	41467
e4b88a	41468
206567616c6974617269616e	41469
2064657673	41470
204461686c	41471
4f7073	41472
4448	41473
20426f756e6365	41474
696461746564	41475
616c646f	41476
2072657075626c6963616e	41477
2068616d62	41478
2053657474	41479
6f6772617068696573	41480
43484150544552	41481
207472616e7373657875616c	41482
20736b79726f636b6574	41483
616e73776572	41484
206d61726b7570	41485
d8aa	41486
206865726f696e65	41487
436f6d70617265	41488
20546176	41489
4265617374	41490
20737563636573736f7273	41491
206e61c3af7665	41492
204275636b6c6579	41493
737472657373	41494
6d656174	41495
20646f776e6c6f616461626c65	41496
20696e6465786564	41497
207363616666	41498
204c756d70	41499
20486f6d6f	41500
53747564696f	41501
496e7370	41502
207261636b6564	41503
666172696f7573	41504
205065747479	41505
45787465726e616c	41506
2031393039	41507
57617273	41508
636f6d6d6974	41509
707574657273	41510
20756e6f62	41511
20457272	41512
204547	41513
20416c616d	41514
2053696265726961	41515
2041746d6f73706865726963	41516
4953544552	41517
20536174616e6963	41518
7472616e736c6174696f6e	41519
204c6f7564	41520
747261756d61746963	41521
6c69717565	41522
207265736f6e617465	41523
2057656c6368	41524
20737061726b696e67	41525
20544f4d	41526
746f6e65	41527
206f75746c	41528
2068616e64637566666564	41529
205365726965	41530
383031	41531
206c616e646d61726b73	41532
20526565766573	41533
20736f6674656e6564	41534
2064617a7a6c696e67	41535
2057616e746564	41536
6d6f6e746873	41537
4d6167696b617270	41538
20756e74726561746564	41539
20426564666f7264	41540
4d69	41541
2044796e616d6f	41542
4f7265	41543
373935	41544
2077726f6e6766756c	41545
206c75726564	41546
20636f727469736f6c	41547
20766578	41548
647261776e	41549
696c6574	41550
446f776e6c6f61646861	41551
2046616374696f6e	41552
206c61627972696e7468	41553
2068696a61636b6564	41554
776174657273	41555
657269636b	41556
207375706572696f7273	41557
20526f776c696e67	41558
204775696e6e657373	41559
207464	41560
393932	41561
20756e65617274686564	41562
2063656e74726966	41563
207368616d656c657373	41564
506f64	41565
20466962	41566
206963696e67	41567
20707265646963746f72	41568
20323932	41569
666f726573746174696f6e	41570
636f6e737472756374	41571
43616e64	41572
4023	41573
206167697461746564	41574
2072657072	41575
4f5641	41576
206b6e697474696e67	41577
204c696d61	41578
20666f64646572	41579
363834	41580
20506572736f6e61	41581
6b6c	41582
373031	41583
20627265616b7570	41584
e1b8	41585
20617070616c6c6564	41586
20616e746964657072657373616e7473	41587
20537573736578	41588
486172726973	41589
20546865726d616c	41590
65656565	41591
55706c6f6164	41592
2067756c66	41593
20646f6f7273746570	41594
205368616e6b	41595
4c55	41596
204d454e	41597
20506f6e64	41598
736f727279	41599
206d6973666f7274756e65	41600
6e616e6365	41601
20626f6e61	41602
4d7574	41603
206465677261646564	41604
204c4f47	41605
204e657373	41606
616e696d616c	41607
206176657273696f6e	41608
756e646f776e	41609
20737570706c656d656e746564	41610
2043757073	41611
20353034	41612
2064657072697665	41613
20537061726b6c65	41614
c582	41615
204d656469746174696f6e	41616
617574686f7273	41617
20536162616e	41618
204e616b6564	41619
61697264	41620
204d616e646172696e	41621
2053637269707475726573	41622
20506572736f6e6e656c	41623
204d61686172617368747261	41624
2031393033	41625
20506169	41626
204d6972616765	41627
6f6d626174	41628
4163636573736f7279	41629
20667261676d656e746564	41630
546f676574686572	41631
2062656c69657661626c65	41632
20476c61646961746f72	41633
616c69676e6564	41634
20536c7567	41635
4d4154	41636
20636f6e7665727469626c65	41637
20426f7572626f6e	41638
616d65726f6e	41639
205265686162	41640
6e746178	41641
20706f776465726564	41642
70696c6c6172	41643
20736d6f6b6572	41644
204d616e736f6e	41645
204246	41646
353131	41647
20476f6f64656c6c	41648
20444152	41649
6d7564	41650
67617274	41651
206f62656469656e74	41652
205472616e736d697373696f6e	41653
20446f6e6174696f6e	41654
383830	41655
20626f74686572696e67	41656
4d6174657269616c73	41657
e382b1	41658
64657374726f79	41659
20666f7265676f696e67	41660
20616e6172636869736d	41661
204b7279	41662
6963657073	41663
206c69747465726564	41664
20536368696666	41665
20616e6563646f74616c	41666
756e697473	41667
206669616e	41668
205374696d	41669
20534f4d45	41670
20496e766164657273	41671
206265686176696f7572616c	41672
2056656e7475726573	41673
207375626c696d65	41674
206672756974696f6e	41675
2050656e616c7479	41676
20636f72726f73696f6e	41677
b685	41678
206c696b656e6564	41679
206265736965676564	41680
7765656e6579	41681
204372656570	41682
206c696e656d656e	41683
6d756c7469	41684
696361626c79	41685
7564646572	41686
20766974616c697479	41687
2073686f727466616c6c	41688
2050616e7473	41689
6170697374	41690
48696464656e	41691
2044726f7073	41692
6d65646963616c	41693
2070726f6e756e63696174696f6e	41694
204e524c	41695
20696e736967687466756c	41696
4a56	41697
204265617264	41698
2043686f75	41699
20636861726d73	41700
2062696e73	41701
20616d6261737361646f7273	41702
20536174757264617973	41703
20696e68696269746f72	41704
204672616e6368	41705
363031	41706
272c27	41707
20436f6e6f72	41708
6172746e6579	41709
20587065726961	41710
6772617665	41711
62656573	41712
2050726f74657374616e7473	41713
20736f616b696e67	41714
204d616e64616c	41715
20706861736564	41716
20363630	41717
207363616d73	41718
2062757a7a696e67	41719
204974616c69616e73	41720
204c6f72656e7a6f	41721
204a41	41722
20686573697461746564	41723
20636c69666673	41724
20474f54	41725
696e677569736861626c65	41726
206b6f	41727
20696e74657272757074696f6e	41728
5a6970	41729
4c6561726e696e67	41730
20756e64657273636f726573	41731
20426c696e6b	41732
4b75	41733
353739	41734
204175746f62	41735
495245	41736
207761746572696e67	41737
20706173747279	41738
383230	41739
20766973696f6e617279	41740
2054656d706c6172	41741
61776169746564	41742
20706973746f6e	41743
20616e746964	41744
63757272656e746c79	41745
2070617264	41746
20776167696e67	41747
206e6f62696c697479	41748
20597573	41749
20696e6a656374696e67	41750
6661697468	41751
2050415353	41752
e5ba	41753
20726574616b65	41754
2050524f43	41755
2063617468656472616c	41756
62617368	41757
2077726573746c657273	41758
20706172746e6572696e67	41759
206e6f736573	41760
20333538	41761
5472616e73666f726d	41762
616d656e	41763
20626f757473	41764
20496465616c	41765
20436f6e7374616e74696e	41766
20736570	41767
204d6f6e61726368	41768
617474656e	41769
2050656f706c6573	41770
6d6f646966696564	41771
206d6f7261746f7269756d	41772
2070656e6368616e74	41773
206f6666656e736976656c79	41774
2070726f78696573	41775
6f6b616e65	41776
2054616977616e657365	41777
20506f6f	41778
20484f4d45	41779
7573696f6e616c	41780
207665726273	41781
204f6d616e	41782
7669736f7279	41783
2070657273756173696f6e	41784
206d756c746974	41785
2073636973736f7273	41786
476179	41787
6f776179	41788
6f706879736963616c	41789
6c7573	41790
676e75	41791
2061706f63616c7970746963	41792
20616273757264697479	41793
20706c6179626f6f6b	41794
206175746f62696f677261706879	41795
49554d	41796
20736e65616b696e67	41797
2053696d756c6174696f6e	41798
707073	41799
656c6c657279	41800
506c616e6574	41801
20726967687466756c6c79	41802
206e69656365	41803
204e4543	41804
2049504f	41805
20446973636c6f73757265	41806
6c65616e6f72	41807
6f757379	41808
53544552	41809
20323832	41810
4372757a	41811
4368616c6c	41812
363433	41813
2053757276697665	41814
20466174616c	41815
20416d6964	41816
61706f	41817
576561706f6e73	41818
44454e	41819
373730	41820
20477265656e77616c64	41821
206c696e656e	41822
616c6f73	41823
20706f6c6c7574616e7473	41824
2050434965	41825
6b6174	41826
20706177	41827
204b72616674	41828
4368656d	41829
205465726d696e61746f72	41830
207265696e6361726e	41831
205d5b	41832
205365656473	41833
2073696c686f7565747465	41834
2053746f726573	41835
2067726f6f6d696e67	41836
20446972656374696f6e	41837
2049736162656c	41838
2042726964676573	41839
f09f91	41840
454544	41841
204d6f727369	41842
2076616c766573	41843
2052616e6b6564	41844
20506861726d61	41845
204f7267616e697a6174696f6e73	41846
2070656e65747261746564	41847
20526f6468616d	41848
2050726f746f7373	41849
206f766572657374	41850
2065786173706572	41851
20544a	41852
20303030303030	41853
20747269636b6c65	41854
20626f7572626f6e	41855
57484f	41856
207772657463686564	41857
206d6963726f73636f706963	41858
20636865636b6c697374	41859
2061646f726e6564	41860
526f79616c	41861
41646d696e697374	41862
205265746972656d656e74	41863
2048696768657374	41864
57656174686572	41865
696c656765	41866
20696e6372656d656e7473	41867
20436f73706f6e736f7273	41868
206d61737365	41869
2053696e6e	41870
7266	41871
20686f72646573	41872
617373656d626c79	41873
373534	41874
204e617461736861	41875
2054595045	41876
2047454e4552414c	41877
20617272616e67696e67	41878
20343037	41879
6c61746f72	41880
20676c65616e	41881
206469736372656469746564	41882
20636c696e696369616e73	41883
554e45	41884
206163686965766573	41885
20456d6572736f6e	41886
636f6d706c6578	41887
3d5b	41888
207072696e636970616c6c79	41889
20667261696c	41890
7069636b6564	41891
207468616e6b696e67	41892
207265636c	41893
204c415354	41894
207375707072657373696e67	41895
696c6963	41896
20616e746964657072657373616e74	41897
204c6973626f6e	41898
2074686f72	41899
20737061	41900
206b696e67646f6d73	41901
20506561726365	41902
656d6f	41903
20706c756e67	41904
20646976657374	41905
202a2a2a2a2a2a2a2a2a2a2a2a2a2a2a2a2a2a2a2a2a2a2a2a2a2a2a2a2a2a2a2a	41906
626973	41907
6f7370656c73	41908
616472	41909
537069726974	41910
68616c6c61	41911
50696e6b	41912
656e64657a	41913
207265737572726563746564	41914
657363617065	41915
20526f73656e737465696e	41916
2067656f6c6f676963616c	41917
206e65636573736974696573	41918
206361726e6976	41919
20456c7973	41920
204261726e6579	41921
20323936	41922
64696779	41923
53544f4e	41924
444f574e	41925
206d696c6573746f6e6573	41926
206b6572	41927
206469736d616e746c696e67	41928
2072657072696d	41929
2063726f7373696e6773	41930
31393435	41931
2070617472696172636879	41932
20626c61737068656d79	41933
20333539	41934
6d65747279	41935
204f626573697479	41936
20446966666572656e636573	41937
626c6f636b696e67	41938
e38395e382a1	41939
696368697461	41940
205361626861	41941
7068616c74	41942
20436f6c6f	41943
75616c61	41944
656666696369656e7473	41945
204d6564696e61	41946
636f6e736f6c65	41947
353537	41948
2048616e6e6962616c	41949
204861626974	41950
204665766572	41951
207468656e6365	41952
2073796e61676f677565	41953
20657373656e7469616c73	41954
2077696e6b	41955
20547261646572	41956
494441	41957
2053706f696c6572	41958
204963656c616e646963	41959
2048617977617264	41960
2070656163	41961
206d616c696365	41962
20666c6173686261636b	41963
20746877	41964
206c61796f666673	41965
4c6971756964	41966
2074726f6f706572	41967
2068696e6765	41968
2052656164657273	41969
5068696c6c	41970
204261756572	41971
43726561746564	41972
20617564697473	41973
6163636f6d70616e	41974
20756e73757370656374696e67	41975
69657261	41976
3636363636363636	41977
2062726f6368	41978
20617070726568656e646564	41979
204d616c6b	41980
6365726e696e67	41981
20436f646578	41982
4f564552	41983
4d61727368	41984
2044656e67	41985
2045787072657373696f6e	41986
206469737265737065637466756c	41987
20617363656e64696e67	41988
7465737473	41989
20506c61696e74696666	41990
7374657279	41991
20416c6962616261	41992
64696e616e64	41993
2044656d70736579	41994
4170706c69636174696f6e73	41995
6d6f72616c	41996
207468726f756768707574	41997
207175617272656c	41998
206d696c6c73	41999
2068656d6f72	42000
2043415345	42001
746572726f72697374	42002
7374696d	42003
6966657374796c65	42004
726f7a656e	42005
43455054	42006
41726b	42007
756369	42008
6c6563746963	42009
2069727269746174696e67	42010
736865657473	42011
4179	42012
2072656465656d6564	42013
20686f726e79	42014
205465616368	42015
2053656172	42016
64656d6f6372616379	42017
343635	42018
20526573746f7265	42019
207374616e646279	42020
20506973	42021
696666696e	42022
20736c65657079	42023
206578747261746572	42024
20636f6d706c696d656e7473	42025
4672616d65776f726b73	42026
20696e7374616c6c73	42027
2062616e67696e67	42028
73757266616365	42029
666f756e646c616e64	42030
206d657461706879736963616c	42031
20323833	42032
6f756c73	42033
64657669636573	42034
41726773	42035
20536163726966696365	42036
204d63436f726d	42037
65736f6e	42038
436f6e736572766174697665	42039
204d696b6861696c	42040
736565696e67	42041
69736976656c79	42042
20526f6f6d73	42043
2047656e65726963	42044
20656e74687573696173746963616c6c79	42045
2067726970706564	42046
20636f6d65646963	42047
20456c656374726963697479	42048
206775657272696c6c61	42049
206465636f726174696f6e	42050
205065727370656374697665	42051
20636f6e73756c746174696f6e73	42052
20756e616d62	42053
20706c6167696172	42054
206d6167696369616e	42055
206572656374696f6e	42056
20546f757269736d	42057
6f72696564	42058
726f7879	42059
31313030	42060
54616d	42061
88e8	42062
ceb3	42063
d7aa	42064
205072656461746f7273	42065
4e6974726f6d65	42066
2074656c6573636f706573	42067
70726f6a65637473	42068
20756e70726f746563746564	42069
2073746f636b6564	42070
20456e7472657072656e65	42071
6e6578706563746564	42072
2077617374657761746572	42073
56696c6c	42074
20696e74696d6174656c79	42075
2069436c6f7564	42076
20436f6e737461626c65	42077
2073706f6f66	42078
206e65666172696f7573	42079
2066696e73	42080
2063656e736f72	42081
204d6f646573	42082
204573706572	42083
6172626f6e	42084
20696e74657273656374696f6e73	42085
206c6175646564	42086
207068797369	42087
2067656e65726f75736c79	42088
205468654e6974726f6d65	42089
205468654e6974726f6d6546616e	42090
2061726973656e	42091
20d988	42092
20676c616e6473	42093
20506176696c696f6e	42094
204775707461	42095
20756e69666f726d6c79	42096
2072616d7073	42097
72696574	42098
205748454e	42099
2056616e65737361	42100
20726f75746564	42101
206c696d70	42102
20435049	42103
70746572	42104
696e74756974697665	42105
20766170696e67	42106
206578706572696d656e746564	42107
204f6c796d707573	42108
20416d6f6e	42109
207369676874696e67	42110
20696e66696c7472617465	42111
2047656e746c656d616e	42112
207369676e696e6773	42113
204d656f77	42114
204e617669676174696f6e	42115
636865636b73	42116
343333	42117
20656c6170736564	42118
2042756c67617269616e	42119
6573706965	42120
20534f4d	42121
647572696e67	42122
207370696c6c73	42123
616e6361	42124
20506c796d6f757468	42125
4d414c	42126
20646f6d6573746963616c6c79	42127
20576174657267617465	42128
2046414d	42129
6b696c6c6564	42130
656469746564	42131
20596f757273656c66	42132
2073796e6368726f6e697a6174696f6e	42133
20507261637469636573	42134
53544550	42135
2067656e6f6d6573	42136
205152	42137
6e6f74696365	42138
206c6f636174696e67	42139
7a696e	42140
20333239	42141
616c636f686f6c	42142
206b697474656e	42143
566f	42144
2072696e7365	42145
2067726170706c65	42146
205363726577	42147
2044756c	42148
414952	42149
206c656173696e67	42150
20436166c3a9	42151
20726f736573	42152
2052657370656374	42153
206d69736c656164	42154
20706572666563746564	42155
206e7564697479	42156
206e6f6e706172746973616e	42157
20436f6e73756d7074696f6e	42158
5265706f7274696e67	42159
206e75616e636573	42160
2064656475637469626c65	42161
2053686f7473	42162
20333737	42163
20e69c	42164
616e6f6f6761	42165
42656e6566	42166
2042616d	42167
2053616d70	42168
69666978	42169
2067616c76616e	42170
204d6564616c73	42171
726164697573	42172
206e6f626c6573	42173
206561766573	42174
696772617465	42175
4b54	42176
20486172626f7572	42177
75657273	42178
207269736b6564	42179
726571	42180
206e6575726f74	42181
6765747461626c65	42182
61696e61	42183
526f6d6e6579	42184
20756e64657270696e	42185
206c6f6674	42186
20537562636f6d6d6974746565	42187
204d6f6e676f6c	42188
62697a	42189
206d616e696665737473	42190
6173736973746564	42191
2047616761	42192
2073796e65726779	42193
2072656c6967696f75736c79	42194
2050726566	42195
204765727279	42196
544147	42197
2043686f69	42198
343636	42199
626568696e64	42200
204f75	42201
476f6c644d6167696b617270	42202
2068656d6f727268	42203
5269766572	42204
2074656e646f6e	42205
20696e6a757265	42206
2046696f6e61	42207
20706167	42208
20616769746174696f6e	42209
7c7c7c7c	42210
7572616e	42211
20455341	42212
2065737465656d	42213
20646f6467696e67	42214
20343132	42215
727373	42216
20636561736573	42217
6578636c7564696e67	42218
20696e74616b6573	42219
20696e7365727473	42220
20656d626f6c64	42221
204f72616c	42222
7570756e6374757265	42223
343131	42224
20556e6966696564	42225
2044656c65	42226
206675726e616365	42227
20436f796f746573	42228
204272616368	42229
4c61626f72	42230
2068616e647368616b65	42231
2062727569736573	42232
4772616465	42233
e99798	42234
204772616d6d79	42235
696c65656e	42236
537461746573	42237
205363616e64696e617669616e	42238
204b617264617368	42239
383636	42240
206566666f72746c6573736c79	42241
20444952454354	42242
205448454e	42243
204d6569	42244
6572746174696f6e	42245
31393638	42246
2067726f696e	42247
7769746368	42248
526571756972656d656e7473	42249
393835	42250
20726f6f6673	42251
2065737461746573	42252
204846	42253
2068616861	42254
2064656e73656c79	42255
204f4354	42256
20706c617374696373	42257
20696e636964656e74616c6c79	42258
20547261636b73	42259
205461786573	42260
206368616e746564	42261
20666f72636566756c	42262
20426965626572	42263
204b61686e	42264
4b656e74	42265
20436f74	42266
6c69637473	42267
466564	42268
20686964656f7573	42269
2056657264	42270
2053796e646963617465	42271
20496c6c6567616c	42272
4a6574	42273
20444156	42274
726561736f6e61626c65	42275
63726577	42276
2066756e64616d656e74616c697374	42277
20747275746866756c	42278
204a696e67	42279
206c696c	42280
20646f776e6564	42281
20656e6368616e746564	42282
20506f6c6963696573	42283
204d634d6173746572	42284
2048617265	42285
69646573686f77	42286
20706172616d73	42287
656e63657273	42288
676f726974686d	42289
20616c6c6f77616e636573	42290
2074757262756c656e74	42291
20636f6d706c65786974696573	42292
204b54	42293
20333337	42294
2047656e65746963	42295
46554e	42296
446f7567	42297
7469636b	42298
2067696773	42299
756d656e7468616c	42300
20706174726961726368616c	42301
2063616c63	42302
2c2e2e2e	42303
20636f7574	42304
204775616e	42305
20706174686f6c6f676963616c	42306
20526976616c73	42307
20756e6465727261746564	42308
20666c756f72657363656e74	42309
204a6975	42310
61726e616576	42311
205175616e	42312
20343239	42313
20e0a8	42314
4d6172696f	42315
436f6e737472756374	42316
204369746174696f6e	42317
2052616369616c	42318
20525341	42319
20466964656c	42320
20333935	42321
506572736f6e616c6c79	42322
4361757365	42323
c3bb	42324
7261646963616c	42325
696e656e	42326
20766568656d656e746c79	42327
2050617061	42328
20696e7465726e73686970	42329
20666c616b6573	42330
205265636b	42331
4c75636b696c79	42332
427261	42333
32303230	42334
726176696e6773	42335
524e	42336
576f6e646572	42337
536572696f75736c79	42338
207265757361626c65	42339
20706f6c6c75746564	42340
2050656e67	42341
6c65696768	42342
696e646c65	42343
20636972637569747279	42344
204d61646f6e6e61	42345
2042415254	42346
5265736964656e7473	42347
617474726962757465	42348
5068696c6164656c70686961	42349
436c7562	42350
20706c616e6e6572	42351
206672616e746963616c6c79	42352
20666169746866756c6c79	42353
205465727269746f72696573	42354
204c4154	42355
20416e64657273656e	42356
616e75	42357
205041524b	42358
20536f7261	42359
69616765	42360
20506c61796f666673	42361
20474343	42362
343237	42363
2061626e6f726d	42364
204c65766572	42365
206469736f62656469656e6365	42366
4173796e63	42367
2053686561	42368
56657274	42369
20736b69727473	42370
20536177796572	42371
7870	42372
20776f7273656e696e67	42373
207363617065676f	42374
20416e676c65	42375
6f7468616c	42376
2074726f7665	42377
20537479	42378
204e677579656e	42379
6d6172696e65	42380
6964656f6e	42381
446570746873	42382
426c6f67	42383
20496c6c756d696e617469	42384
20747261637473	42385
206f7267616e697365	42386
206f737472	42387
4673	42388
206c657665726167696e67	42389
2044617265646576696c	42390
61736172	42391
206c616e67	42392
2065787465726d696e	42393
757273696f6e73	42394
20526f6d6f	42395
e382a4e38388	42396
20636f6e74656e646564	42397
20656e636f756e746572696e67	42398
205461626c6574	42399
20416c7465726e617465	42400
736b696c6c	42401
20737765657473	42402
20636f686573697665	42403
6361706163697479	42404
207265707564	42405
206c697a617264	42406
726f6f	42407
2070696c6772696d73	42408
2052756666	42409
20496e737472756d656e74	42410
204c6f676f	42411
7569746f7573	42412
4548	42413
2073616c65736d616e	42414
20616e6b6c6573	42415
4c6564	42416
205061747479	42417
75646f73	42418
4f776e6572	42419
2064697363726570616e63696573	42420
6b6a	42421
4d55	42422
20756e636f6e646974696f6e616c	42423
447261676f6e4d6167617a696e65	42424
69617264	42425
4f616b	42426
20436f6e766572736174696f6e	42427
62656572	42428
204f73616b61	42429
44656c7461	42430
75736b79	42431
20736563726574696f6e	42432
20706c617a61	42433
206d696e67	42434
206465706c6574696f6e	42435
204d6f7573	42436
20495453	42437
2048696d616c	42438
20466c656d696e67	42439
206379746f6b	42440
204869636b	42441
2062617474657273	42442
20496e74656c6c65637475616c	42443
363735	42444
c3a972	42445
4953494f4e	42446
205175656e74696e	42447
204368617074657273	42448
6968616469	42449
20636f6173746572	42450
57415953	42451
204c697a617264	42452
20596f72	42453
616e646572696e67	42454
536b696e	42455
6861757374	42456
61626279	42457
20706f7274726179696e67	42458
207769656c646564	42459
64617368	42460
2070726f706f6e656e74	42461
20726970706c65	42462
206772617068656e65	42463
20666c796572	42464
20726563757272656e74	42465
20646576696c73	42466
20776174657266616c6c	42467
e698af	42468
676f6f	42469
54657874436f6c6f72	42470
2074616d706572696e67	42471
49564553	42472
5452554d50	42473
204162656c	42474
2053414c	42475
2048656e647269636b73	42476
204c7563697573	42477
626f7473	42478
2034303936	42479
4953544f5259	42480
4775657374	42481
204e58	42482
696e616e74	42483
42656e7a	42484
204c6f61646564	42485
20436c65766572	42486
74726561746d656e74	42487
2074617665726e	42488
20333339	42489
20544e54	42490
69666963616e746c79	42491
54656d7065726174757265	42492
46656c	42493
20756e646572776f726c64	42494
204a7564676573	42495
203c2b	42496
207374756d70	42497
206f63637570616e6379	42498
2061626572	42499
2046696e646572	42500
29222c	42501
204e756e6573	42502
7265736574	42503
696e6574	42504
6563746f6d79	42505
2077656c6c6e657373	42506
20506562	42507
717561727465726564	42508
616e64616e	42509
206e6567617469766573	42510
20546869656c	42511
20436c6970	42512
204c5444	42513
20626c69676874	42514
207265706572746f697265	42515
4b796c65	42516
2071756572	42517
20436573	42518
206861706c	42519
393839	42520
205468616d6573	42521
6973636f70616c	42522
4465736b	42523
6976617269617465	42524
20457863656c6c656e6365	42525
666f756e646174696f6e	42526
20e287	42527
5869	42528
206d7973746572696f75736c79	42529
657374796c6573	42530
20706572697368	42531
20456e67656c73	42532
2044454144	42533
303930	42534
7d7d7d	42535
20556e7265616c	42536
20726573746c657373	42537
49444553	42538
6f7274686f646f78	42539
20496e7465726d656469617465	42540
2064696e6e657273	42541
2054726f7574	42542
205365796d	42543
2048616c6c73	42544
6f67676564	42545
20747261676564696573	42546
206469646e74	42547
363736	42548
2061696c6d656e7473	42549
206f627365727661626c65	42550
2056696465	42551
6164617074	42552
204475736b	42553
2070726f66657373696f6e616c69736d	42554
2050726573636f7474	42555
20496e64696573	42556
706f78	42557
204d656872616e	42558
57696465	42559
20656e64656d6963	42560
20506172616e	42561
42697264	42562
20706564616c73	42563
204955	42564
204164616d616e74	42565
2048757274	42566
20636f7272656c61746573	42567
757264656e	42568
2073706f6e736f72696e67	42569
636c696d617465	42570
20556e69766572736974696573	42571
204b6e6f74	42572
656e6e6573	42573
2044616d69616e	42574
204178656c	42575
53706f7274	42576
2062617262	42577
20536e6f	42578
73686f776e	42579
737465656e	42580
7564656e6365	42581
206e6f6e76696f6c656e74	42582
20686f6d6f70686f626961	42583
2062696f6d617373	42584
2044657461696c	42585
207372664e	42586
2054756e65	42587
6163636f6d70616e696564	42588
49454e4345	42589
416c62657274	42590
204d6f6e676f	42591
7a78	42592
204365726265727573	42593
6f72626974	42594
63656e73	42595
20736c6179	42596
5348415245	42597
4859	42598
20627261776c	42599
2050726f6265	42600
206e6f6e6578697374656e74	42601
20436c6172656e6365	42602
20426c61636b6275726e	42603
20706f7274616c73	42604
2052697461	42605
2052656d61696e	42606
204c6576616e74	42607
20747269636b6564	42608
204665727279	42609
61766572696e67	42610
2053747261776265727279	42611
20416e7377657273	42612
20686f7272656e646f7573	42613
20416d616e	42614
537570706c656d656e74	42615
20546f6164	42616
207065656c6564	42617
206d616e6f657576	42618
20557a62656b	42619
6d6f6e6473	42620
20486563746f72	42621
20343032	42622
70656573	42623
6669786573	42624
20646a	42625
20726573756d6573	42626
206163636f756e74616e74	42627
20616476657273697479	42628
2068616d7065726564	42629
204c6172736f6e	42630
20646f70696e67	42631
7061727473	42632
487572	42633
2062656172646564	42634
207972	42635
20506c7567696e	42636
e5a5b3	42637
202f2a2a	42638
726f6c6c6579	42639
20776174657273686564	42640
205375626d697373696f6e	42641
69666c6f776572	42642
415343	42643
2063686f6972	42644
207363756c707475726573	42645
6d41	42646
696e6372656173696e67	42647
616969	42648
20736e65616b657273	42649
20636f6e66726f6e7473	42650
20456c657068616e74	42651
20456c69786972	42652
20726563616c	42653
2054544c	42654
776964676574	42655
20576178	42656
2047726179736f6e	42657
20686169727374	42658
2068756d696c6961746564	42659
205741524e	42660
617070696e657373	42661
20545443	42662
4675656c	42663
20706f6c696f	42664
20636f6d706c65786573	42665
2062616265	42666
20584956	42667
5046	42668
292e5b	42669
5061727473	42670
20343335	42671
4d6567	42672
205961726473	42673
20414c50	42674
2079656c6c73	42675
207072696e636573	42676
2062756c6c696573	42677
204361706974616c69736d	42678
6578656d7074	42679
464151	42680
2053706f6e6765	42681
20416c61	42682
20706c656173616e746c79	42683
20627566	42684
2064656e6f7465	42685
20756e7075626c6973686564	42686
206b6e65656c696e67	42687
61736361	42688
206c61707365	42689
616c69656e	42690
393934	42691
207265666572656573	42692
204c617779657273	42693
53616e7461	42694
2070757a7a6c696e67	42695
2050726f6d657468657573	42696
2050686172616f68	42697
2044656c6179	42698
20666163696c697461746573	42699
20434553	42700
206a6577656c73	42701
20626f6f6b6c6574	42702
6f6e64696e67	42703
20706f6c6172697a6174696f6e	42704
204d6f72616e	42705
2053616c6164	42706
20534f53	42707
20416476696365	42708
50484f544f53	42709
4943414e	42710
69617475726573	42711
65787072657373	42712
20576f6e6465726c616e64	42713
20434f4445	42714
20434c415353	42715
393735	42716
2067726570	42717
2044696573656c	42718
20476c6163	42719
213f22	42720
20726d	42721
6f696e65	42722
6469736372696d696e6174696f6e	42723
204e75727365	42724
6d616c6c6f77	42725
20766f72746578	42726
20436f6e736f727469756d	42727
206c61726765446f776e6c6f6164	42728
7374726169676874	42729
617567686c696e	42730
47726164	42731
207075626c6963697a6564	42732
205761766573	42733
2052656464	42734
206665737469766974696573	42735
204d616e65	42736
61726f76	42737
20666c656574696e67	42738
204472756e6b	42739
7567656e	42740
43656c65	42741
206368726f6d6f736f6d6573	42742
20444f54	42743
2d2b2d2b2d2b2d2b	42744
2062757369657374	42745
20426561766572	42746
53797269616e	42747
204b7972	42748
6b6173	42749
2043726f7373526566	42750
31393530	42751
37363031	42752
2072657065616c696e67	42753
2057696e6e657273	42754
204d6163726f	42755
20444f44	42756
626c616e6365	42757
536f7274	42758
363431	42759
206d65747265	42760
204469726b	42761
20676f67676c6573	42762
20647261776261636b73	42763
20636f6d706c61696e616e74	42764
20617574686f72697a696e67	42765
20616e74697472757374	42766
6f70657261746564	42767
206d6168	42768
20657861676765726174696f6e	42769
416d617a696e67	42770
20536572617068	42771
2068617a65	42772
776f77	42773
20657874696e67756973686564	42774
2063616e796f6e	42775
20426f7368	42776
2076656e7473	42777
20736372617065	42778
436f7272656374	42779
343236	42780
20617667	42781
44656d616e64	42782
20e288bc	42783
206d6963726f62696f7461	42784
227d5d2c22	42785
2053746576	42786
42696f	42787
20506c616e6573	42788
2073756767657374697665	42789
206465636970686572	42790
2052656675676565	42791
204b656a726977616c	42792
20477265656e7065616365	42793
206465636c617373	42794
20536f756e64657273	42795
2074686f	42796
2064656372797074	42797
206272757368696e67	42798
204a616e6569726f	42799
69706f70	42800
5369	42801
383737	42802
2047656f6666726579	42803
20637075	42804
2048617a656c	42805
2076696577706f696e7473	42806
20637269737079	42807
204e6f74696669636174696f6e	42808
20736f6c646572	42809
204d6f64657374	42810
2048656d69737068657265	42811
206361737365747465	42812
696e636c75646573	42813
206964656e74696669657273	42814
2043414c4c	42815
696e63656e74	42816
546f6464	42817
205377656570	42818
20333334	42819
626f7373	42820
20736d6972	42821
67696e78	42822
20746f776e73686970	42823
206772696576696e67	42824
204d6f73717565	42825
4e6574666c6978	42826
41534544	42827
204d696c6c656e6e69616c73	42828
6f636f6d	42829
31393637	42830
20626f6c646c79	42831
736c656570	42832
206573636865	42833
6172696a75616e61	42834
20737769726c	42835
2050656e616c	42836
206e65676c6967656e74	42837
205374657068656e736f6e	42838
4b4552	42839
205a6f726f	42840
7269736973	42841
206c6f63616c697a6174696f6e	42842
205365796d6f7572	42843
20416e676c6963	42844
72656469746174696f6e	42845
70726f74656374696f6e	42846
205061696765	42847
206f6d6974	42848
20526f75737365	42849
20547562	42850
20696e7669746174696f6e73	42851
747479	42852
206d6f7373	42853
706879736963616c	42854
43726564697473	42855
20616e6172636879	42856
206368696c6463617265	42857
206c756c6c	42858
204d656b	42859
204c616e677561676573	42860
6c6174657374	42861
2053616e666f7264	42862
2075736162696c697479	42863
2064696666757365	42864
2044415441	42865
2073707269746573	42866
20566567657461	42867
2050726f6d6f74696f6e	42868
e383bce382af	42869
72696374696e67	42870
7a6565	42871
5475726b697368	42872
20544473	42873
70726f76656e	42874
353731	42875
20736d7567676c657273	42876
3730373130	42877
207265666f726d6564	42878
204c6f6973	42879
20756e666c	42880
20574954484f5554	42881
2052657475726e696e67	42882
616e6e6965	42883
20546f6d6173	42884
4672616e63	42885
2050726f666974	42886
2053455256	42887
2052756d626c65	42888
696b756d616e	42889
6573616e	42890
2074657374657273	42891
20676164676574	42892
2062726163656c6574	42893
20465341	42894
636f6d706f6e656e74	42895
20706172616d6564696373	42896
206a616e	42897
2052656d656d	42898
20536b696e6e6572	42899
206c6f76	42900
205175616b65	42901
726f6d61	42902
20666c61736b	42903
5072696e63	42904
206f766572706f776572	42905
206c6f6467696e67	42906
204b4b4b	42907
7265747465	42908
206162736f726273	42909
77726f7465	42910
202c22	42911
4b696e6773	42912
204861696c	42913
2046616c6c696e67	42914
78746170	42915
2048656c656e61	42916
6972656e73	42917
4c61727279	42918
2070616d70686c6574	42919
20435052	42920
47726f	42921
204869726f7368696d61	42922
20686f6c6973746963	42923
222e5b	42924
206465746163686d656e74	42925
20617370697265	42926
20636f6d706c69636974	42927
20477265656e776f6f64	42928
207265737061776e	42929
20537475706964	42930
2046696e6973686564	42931
66616c	42932
62617373	42933
206162686f72	42934
206d6f636b657279	42935
204665617374	42936
564944454f	42937
20636f6e736563	42938
2048756e677279	42939
50756c6c	42940
2048757374	42941
6974616e6365	42942
3fe3808d	42943
292d2d	42944
20506172616c6c656c	42945
636f6e76	42946
343639	42947
68616172	42948
77616e74	42949
5061706572	42950
6d696e73	42951
20546f726f	42952
205452554d50	42953
20526169	42954
4457	42955
205769636b6564	42956
204c6570	42957
2066756e6b79	42958
2064657472696d656e74	42959
696f736973	42960
6163686576	42961
2064656772616465	42962
696d696c6174696f6e	42963
20726574617264	42964
20667261676d656e746174696f6e	42965
20636f77626f79	42966
20595047	42967
2048414c	42968
506172656e7473	42969
2053696567	42970
2053747261757373	42971
20527562626572	42972
d790	42973
46726167	42974
207074	42975
206f7074696f6e616c6c79	42976
205a4950	42977
205472616e736372697074	42978
204477656c6c	42979
383832	42980
4d657263	42981
204d4f54	42982
e383afe383b3	42983
2068756e7473	42984
206578656375746573	42985
496e636c75646573	42986
20616369646963	42987
20526573706f6e736962696c697479	42988
2044756d62	42989
776569	42990
416e646572736f6e	42991
204a6173706572	42992
696768746f6e	42993
6162736f6c7574656c79	42994
4164756c74	42995
20706c756e646572	42996
4d6f726e696e67	42997
20546f757273	42998
2044616e65	42999
ceba	43000
2054455354	43001
2047696e61	43002
2063616e696e65	43003
6177616e	43004
20736f6369616c69737473	43005
20536f6461	43006
20696d7065747573	43007
20537570706c656d656e74617279	43008
6f6c69617468	43009
204b696e6e696b756d616e	43010
6d69747465646c79	43011
7365636f6e6473	43012
206f7267616e6973657273	43013
20646f63756d656e746172696573	43014
5661726961626c65	43015
475245454e	43016
207265736f727473	43017
206272616767696e67	43018
20333638	43019
417274697374	43020
776b	43021
626c657273	43022
556e636f6d6d6f6e	43023
20526574726965766564	43024
206865637461726573	43025
20746f78696e	43026
72616e6b	43027
20666169746873	43028
2047726170686963	43029
20766563	43030
204c4941	43031
4166726963616e	43032
20617264656e74	43033
656e6469617279	43034
4c616b65	43035
20444f53	43036
6369656e74696f7573	43037
204f6b6177617275	43038
20416c6c79	43039
2054696d656c696e65	43040
44617368	43041
204963	43042
636f6e74696e7565	43043
2074696479	43044
20696e7374696e63746976656c79	43045
20506f737369626c79	43046
204f7574646f6f72	43047
20576f756c646e	43048
206c696368	43049
2042726179	43050
204158	43051
20c389	43052
202b23	43053
5c27	43054
4469726563746f7279	43055
61626964696e67	43056
20666572616c	43057
69636174697665	43058
62757474	43059
207065727665727365	43060
53616c74	43061
20776172706564	43062
206e696e657465656e	43063
20636162696e657473	43064
20737266417474616368	43065
20536c6f616e	43066
20706f776572696e67	43067
7265676174696f6e	43068
466c69676874	43069
736576657265	43070
20737472656e	43071
20636f67	43072
617061636865	43073
20e29d	43074
20636166657465726961	43075
7061636573	43076
204772696d6f697265	43077
75746f6e69756d	43078
207261696e696e67	43079
20636972636c696e67	43080
206c696e656261636b657273	43081
637265646974	43082
2072657061747269	43083
2043616d64656e	43084
6c6963656e7365	43085
206c79726963	43086
2064657363726970746f72	43087
2076616c6c657973	43088
20726571	43089
206261636b7374616765	43090
2050726f6869626974696f6e	43091
204b6574	43092
4f70656e696e67	43093
53796d	43094
e696b9	43095
2073657276696e6773	43096
206f7665727365656e	43097
2061737465726f696473	43098
204d6f6473	43099
20537072696e676572	43100
20436f6e7461696e6572	43101
e8bb	43102
204d656e73	43103
206d756c74696d	43104
206669726566696768746572	43105
706563	43106
2063686c6f72696e65	43107
d0bc	43108
656e6469	43109
2073706172696e67	43110
20706f6c7967616d79	43111
20524e	43112
2050656c6c	43113
20746967657273	43114
20666c61736879	43115
204d6164616d65	43116
53776f7264	43117
2070726566726f6e74616c	43118
20707265726571756973697465	43119
756361	43120
2077696669	43121
206d6973636f6e63657074696f6e	43122
2068617273686c79	43123
2053747265616d696e67	43124
6f746f6d	43125
204769756c69616e69	43126
666f6f746564	43127
20747562696e67	43128
696e646976696475616c	43129
7a656b	43130
6e75636c656172	43131
6d6f6c	43132
20726967687466756c	43133
343933	43134
207370656369616c697a6174696f6e	43135
2070617373696f6e6174656c79	43136
2056656c6f63697479	43137
20417661696c6162696c697479	43138
54656e6e	43139
206c61746368	43140
20536f6d65626f6479	43141
2068656c69756d	43142
636c6177	43143
2064697070696e67	43144
585858	43145
20696e746572706572736f6e616c	43146
373130	43147
20737562746572	43148
2062696f6c6f6769737473	43149
204c69676874696e67	43150
206f70746963	43151
2064656e696d	43152
656e646f6e	43153
20436f726d	43154
20333431	43155
20436f7570	43156
20666561726c657373	43157
20616c6f74	43158
20436c6966666f7264	43159
2052756e74696d65	43160
2050726f766973696f6e	43161
75706461746564	43162
6c656e65636b	43163
206e6575726f6e	43164
2067726164696e67	43165
204374	43166
73657175656e6365	43167
696e6961	43168
636f6e63657074	43169
20726f6172696e67	43170
726976616c	43171
2043617563617369616e	43172
206d6f6e6f67	43173
6b65796573	43174
20617070656c6c617465	43175
206c696169736f6e	43176
4553747265616d4672616d65	43177
20506c756d	43178
212e	43179
2073706865726963616c	43180
207065726973686564	43181
20626c6f74	43182
2062656e63686573	43183
20343131	43184
2070696f6e6565726564	43185
206875726c6564	43186
4a656e6e69666572	43187
20596f73656d697465	43188
4368616972	43189
207265656673	43190
20656c6563746f72	43191
20416e7468656d	43192
363532	43193
20756e696e7374616c6c	43194
20696d70656465	43195
20626c696e6b696e67	43196
20676f746f	43197
4465637265	43198
4172656e	43199
2073746162696c697a6174696f6e	43200
2044697361626c6564	43201
2059616e756b6f76796368	43202
206f75746c61776564	43203
2056656e74757261	43204
74656e657373	43205
20706c616e746174696f6e	43206
207961636874	43207
20487561776569	43208
20736f6c76656e74	43209
2067726163696f7573	43210
20637572696f75736c79	43211
20636170616369746f72	43212
206378	43213
205265666c6578	43214
50687973	43215
204366	43216
7074696e	43217
636f6e736572766174697665	43218
20696e766f636174696f6e	43219
636f7572	43220
464e	43221
204e65776c79	43222
486f7572	43223
417369616e	43224
204c656164696e67	43225
204165726f7370616365	43226
416e6e65	43227
207072656e6174616c	43228
206465746572696f726174696e67	43229
484352	43230
204e6f726d616e6479	43231
6f6c696e69	43232
20416d62726f	43233
393130	43234
207365746261636b73	43235
20545245	43236
20736967	43237
2053636f75726765	43238
353937	43239
373938	43240
47616d65706c6179	43241
206d736563	43242
4d58	43243
20707269636579	43244
204c4c50	43245
616b657275	43246
206f76657261726368696e67	43247
2042616c65	43248
20776f726c646c79	43249
436c61726b	43250
207363656e6963	43251
206469736c696b6564	43252
20436f6e74726f6c6c6564	43253
5469636b657473	43254
204557	43255
6162696573	43256
20506c656e7479	43257
4e6f6e657468656c657373	43258
206172746973616e	43259
5472616e73666572	43260
2046616d6f7573	43261
20696e6669656c64	43262
626c6579	43263
20756e7265736f6c766564	43264
204d4c41	43265
e38282	43266
436f7272656374696f6e	43267
2064656d6f63726174	43268
204d6f72656e6f	43269
726f63616c	43270
696c696e6773	43271
207361696c6f72	43272
2072696665	43273
68756e67	43274
2074726f706573	43275
20736e617463686564	43276
204c494e	43277
20426962	43278
455341	43279
2050726576	43280
2043616d656c	43281
72756e74696d65	43282
206f626e6f78696f7573	43283
343337	43284
2073756d6d657273	43285
20756e6578706c61696e6564	43286
2057616c74657273	43287
63616c69626572	43288
2067756c6c	43289
20456e647572616e6365	43290
e4bd9c	43291
20333437	43292
4972697368	43293
206165726f626963	43294
206372616d706564	43295
20486f6e6f6c756c75	43296
e0a9	43297
7573657263	43298
6563617374	43299
414359	43300
205175657279	43301
e382b9e38388	43302
42657461	43303
20737573636570746962696c697479	43304
2053686976	43305
204c696d6261756768	43306
20c396	43307
204e5854	43308
204d757373	43309
20427269746f6e73	43310
4553434f	43311
4547494e	43312
202525	43313
20736563657373696f6e	43314
20506174726f6e	43315
204c7561	43316
6e6169726573	43317
204a504d6f7267616e	43318
757362	43319
6f63797465	43320
20636f756e63696c6c6f7273	43321
204c69616e67	43322
6661726d	43323
206e6572766f75736c79	43324
20617474726163746976656e657373	43325
204b6f76	43326
6a756d70	43327
506c6f74	43328
20737461696e73	43329
20537461747565	43330
2041706f73746c6573	43331
6865746572	43332
20535550504f5254	43333
206f7665727768656c6d	43334
594553	43335
20323931	43336
64656e73697479	43337
207472617070696e67	43338
4d6974	43339
2066696465	43340
2050616d656c61	43341
61746c616e746963	43342
44616d6e	43343
20707473	43344
4f5041	43345
20736572766963696e67	43346
206f766572666c6f77696e67	43347
756c6f	43348
2045726974	43349
7469636b6574	43350
6c69676874696e67	43351
20486d6d	43352
e383bce383ab	43353
696d6f746f	43354
20636875636b6c65	43355
343233	43356
e38195	43357
7368617065	43358
20717565756573	43359
20616e63686f7273	43360
e382bce382a6e382b9	43361
466572	43362
2061776f6b65	43363
20363636	43364
68616e6473	43365
20646976657267656e6365	43366
20353035	43367
54697073	43368
206465706f74	43369
20736b6577	43370
2044656c69766572	43371
6f706f74	43372
20646976756c	43373
204542	43374
756e7369676e6564	43375
20556e69	43376
58626f78	43377
20666f726b73	43378
20373032	43379
e5af	43380
2070726f6d6f74657273	43381
205661706f72	43382
206c6576696564	43383
736c6f74	43384
207069676d656e74	43385
2063796c696e64657273	43386
435245	43387
20736e61746368	43388
2070657270657475616c6c79	43389
206c69636b696e67	43390
2046656574	43391
204b72616b656e	43392
20486f6c64656e	43393
20434c534944	43394
6d72	43395
2070726f6a6563746f72	43396
2064656e6f746573	43397
2063686170656c	43398
20546f7272656e74	43399
626c6572	43400
526f757465	43401
20446566656e64616e74	43402
205075626c697368657273	43403
204d616c6573	43404
20496e6e6f76	43405
204167696c697479	43406
7269746572	43407
74796d6f6c6f6779	43408
73746f726573	43409
4c696e64	43410
20666f6c6c79	43411
205a7572696368	43412
426c65	43413
206e757274757265	43414
20636f6173746c696e65	43415
756368696e	43416
446f6d696e	43417
20667269766f6c	43418
20436f6e736f6c6964	43419
726573756c7473	43420
4d4a	43421
207068796c6f67656e	43422
206861756c6564	43423
2057696c6579	43424
204a6573736965	43425
2050726570617265	43426
20457073	43427
20747265617375726572	43428
494153	43429
20636f6c6f6e69737473	43430
20696e756e64	43431
20575746	43432
20436f6e766572746564	43433
36303030	43434
6f757473696465	43435
20417070656172616e6365	43436
2052656c6963	43437
204d6973746572	43438
736177	43439
20726573756c74616e74	43440
2061646a656374697665	43441
204c617572656c	43442
2048696e6469	43443
626461	43444
5065616365	43445
2072656269727468	43446
206d656d6272616e6573	43447
20666f7277617264696e67	43448
20636f6c6c69646564	43449
204361726f6c796e	43450
4b616e736173	43451
353939	43452
20536f6c6964476f6c644d6167696b617270	43453
4265636b	43454
20737472657373696e67	43455
20476f6f	43456
20436f6f7065726174697665	43457
206673	43458
20417263686965	43459
4c69746572	43460
204b6c6f7070	43461
4a65727279	43462
20666f6f7477656172	43463
57617272656e	43464
207363726565	43465
68617265	43466
556e6465727374616e64696e67	43467
506564	43468
20616e74686f6c6f6779	43469
20416e6e6f756e6365	43470
4d656761	43471
20666c75656e74	43472
20626f6e64616765	43473
20446973636f756e74	43474
696c69616c	43475
43617274	43476
204e696768746d61726573	43477
5368616d	43478
20426f6c6c	43479
7573736965	43480
48747470	43481
41746c616e7461	43482
20756e7265636f676e	43483
20426964	43484
20756e64657267726164	43485
20666f72676976696e67	43486
20476c6f766572	43487
4141414141414141	43488
343435	43489
5647	43490
7061696f	43491
6b696c6c657273	43492
20726573706f6e7369626c79	43493
206d6f62696c697a65	43494
206566666563746564	43495
204c756d696e	43496
206b616c65	43497
20696e6672696e67696e67	43498
616e6e6f756e636564	43499
2066697474	43500
6261746368	43501
205461636b6c65	43502
204c696d65	43503
20415050	43504
756b656d6961	43505
2072756279	43506
2065786f6e6572	43507
2043617375616c	43508
303730	43509
2070656c766963	43510
206175746f6d617465	43511
204b656172	43512
20436f617374616c	43513
206372656564	43514
20626f7265646f6d	43515
205374756e	43516
72696f7474	43517
828e	43518
20726567656e6572617465	43519
20636f6d656469616e73	43520
204f504552	43521
53706f6e73	43522
696469756d	43523
6f6e6973	43524
4c6f6361746564	43525
303537	43526
2073757370656e7365	43527
20446174696e67	43528
43617373	43529
206e656f636f6e73	43530
205368696e7a6f	43531
2061776f6b656e	43532
636872697374	43533
204d65737361676573	43534
6174746c6564	43535
205370726179	43536
205370696365	43537
4357	43538
20736869656c64696e67	43539
204761756c	43540
416d6964	43541
20706172616d696c6974617279	43542
206d756c746966	43543
2054616e6e6572	43544
696c6b	43545
20676f6464616d6e	43546
67656d656e7473	43547
206265667269656e64	43548
6d6f6269	43549
20333838	43550
666f6c646572	43551
61636361	43552
20696e73696e	43553
676170	43554
4e6576	43555
6669667468	43556
2070737963686961747279	43557
62616e6b73	43558
54484953	43559
2068617262	43560
61637175	43561
20666163616465	43562
20506f776572506f696e74	43563
383033	43564
20626c756666	43565
536861726573	43566
206661766f72696e67	43567
456c697a6162657468	43568
c38dc38d	43569
2072616e676572	43570
373732	43571
204172636865	43572
68616b	43573
2047656e6574696373	43574
2046454d41	43575
2065766f6c766573	43576
2065737465	43577
2050657473	43578
204dc3a9	43579
20496e746572657374696e67	43580
2043616e74657262757279	43581
63686170746572	43582
2053746172666c656574	43583
5370616e697368	43584
20647261776261636b	43585
204e6f7277696368	43586
393730	43587
6e6f727468	43588
6167616e6461	43589
207472616e73666f726d6174697665	43590
72616d696473	43591
62696f6c6f6779	43592
61646179	43593
2070726f7061676174696f6e	43594
2047616d6d61	43595
2044656e697365	43596
2043616c63756c61746f72	43597
656e74696d6573	43598
2042657474	43599
20617070656e646978	43600
20484444	43601
414b494e47	43602
20737469676d6174	43603
20686f6c73746572	43604
206f7264696e6172696c79	43605
4368616e6365	43606
20436f6e7472617279	43607
206164686573697665	43608
2067617468657273	43609
363132	43610
72656175	43611
6f6e796d73	43612
6577617973	43613
20696e6475636573	43614
20696e7465726368616e676561626c65	43615
73656d	43616
57686974	43617
207472616e6365	43618
20696e636f72706f726174696f6e	43619
20457874726173	43620
46696e616e6369616c	43621
2061776b776172646c79	43622
205374757267656f6e	43623
204859	43624
4e6f726d616c6c79	43625
20456e64696e67	43626
20417373697374	43627
656e63727970746564	43628
207375626a7567	43629
206e6f73	43630
2066616e61746963	43631
437562	43632
4355	43633
3f222e	43634
20697272657665727369626c65	43635
e582	43636
303331	43637
20484152	43638
737072656164	43639
756c6961	43640
3d24	43641
53636f7065	43642
4c6f7473	43643
206c6966657374796c6573	43644
6f6c6f6e	43645
2066656473	43646
20636f6e67726174756c617465	43647
7765626b6974	43648
20696e64697374696e677569736861626c65	43649
205377696e67	43650
20636f6d6d616e646d656e7473	43651
7175696c61	43652
6162656c6c61	43653
6d657468796c	43654
616e6e6162696e	43655
206f76657265	43656
206c6f6273746572	43657
205155455354	43658
20434f4e54494e	43659
6265726e61746f7269616c	43660
3a3a3a3a3a3a3a3a	43661
205472617665	43662
2053616d6f61	43663
414e49	43664
373532	43665
d0b4	43666
75736572636f6e74656e74	43667
204d6f646572617465	43668
79656168	43669
204b697474	43670
20776565	43671
207374756666696e67	43672
20496e74657276656e74696f6e	43673
204469676e	43674
2077617265686f75736573	43675
2046696a69	43676
2070656c6c657473	43677
2074616b6561776179	43678
205441424c45	43679
20436c6173736963616c	43680
636f6c6c656374696f6e	43681
206c616e6466616c6c	43682
204d7573636c65	43683
20736574746c6573	43684
20414456	43685
20333434	43686
4c61757261	43687
206661726564	43688
205061727469616c	43689
343336	43690
6f73736962696c697479	43691
2044616c79	43692
20546172616e74	43693
2046756a69	43694
616d6c	43695
63656e6365	43696
353531	43697
2050726f63656475726573	43698
204f4344	43699
205544	43700
74696e	43701
515549	43702
6163686f	43703
343338	43704
20676c697463686573	43705
20656e6368616e746d656e74	43706
2063616c63756c61746573	43707
49524f	43708
20487561	43709
616c79736573	43710
204c696674	43711
756d6f	43712
206c65617074	43713
206879706f74686573697a6564	43714
20477573746176	43715
6974616e73	43716
56455253494f4e	43717
e6a0	43718
526f676572	43719
2072616e64	43720
2041646170746572	43721
20333331	43722
205065746974696f6e	43723
6b696573	43724
4d617273	43725
20756e646572637574	43726
7a656573	43727
204c796f6e73	43728
2044484350	43729
4d697373696e67	43730
207265746972656573	43731
20696e736964696f7573	43732
656c69	43733
3e29	43734
2ee3808d	43735
2066696e616c69737473	43736
2041757265	43737
2061636375736572	43738
20776173746573	43739
205973	43740
204c6f7269	43741
20636f6e7374697475656e63696573	43742
20737570706572	43743
206d617968656d	43744
6f72616e6765	43745
206d6973706c61636564	43746
206d616e6167657269616c	43747
2065786365	43748
20434c49	43749
207072696d616c	43750
204c656e74	43751
4372797374616c	43752
686f766572	43753
204e5453	43754
656e64756d	43755
206477	43756
20416c63	43757
6e6f73746963	43758
20707265736572766573	43759
20547361726e616576	43760
20747269706c6564	43761
72656c6174697665	43762
417263616465	43763
6b696c6c696e67	43764
205745454b	43765
2048616e6e61	43766
44757374	43767
436f6d706c65746564	43768
81ab	43769
20617070726f766573	43770
2053757266	43771
204c7574686572616e	43772
76656e616e7473	43773
20726f62626572696573	43774
77656967687473	43775
736f667477617265	43776
6174616e61	43777
7567616c	43778
206772617679	43779
2043616e6365	43780
4f4c4f4759	43781
6c79616b	43782
546f6e69676874	43783
20756e7665696c	43784
2031393034	43785
204d696e696f6e	43786
656e74696f7573	43787
7374696365	43788
7061636b61676573	43789
2047454152	43790
20676f6c	43791
204875746368696e736f6e	43792
2050726f66657373696f6e	43793
2047554e	43794
20446966666572656e6365	43795
205473756b75796f6d69	43796
204c65736269616e	43797
363730	43798
206675676974697665	43799
20506c616e6574617279	43800
2d2d2d2d2d2d2d2d2d2d2d2d2d2d2d2d2d2d2d2d2d2d2d2d2d2d2d2d2d2d2d2d2d2d2d2d2d2d2d2d2d2d2d2d2d2d2d2d2d2d2d2d2d2d2d2d	43801
2061636372756564	43802
20636869636b73	43803
2073746f7070	43804
20626c6f636b657273	43805
436f64	43806
20636f6d6d656e74657273	43807
20536f6d657768657265	43808
2050686f746f67726170686572	43809
7468656d65	43810
206d61796f72616c	43811
7775	43812
20616e74656e6e6173	43813
20726576616d706564	43814
205375626a65637473	43815
6974c3a9	43816
696d757261	43817
20656e7472616e636573	43818
6c69746572616c6c79	43819
2074656e657473	43820
204f4d47	43821
204d5048	43822
20446f6e6b6579	43823
204f6666656e7365	43824
20222b	43825
536e6170	43826
20414642	43827
20616e696d617465	43828
20536f64	43829
48697370616e6963	43830
20696e636f6e73697374656e6379	43831
4462	43832
4659	43833
4578706f7274	43834
20617065	43835
20706561726c	43836
6962656c	43837
2050414373	43838
207b5c	43839
2061637475	43840
2048534243	43841
63616d707573	43842
207061796f6666	43843
2064656974696573	43844
204e61746f	43845
6f75706c65	43846
2063656e736f726564	43847
20436c6f6a757265	43848
20636f6e666f756e64696e67	43849
656e69	43850
207265636b6f6e	43851
6f706865	43852
2073706f7474696e67	43853
207369676e6966696573	43854
2070726f70656c	43855
2066657374697665	43856
53756767657374	43857
20706c656467696e67	43858
204265726d616e	43859
20726562656c6c696f7573	43860
206f766572736861646f776564	43861
20696e66696c747261746564	43862
6a6f6273	43863
363732	43864
207363616c61626c65	43865
20646f6d696e696f6e	43866
204e6577666f756e646c616e64	43867
204d6561646f77	43868
20706172746974696f6e73	43869
414d49	43870
20737570706c656d656e74617279	43871
737472756d656e74	43872
206861697279	43873
2070657270657475617465	43874
206e75747368656c6c	43875
20506f7461746f	43876
20486f62626974	43877
20637572736573	43878
466c6f6174	43879
2071756965746572	43880
206675656c696e67	43881
2063617073756c6573	43882
204c757374	43883
204861756e746564	43884
457865637574697665	43885
206368696c646269727468	43886
477265	43887
2072616469616e74	43888
e58e	43889
206d616c6c73	43890
20696e657074	43891
2057617272616e7479	43892
20737065637461746f72	43893
4568	43894
7468656e73	43895
2063756c6d696e6174696e67	43896
e6a9	43897
61727961	43898
e382ae	43899
696c6974617269616e	43900
204f524947	43901
205370656e64696e67	43902
707469766573	43903
20536972656e	43904
205265636f7264696e67	43905
61796e65	43906
2076696d	43907
20737072616e67	43908
54616e67	43909
204d4654	43910
6d6f726e696e67	43911
2057656564	43912
6d706567	43913
63657373696f6e	43914
204368756e67	43915
373330	43916
7761726e696e67	43917
353632	43918
68616e6465646c79	43919
506f6f72	43920
506f6c6974696373	43921
3a23	43922
207069616e	43923
206665636573	43924
20446f63756d656e746174696f6e	43925
2062616e6973686564	43926
20333939	43927
20415243	43928
206865696e6f7573	43929
4a616b65	43930
20416d6972	43931
7761796e65	43932
767265	43933
6f7368656e6b6f	43934
206e6f7465626f6f6b73	43935
20666f756e646174696f6e616c	43936
206d617276656c6f7573	43937
697874617065	43938
207769746864726177616c73	43939
20686f726465	43940
204468616269	43941
697361626c65	43942
204b44	43943
20636f6e746167696f7573	43944
20446970	43945
204172726f7773	43946
2070726f6e6f756e73	43947
206d6f727068696e65	43948
20425553	43949
363832	43950
206b6f73686572	43951
66696e6973686564	43952
20496e737472756d656e7473	43953
206675736564	43954
7964656e	43955
2053616c6d6f6e	43956
466162	43957
6166666563746564	43958
4b454e	43959
43454e54	43960
446f6d61696e	43961
20706f6b656d6f6e	43962
204472696e6b696e67	43963
47726f77696e67	43964
20496e7665737469676174697665	43965
20416574686572	43966
656d69	43967
207461626c6f6964	43968
20726570726f	43969
204e6f74776974687374616e64696e67	43970
204265727365726b6572	43971
206472616d6173	43972
20636c696368c3a9	43973
2062756e67	43974
20555249	43975
20446f73	43976
303434	43977
20706173746f7273	43978
206c73	43979
20616372796c6963	43980
61756e7473	43981
456477617264	43982
206d616a6f726974696573	43983
42616e67	43984
206669656c64696e67	43985
205265706c6163656d656e74	43986
20416c6368656d79	43987
7070617264	43988
20526f6d656f	43989
2053616e6374	43990
204c6176726f76	43991
6962626c65	43992
496e737472756374	43993
20696d70726163746963616c	43994
20506c6179626f79	43995
63657068616c	43996
207377617073	43997
206b616e	43998
205468656f	43999
20696c6c757374726174696e67	44000
206469736d616e746c6564	44001
205472616e7367656e646572	44002
2047757468	44003
554748	44004
20747269756d7068616e74	44005
20656e636f6d70617373	44006
20626f6f6b6d61726b	44007
756464696e	44008
6a6572	44009
20707265646963617465	44010
455348	44011
207768656e6365	44012
20414245	44013
206e6f6e70726f66697473	44014
53657175	44015
206469616265746963	44016
2070656e64	44017
20686561727466656c74	44018
736869	44019
20696e74657261637473	44020
2054656c65636f6d	44021
20626f6d626172646d656e74	44022
646570656e64696e67	44023
204c6f777279	44024
2041646d697373696f6e	44025
20426c6f6f6d696e67	44026
757374726174696f6e	44027
656e6567676572	44028
42726577	44029
206d6f6c74656e	44030
204e657264	44031
50494e	44032
e29680	44033
6176656d656e74	44034
20746f75726564	44035
20636f656666696369656e7473	44036
2054726179766f6e	44037
616e73736f6e	44038
2073616e6479	44039
746f6c64	44040
666c6f7773	44041
20706f70756c6f7573	44042
2054696e646572	44043
20426c697373	44044
52616368656c	44045
4d696e696d756d	44046
20636f6e74657374616e74	44047
20526564756365	44048
204d6f727365	44049
2047726173736c6579	44050
20436c69636b6572	44051
2065787072	44052
2073696e636572697479	44053
206d61727175	44054
20656c69636974	44055
2050726f706f736974696f6e	44056
2044656d6f6e6963	44057
207461636f73	44058
477265656b	44059
20706f7374776172	44060
20696e736f666172	44061
20506f726b	44062
20333532	44063
646f63746f72616c	44064
77616c6b696e67	44065
206d69647465726d	44066
2053616d6d79	44067
73696768746564	44068
205452414e53	44069
696369	44070
414c44	44071
2055534c	44072
2046495341	44073
20416d706c	44074
20416c6578616e647261	44075
696e656c6c69	44076
547261696e	44077
207369676e696679	44078
20566572737573	44079
206f6266757363	44080
206b68	44081
20616767726f	44082
2052656e61756c74	44083
20333438	44084
353138	44085
6f786963697479	44086
303232	44087
205477697374	44088
20676f6f6679	44089
44796e616d6963	44090
206272696566696e6773	44091
6d69676874	44092
383939	44093
206465726f6761746f7279	44094
54726f	44095
20666f7267696e67	44096
204b6f72616e	44097
204d617272696564	44098
2042756373	44099
2070616c617465	44100
20436f6e76657273696f6e	44101
6d61626c65	44102
343133	44103
20285f	44104
2073697068	44105
204e454f	44106
636f6c6c656765	44107
206d617267696e616c6c79	44108
20666c697274	44109
205472617073	44110
2050616365	44111
e9bb92	44112
20676f616c74656e646572	44113
20666f7262696473	44114
20636c65726b73	44115
2054616e74	44116
20526f6262696e73	44117
205072696e74696e67	44118
207072656d6965726564	44119
206d61676e696669636174696f6e	44120
205447	44121
20526f757365	44122
204d6f636b	44123
6f64796e616d696373	44124
20707265636c756465	44125
69736d6f	44126
2050756c69747a6572	44127
206176616c616e636865	44128
204b6f6469	44129
726962756e65	44130
204c656e61	44131
456c656374726963	44132
20726566696e657279	44133
20656e646f776564	44134
20636f756e73656c6f7273	44135
20646f6c7068696e	44136
204d697468	44137
2061726d6f75726564	44138
68696269746564	44139
426567696e	44140
205057	44141
4f696c	44142
20566f72	44143
20536861726966	44144
204672617a696572	44145
657374617465	44146
206a616d73	44147
50726f7879	44148
2062616e64697473	44149
2050726573627974657269616e	44150
205072656d69657265	44151
74696e79	44152
20437275656c	44153
54657374696e67	44154
20686f6d6572	44155
2056455253	44156
2050726f6c	44157
204465706f736974	44158
20436f6666696e	44159
2073656d696e617273	44160
2073716c	44161
20446566656e64616e7473	44162
416c7465726e61746976656c79	44163
2052617473	44164
e7ab	44165
657468797374	44166
273e	44167
20697373756572	44168
353839	44169
2063686169726564	44170
204163636573736f72696573	44171
6d616e656e74	44172
206d6172726f77	44173
205072696d6f726469616c	44174
434e	44175
206c696d69746c657373	44176
204361726e616765	44177
20756e64726166746564	44178
7176	44179
494e455353	44180
6f6e6577	44181
20636f686573696f6e	44182
393837	44183
206e65636b73	44184
20666f6f7462616c6c6572	44185
20474552	44186
2064657465637461626c65	44187
20537570706f7274696e67	44188
20435356	44189
6f63616c6c79	44190
6b487a	44191
20756e6465	44192
2073686f6e65	44193
2062756464696e67	44194
7472616b	44195
5374616e64696e67	44196
20537461726372616674	44197
204b656d70	44198
42656e6368	44199
207468776172746564	44200
2047726f756e6473	44201
61746869	44202
4c697361	44203
4469616c6f67	44204
205358	44205
566973696f6e	44206
20696e67656e696f7573	44207
d990	44208
20666f73746572696e67	44209
205a61	44210
20496e6772616d	44211
202240	44212
4e61747572616c6c79	44213
363136	44214
303335	44215
20464143	44216
486d6d	44217
353534	44218
20616363656c657261746f72	44219
2056656e64	44220
2073756e73637265656e	44221
20747562657263756c6f736973	44222
726176696f6c6574	44223
2046756e6374696f6e616c	44224
204572726f7273	44225
65646172	44226
31393636	44227
2053706563747265	44228
2052656369706573	44229
383835	44230
204d616e6b696e64	44231
4c69766572706f6f6c	44232
207c2d2d	44233
207375627374697475746573	44234
205854	44235
7769726564	44236
20696e636f	44237
2041666768	44238
457661	44239
696363	44240
536f6e67	44241
4b6e69676874	44242
2064696c6967656e746c79	44243
2042726f616463617374	44244
416964	44245
2061666172	44246
20484d53	44247
61746f6e696e	44248
20477261746566756c	44249
2066697265706c616365	44250
204f6d6e69	44251
6575726f	44252
20465245	44253
2053686962	44254
20446967657374	44255
746f67676c65	44256
206865616473657473	44257
20646966667573696f6e	44258
20537175697272656c	44259
20464e	44260
206461726b656e6564	44261
6f7574686572	44262
20736c65657073	44263
20586572	44264
67756e73	44265
20736574757073	44266
20706172736564	44267
206d616d6d6f7468	44268
20437572696f7573	44269
676f62	44270
204669747a7061747269636b	44271
20456d696c	44272
696d6f76	44273
2e2e2e2e2e2e2e2e2e2e2e2e2e	44274
2042656e6e79	44275
5365636f6e646c79	44276
20686561727479	44277
20636f6e736f6e	44278
737461696e6564	44279
2067616c6163746963	44280
636c617665	44281
20706c756d6d65746564	44282
207065737473	44283
2073776174	44284
20726566657272616c73	44285
204c696f6e656c	44286
686f6c79	44287
20756e646572646f67	44288
20536c61746572	44289
2050726f76696465	44290
20416d6172	44291
726573736f72	44292
e58c	44293
6f6e6761	44294
2074696d6964	44295
207069657479	44296
2044656b	44297
2073757267696e67	44298
617a6f	44299
20363130	44300
206465736b73	44301
2053706f6b616e65	44302
20416e6669656c64	44303
207761727368697073	44304
20436f627261	44305
2061726d696e67	44306
636c75736976656c79	44307
204261646765	44308
61676173636172	44309
205052455353	44310
204d634b656e7a6965	44311
2046657264696e616e64	44312
6275726e696e67	44313
41666565	44314
20747972616e6e	44315
204977	44316
20426f6f6e65	44317
31303037	44318
2052657074	44319
0ac2a0	44320
206361726176616e	44321
2044696c6c	44322
2042756e6465736c696761	44323
436875636b	44324
206865616c6572	44325
e383bce38386	44326
20486f626279	44327
206e6567617465	44328
20637269746971756573	44329
73656374696f6e616c	44330
6d6f706f6c6974616e	44331
206478	44332
206f7574736f757263696e67	44333
20436970686572	44334
746170	44335
5368617270	44336
20757062656174	44337
2068616e676172	44338
206372756973696e67	44339
204e696167617261	44340
20333432	44341
696c6c7573	44342
205376	44343
207375627469746c6573	44344
2073717561726564	44345
20626f6f6b73746f7265	44346
207265766f6c7574696f6e6172696573	44347
204361726c746f6e	44348
6162616c	44349
55746168	44350
2064657370697365	44351
20554d	44352
636f6e7369646572	44353
6169646f	44354
206361727473	44355
20547572746c6573	44356
547261696e696e67	44357
20686f6e6f72617279	44358
c2a2	44359
20747269616e676c6573	44360
343232	44361
2072657072696e746564	44362
20677261636566756c	44363
204d6f6e676f6c6961	44364
2064697372757074696f6e73	44365
20426f68	44366
20333439	44367
20647261696e73	44368
20636f6e73756c617465	44369
2062656e6473	44370
206d61666961	44371
75726f6e	44372
2046756c746f6e	44373
6d697363	44374
2072656e616c	44375
20696e616374696f6e	44376
636b696e67	44377
2070686f746f6e73	44378
2062727569736564	44379
20436f646573	44380
6f6769	44381
206e65737473	44382
204c6f76656c79	44383
204c69627265	44384
20446172796c	44385
20232323	44386
537973	44387
2e2c22	44388
20667265657a6573	44389
65737461626c6973686d656e74	44390
616e646f77736b69	44391
2063756d62657273	44392
205374617267	44393
20426f6d6273	44394
206c6567696f6e73	44395
2068616e6477726974696e67	44396
206772756e	44397
20436168	44398
73657175656e74	44399
206d6f7468	44400
204d534d	44401
496e73657274	44402
466966	44403
206d6f74656c	44404
20646578746572	44405
2042696c64	44406
686561727465646c79	44407
2070726f7065	44408
2054657874757265	44409
204a756e6374696f6e	44410
796e746865736973	44411
6f63617264	44412
2056657261	44413
204261727468	44414
20cebc67	44415
206c6173686564	44416
20333531	44417
205a616d62	44418
20537461706c6573	44419
20436f72746578	44420
20436f726b6572	44421
20636f6e74696e75756d	44422
205752495445	44423
756e7461	44424
7269646f72	44425
206465656d73	44426
303333	44427
20474f4c44	44428
706173	44429
2072657072657373697665	44430
e38386e382a3	44431
20626166666c6564	44432
53636172	44433
206372617665	44434
205f5f5f5f5f5f	44435
20656e7472657072656e65757273686970	44436
204469726563746f72617465	44437
20275b	44438
2076696e6573	44439
20617363656e646564	44440
2047524f5550	44441
20476f6f64627965	44442
20646f67676564	44443
e383b4e382a1	44444
4d616e7566616374	44445
20756e696d6167696e61626c65	44446
72696f7473	44447
69657272657a	44448
2072656c61746976697479	44449
204372616674696e67	44450
726175676874	44451
7564656e	44452
636f6f6b6965	44453
20617373617373696e73	44454
20646973736174697366696564	44455
61636369	44456
20636f6e64756974	44457
537072656164	44458
20526963616e	44459
6e696365	44460
697a7a6c65	44461
20736361726573	44462
20574859	44463
7068616e73	44464
353335	44465
2070726f74726163746564	44466
204b72697374656e	44467
353336	44468
205363726962	44469
204e6568	44470
207477656e74696573	44471
20707265646963616d656e74	44472
2068616e646375666673	44473
20667275697466756c	44474
20554c	44475
204c7564776967	44476
20617474657374	44477
20427265616b6572	44478
2062696f6c6f676963616c6c79	44479
204465616c6572	44480
2072656e6f766174696f6e73	44481
6677	44482
657373656e	44483
416c696365	44484
2048656e7269	44485
20756e696c61746572616c6c79	44486
2053696464	44487
686169	44488
2053747265746368	44489
53616c6573	44490
2063756d626572736f6d65	44491
204a6176696572	44492
207472656e6479	44493
20726f7474696e67	44494
204368616c6c656e676573	44495
20736372617073	44496
20666163657473	44497
205665726f6e696361	44498
205665726765	44499
2053616e61	44500
416c69656e	44501
20526968	44502
2072616469616c	44503
6563746172	44504
20363330	44505
636c69	44506
4d61726965	44507
2077696c6466697265	44508
204361746f	44509
68616e646572	44510
207761697472657373	44511
2063686f7073	44512
2053454354494f4e	44513
20626c756e746c79	44514
20436174616c6f67	44515
6e69616e	44516
7374756479	44517
20706174726f6c6c696e67	44518
2054656e7468	44519
6e65787573	44520
204e4f4e	44521
6f707379	44522
207363617468696e67	44523
736965	44524
206465746572696f7261746564	44525
5642	44526
4e617a6973	44527
20646570696374696f6e73	44528
2061757468656e74696361746564	44529
20436f6e6365	44530
6b726974	44531
2070726f6d756c67	44532
204c4f4e47	44533
554643	44534
2056697369746f7273	44535
20526563616c6c	44536
207265686162696c6974	44537
20534c49	44538
20676c6163696572	44539
2042697465	44540
20353033	44541
20766f6d6974	44542
206665726d656e746564	44543
204b68616c6964	44544
20677261646564	44545
204d616769636b61	44546
2049636869676f	44547
706f77657266756c	44548
696361746f7273	44549
373533	44550
207368726577	44551
20333536	44552
206c6567616c697a696e67	44553
20616c6c6f74746564	44554
204172636864656d6f6e	44555
697468696e67	44556
69676775726174	44557
564f4c	44558
4c656f64	44559
206f696c79	44560
20696e647563696e67	44561
20616d796764616c61	44562
2061646d696e73	44563
204163717569736974696f6e	44564
43414e	44565
20736368656d61746963	44566
206d6f616e	44567
2043616d65726f6f6e	44568
2074696e6b	44569
206d65727279	44570
20627574746572666c696573	44571
20476f6666	44572
20776f726b7370616365	44573
20436f726f6e61	44574
206a617661736372697074	44575
20446f6c7068696e	44576
2043616e746f72	44577
343634	44578
746f65	44579
415053	44580
204167696e67	44581
20706164646564	44582
205a68656e67	44583
2048656c64	44584
2065737472616e676564	44585
20373730	44586
2e7d	44587
2044756e68616d	44588
20736d6f6b6573	44589
206361706974616c73	44590
756e646169	44591
5368696e	44592
20466f756e64696e67	44593
20656e7469746c65	44594
2063656e7465727069656365	44595
446973636f766572	44596
207468657265746f	44597
616c657274	44598
204e6f75	44599
20416e616c797374	44600
6c63	44601
4648	44602
4649454c44	44603
20504f56	44604
67726179	44605
2061726373	44606
20484f54	44607
207273	44608
206f626c696761746f7279	44609
2041726368697465637473	44610
205376656e	44611
20464543	44612
30323030	44613
4368726973746d6173	44614
20416c62616e6961	44615
7261746f6d	44616
353837	44617
20686172647368697073	44618
206175746f73	44619
2043686172676573	44620
2061706573	44621
20333736	44622
77616c6c6574	44623
20696e746f7869636174696f6e	44624
20676f626c696e	44625
20353730	44626
2b2b2b2b2b2b2b2b2b2b2b2b2b2b2b2b	44627
2059656c70	44628
204d61676e65746963	44629
20427269676773	44630
5261696c	44631
20737061776e73	44632
2057696767696e73	44633
2073686f776361736564	44634
207265736f72746564	44635
7562656e	44636
207768697070696e67	44637
20696d6974617465	44638
20646967657374696f6e	44639
2055535053	44640
2047657374	44641
20796561	44642
205469676874	44643
696e64616c	44644
69636173	44645
602e	44646
43415354	44647
27273b	44648
20466574	44649
6f706174686963	44650
496e76616c6964	44651
20726567726574746564	44652
2062726f63636f6c69	44653
2053636f726573	44654
657665	44655
20706f7374696e6773	44656
20616363756d756c6174696e67	44657
206e6565646c657373	44658
656c667468	44659
206d61796f7273	44660
207363726962	44661
20616e6563646f746573	44662
20626f7463686564	44663
20526962626f6e	44664
20436f6e7374616e74696e65	44665
6975736573	44666
6573736573	44667
20646576697365	44668
436f6d7061726564	44669
2070756464696e67	44670
2067617267	44671
2065766f6b65	44672
373937	44673
206465746f78	44674
393039	44675
20506965636573	44676
204d63436172746e6579	44677
206d6574617374	44678
204b72797074	44679
504f52	44680
2074656e64696e67	44681
204d65726368616e7473	44682
50726f6f66	44683
2056617267	44684
20506f727461626c65	44685
e383bce38386e382a3	44686
427261696e	44687
32353030	44688
20666f6c69616765	44689
d8b9	44690
206d656e746f7273	44691
204169726573	44692
206d696e696d616c697374	44693
20696e676573746564	44694
2054726f6a616e	44695
205169616e	44696
696e766f6c766564	44697
303237	44698
2065726f646564	44699
52414654	44700
20626c75727279	44701
4d6f62	44702
20627566666574	44703
20466e61746963	44704
616561	44705
4b4e4f574e	44706
20496e6974	44707
736166657479	44708
656e756d	44709
414354494f4e	44710
2043727573686572	44711
204461746573	44712
202e2e2e2e2e2e2e2e2e2e2e2e2e2e2e2e	44713
63616c6c696e67	44714
616b6f76	44715
2076656e7475726564	44716
20353535	44717
61756761	44718
48617274	44719
204165726f	44720
4d4143	44721
207468696e6c79	44722
2061727261	44723
5354415445	44724
696c6465	44725
204a61637175	44726
2046656d616c6573	44727
207468656f72656d	44728
20333436	44729
20736d617274657374	44730
205055424c4943	44731
204b726f6e	44732
2042697473	44733
2056657373656c	44734
2054656c6570686f6e65	44735
206465636170	44736
2061646a756e6374	44737
2053454e	44738
6d65726761	44739
207265646163746564	44740
20707265686973746f726963	44741
206578706c616e61746f7279	44742
2052756e73	44743
205574746172	44744
204d616e6e79	44745
20415554484f52	44746
20556e6c656173686564	44747
20426f776c696e67	44748
6265616e73	44749
373933	44750
20756e69766572736573	44751
2073656e736974	44752
204b756e67	44753
726570656174	44754
6374726c	44755
207061636564	44756
2066756c6c6572	44757
436c6f636b	44758
207265636f6d62	44759
204661756c	44760
2042756e6b6572	44761
20706f6f6c6564	44762
20616e61	44763
204d6f757468	44764
4c4c4f57	44765
68756d616e65	44766
2062756c6c646f	44767
204d69636861656c73	44768
66616d	44769
20777265636b6564	44770
20706f727472617973	44771
205768616c65	44772
20486573	44773
2067756573736573	44774
2042726f777365	44775
204c415044	44776
20636f6e73657175656e7469616c	44777
20496e6e6f63656e74	44778
2044524147	44779
207472616e736772657373	44780
204f616b73	44781
20747269766961	44782
205265736f6e	44783
20414453	44784
2d2d2b	44785
20546f6c6c	44786
206772617370696e67	44787
205448454d	44788
2054616773	44789
20436f6e636c7573696f6e	44790
207072616374696361626c65	44791
20686f6f70	44792
20756e696e74656e74696f6e616c6c79	44793
2069676e697465	44794
204d6f76	44795
7572697a6564	44796
6c6568656d	44797
5465726d696e	44798
20636f6c6f757266756c	44799
204c696e656172	44800
20456c6c6965	44801
4779	44802
206d616e706f776572	44803
206a73	44804
20656d6f6a69	44805
20534841524553	44806
5f2e	44807
3030303037	44808
20736f706869737469636174696f6e	44809
20756e64657273636f7265	44810
207072616374697365	44811
20626c6f62	44812
6f70656e73	44813
556b7261696e65	44814
4b656570696e67	44815
5943	44816
4a52	44817
756c74696d617465	44818
436c61696d	44819
206175746f6d6f62696c6573	44820
393933	44821
737465656c	44822
2070617274696e67	44823
204c616e6b	44824
2e2e2e3f	44825
20333835	44826
2072656d656d6272616e6365	44827
206561736564	44828
20636f76617269	44829
2053696e64	44830
456666656374697665	44831
2064697373656d696e6174696f6e	44832
204d6f6f7365	44833
20436c6170706572	44834
627261746573	44835
4170706c79	44836
20696e766973	44837
20776f7273656e6564	44838
e280942d	44839
206c656769736c61746f72	44840
204c6f6c	44841
20526f7765	44842
206465616c657273686970	44843
756d6172	44844
6964656e636573	44845
20696e76657374696761746573	44846
2063617363616465	44847
20626964646572	44848
2042454e	44849
49726f6e6963616c6c79	44850
20707265736964696e67	44851
2064696e67	44852
20636f6e747261646963746564	44853
207368757473	44854
20464958	44855
20333636	44856
4469737472696374	44857
2073696e66756c	44858
204368617269736d61	44859
6f6f7073	44860
20746f74616c697479	44861
207265737469747574696f6e	44862
204f7074696d7573	44863
20446168	44864
20636c75656c657373	44865
75726e6564	44866
206e7574726974	44867
206c616e646f776e657273	44868
20666c7573686564	44869
2062726f6164656e	44870
6d6965	44871
207072696e746c6e	44872
206e6967	44873
20436f72707573	44874
4a656e	44875
2070726f746f	44876
2057696b696d65646961	44877
2050616c6f	44878
434f52	44879
2073746f72796c696e6573	44880
206576616e67656c6963616c73	44881
2044617272656c6c	44882
20726f746f72	44883
204857	44884
736b696c6c6564	44885
6572796c	44886
2062656767	44887
20426c756d656e7468616c	44888
2077656176696e67	44889
20646f776e7761726473	44890
204a61636b6574	44891
20414e47454c	44892
546563686e6f6c6f6779	44893
2065736f7465726963	44894
616c646568796465	44895
20667572696f75736c79	44896
20666f726569676e6572	44897
5765616b	44898
43484f	44899
20486f756e64	44900
457870657269656e6365	44901
20506c617973746174696f6e	44902
204d4941	44903
20556e67	44904
636c6f7468	44905
6167616c6c	44906
2063616c6d696e67	44907
697a656e73	44908
537472756374	44909
2057697463686573	44910
2043656c6562726174696f6e	44911
202e2e2e2e2e2e2e2e2e2e2e2e2e2e	44912
7074726f6c6c6572	44913
20544355	44914
2062756e6e79	44915
e3838d	44916
75746f7269616c	44917
2075707363616c65	44918
20537461	44919
20436f6c6f73737573	44920
2063686c6f72696465	44921
205a6163	44922
20526561736f6e73	44923
2042726f6f6b696e6773	44924
205748495445	44925
5d5b2f	44926
204c6f7365	44927
393035	44928
20756e64657273696465	44929
65726e656c73	44930
2076617065	44931
646f7a656e	44932
7570706574	44933
2053544f50	44934
6d61746963616c	44935
2053746174656d656e7473	44936
686564646172	44937
504143	44938
437573746f6d6572	44939
206d656d6f73	44940
20504a	44941
656e64617273	44942
204c696d697473	44943
6c61756768	44944
2073746162696c697a6564	44945
20414c4543	44946
5941	44947
55706772616465	44948
616c616d	44949
20746563686e6f	44950
20616e6577	44951
666f72657365656e	44952
20636f6c6c656769617465	44953
205079726f	44954
204469736d	44955
2066726f6e746c696e65	44956
20616d6d6f6e6961	44957
4955	44958
5175697465	44959
4a6f686e6e79	44960
617373696e	44961
474f50	44962
205374796c6573	44963
20536f7665726569676e	44964
616374657269616c	44965
353439	44966
20524950	44967
204c69737473	44968
20333634	44969
205265636570	44970
736f636b6574	44971
2042797264	44972
2043616e646c65	44973
416e6369656e74	44974
20617070656c6c616e74	44975
656e666f7263656d656e74	44976
61636561	44977
616e736b69	44978
206f6c6473	44979
383836	44980
20736c757273	44981
20656d7069726573	44982
206275636b6c65	44983
20616c69656e6174696f6e	44984
20416265726465656e	44985
20756e69636f726e	44986
206f766572726964696e67	44987
204c58	44988
707061	44989
206465737069736564	44990
2042756773	44991
20425354	44992
536f75746865726e	44993
353333	44994
2068616c6c6d61726b	44995
20506f73746572	44996
207374656d6d6564	44997
207072696e636970616c73	44998
2054454348	44999
2053616e6477696368	45000
4974616c79	45001
20636865657379	45002
2053657454657874436f6c6f72	45003
2050726f74656374697665	45004
20436f686e	45005
4a4f	45006
6170746f70	45007
526561736f6e	45008
4c6561646572	45009
20556e6465727374616e64	45010
2046726964617973	45011
20436f6e74696e756f7573	45012
20636c697070696e67	45013
20527965	45014
206265727468	45015
74696d6572	45016
616e6e6973	45017
7265616374	45018
2062756666616c6f	45019
205061726173	45020
20363535	45021
207072657369646564	45022
2053756e72697365	45023
2076657473	45024
20636c6f766573	45025
204d6343756c6c	45026
537472656e677468	45027
47414e	45028
20696c6c69746572	45029
2050726963696e67	45030
6cc3a9	45031
207265736973746f72	45032
206272756e	45033
20537566666f6c6b	45034
d18b	45035
204c69766572	45036
52656c6561736564	45037
207768617473	45038
383630	45039
204d65617375726573	45040
2064656e6f756e63696e67	45041
2052797a656e	45042
20736f7576656e	45043
2063617265676976657273	45044
6368696e69	45045
20536361726c657474	45046
2074726f756768	45047
436f6e67726174756c6174696f6e73	45048
207461786973	45049
20547261646974696f6e	45050
6a6974	45051
207461626c65746f70	45052
20686974686572746f	45053
20646973696e666f726d6174696f6e	45054
6f6666656e73697665	45055
687261	45056
204449535452494354	45057
20636f6d706c6963617465	45058
6368656e6b6f	45059
205265636f6e737472756374696f6e	45060
2070616c7061626c65	45061
2061757370	45062
20343238	45063
2073686f776361736573	45064
205075626c69636174696f6e	45065
6b6e6f776c65646765	45066
696e6e6f6e	45067
343139	45068
2072657472696576616c	45069
616e64657273	45070
20726566757465	45071
20696e717569726564	45072
677572	45073
206e656761746976697479	45074
20636f6e7365727665	45075
2061667465726c696665	45076
2070726573757070	45077
2047696c6c6573706965	45078
206d74	45079
20444e	45080
546170	45081
2070657270656e64	45082
20536d79	45083
646f65736e	45084
207370696c6c696e67	45085
20687970657273	45086
4b617465	45087
c2ae2c	45088
6b657074	45089
20506f7765726564	45090
206a61	45091
204b6c7578	45092
61726465	45093
6162616e	45094
20343434	45095
20666c617474656e6564	45096
20496d70726f76656d656e7473	45097
75726761	45098
204b756e64	45099
20696e73637269626564	45100
20666163756c74	45101
20756e7072657061726564	45102
20436f6e73756d657273	45103
20736174697366696573	45104
2070756c6d6f6e617279	45105
20696e66696c74726174696f6e	45106
2065787465726e616c6c79	45107
20636f6e67726174756c6174696f6e73	45108
616768616e	45109
206169726c696e6572	45110
20666c756e67	45111
20666c79657273	45112
4744	45113
20736e697070657473	45114
20726563757273697665	45115
206d6173746572696e67	45116
4c6578	45117
206f766572746c79	45118
7667	45119
206c75636b696c79	45120
20656e63726f	45121
204c616e636574	45122
204162797373616c	45123
66756e6374696f6e616c	45124
20736f77	45125
207371756964	45126
206e6172726174696f6e	45127
206e617567687479	45128
20486f6e6f7572	45129
205370617274616e73	45130
2073686174746572	45131
205461636f6d61	45132
2043616c6f72696573	45133
205261636573	45134
5375626d6974	45135
20707572706f736566756c6c79	45136
776176	45137
20596f6b	45138
46657374	45139
2047657272	45140
4d6574726f	45141
206974696e6572	45142
66616d6f7573	45143
20227b	45144
696e6c696e65	45145
776173686572	45146
4973737565	45147
20434c49454e54	45148
6f7a6f	45149
56657273696f6e73	45150
373235	45151
20476c6f636b	45152
20736869656c646564	45153
20504352	45154
454e4359	45155
2057656c64	45156
2053696d706c	45157
2072656469726563746564	45158
204b68616d	45159
20283e	45160
206c61626f75	45161
2064696170657273	45162
73736c	45163
2063656c6c6172	45164
6f7267616e69736d73	45165
6f72657363	45166
204265726b73	45167
6469646e	45168
5368697070696e67	45169
4368657374	45170
20756e646f6e65	45171
206d696c6c696f6e61697265	45172
20636f726473	45173
20596f756e676572	45174
617070726f7072696174656c79	45175
2073657175656c73	45176
757665	45177
616e746963697061746564	45178
206c657764	45179
205368697274	45180
20446d69747279	45181
5665746572	45182
20736c6179696e67	45183
20596172	45184
20636f6d706c69636174696f6e	45185
496f7761	45186
204572696361	45187
20424c4d	45188
6769726c667269656e64	45189
626f64696564	45190
363236	45191
31393633	45192
20696e7465726d656469617279	45193
20636f6e736f6c6174696f6e	45194
4d61736b	45195
205369656d	45196
6f77616e	45197
426567696e6e696e67	45198
206669786d65	45199
2063756c6d696e61746564	45200
20636f6e647563	45201
20566f6c756e74656572	45202
20706f736974696f6e616c	45203
20677265657473	45204
20446566696e6974696f6e73	45205
207468696e6b6572	45206
20696e67656e75697479	45207
2066726573686d656e	45208
204d6f6d656e7473	45209
20333537	45210
617465757273	45211
204665644578	45212
7367	45213
363934	45214
206477696e646c696e67	45215
20424f58	45216
73656c616765	45217
20746d70	45218
207374656e	45219
20537574	45220
206e65696768626f7572686f6f6473	45221
20636c6173736d617465	45222
666c6564676564	45223
206c65667469737473	45224
20636c696d61746573	45225
4154484552	45226
20536379746865	45227
756c69666665	45228
20736167	45229
20686f70706564	45230
204674	45231
2045636b	45232
20434b	45233
20446f6f6d73646179	45234
6b696473	45235
20676173706564	45236
206d6f6e696b6572	45237
204c6f64	45238
2043464c	45239
74696f6e73	45240
72756d73	45241
666f6c696f73	45242
206d64	45243
20756e63616e6e79	45244
207472616e73706f727473	45245
204c61627261646f72	45246
207261696c77617973	45247
206170706c69616e6365	45248
204354524c	45249
e680	45250
506f70756c6174696f6e	45251
20436f6e6665646572616379	45252
20756e6265617261626c65	45253
20646f7273616c	45254
20496e666f726d	45255
6f70746564	45256
204b494c4c	45257
4d617278	45258
206879706f637269746963616c	45259
717573	45260
204e756d65726f7573	45261
2047656f726769616e	45262
20416d62726f7365	45263
204c6f6368	45264
2067756265726e61746f7269616c	45265
2058656f6e	45266
20537570706f727473	45267
656e736572	45268
65656c79	45269
204176656e676572	45270
31393635	45271
41726d79	45272
206a7578746170	45273
2063686f7070696e67	45274
2053706c617368	45275
205375737461696e61626c65	45276
2046696e6368	45277
2031383631	45278
696374697665	45279
61746d65616c	45280
20476f68616e	45281
206c696768747361626572	45282
20475041	45283
756775	45284
205245504c	45285
7661726961626c65	45286
20686572706573	45287
2064657365727473	45288
6163696f75736c79	45289
20736974756174696f6e616c	45290
7765656b6c79	45291
6f626c	45292
2074657874696c65	45293
20436f726e77616c6c	45294
20636f6e7472616365707469766573	45295
20416b65	45296
5d2d	45297
e4b98b	45298
3a2c	45299
2057656d	45300
204269686172	45301
20272e	45302
2062657265	45303
20616e616c6f677565	45304
20436f6f6b696573	45305
2074616b656f6666	45306
576865656c	45307
206d616a6573746963	45308
20636f6d6d7574696e67	45309
303233	45310
20436f72707365	45311
6173736d656e74	45312
6d696e69	45313
20676f72696c6c61	45314
20416c6173	45315
65726565	45316
206163717561696e74616e636573	45317
20416476616e74616765	45318
2073706972697475616c6c79	45319
2065796564	45320
706d77696b69	45321
20456e646572	45322
207472616e736c7563656e74	45323
206e6967687474696d65	45324
20494d41474553	45325
353435	45326
204b616d70	45327
20467265616b	45328
206967	45329
506f72746c616e64	45330
343332	45331
204d617461	45332
206d6172696e6573	45333
20686f7273	45334
61746572617375	45335
204174747269627574696f6e	45336
202d2d2d2d2d2d2d2d2d	45337
206b696e73	45338
2042454c4f57	45339
2b2b2b	45340
207265656c696e67	45341
6f6c6564	45342
20636c7574746572	45343
2052656c6174697665	45344
20343237	45345
425553	45346
206176657274	45347
204368656f6e67	45348
2041626c65	45349
205072796f72	45350
446576656c6f706572	45351
20656e6379636c6f7065646961	45352
2055534146	45353
204761727279	45354
537061696e	45355
426c6f636b73	45356
206578706f736974696f6e	45357
2047616d657247617465	45358
574f52	45359
2073746f636b70696c65	45360
20636c6f74686564	45361
20546f6e65	45362
20527565	45363
74756d626c72	45364
2074726561636865726f7573	45365
20667279696e67	45366
d18c	45367
20537068	45368
20726573747261696e7473	45369
20656d626f64696573	45370
20476573	45371
536166657479	45372
206e65676f746961746f7273	45373
6d696e696e67	45374
20417070616c61636869616e	45375
4c4f53	45376
204a656e6e61	45377
2070617373657273	45378
e78b	45379
736e6170	45380
2073686f7274656e	45381
63726561746f72	45382
20696e6e756d657261626c65	45383
75746865726c616e64	45384
363734	45385
20574f4d	45386
20417363656e64	45387
2041726d6f7279	45388
205472616e73616374696f6e	45389
4b69636b	45390
207375697463617365	45391
6461794e616d65	45392
20776173746566756c	45393
6d61727269616765	45394
204d6343616265	45395
6974656368	45396
204f7373	45397
436c6f73757265	45398
20547265617375726572	45399
20696e646563656e74	45400
2044756c6c	45401
207265736964656e636573	45402
31393539	45403
20536574746c656d656e74	45404
48616d696c746f6e	45405
2073656c66696573	45406
2052616e6b696e67	45407
204261726b6c6579	45408
20426f7265	45409
20574353	45410
204d61726974696d65	45411
20487568	45412
20466f726573747279	45413
2063756c7469766174696e67	45414
2042616c6c617264	45415
206761727269736f6e	45416
2053444c	45417
393330	45418
206e617363656e74	45419
20697272657369737469626c65	45420
20617766756c6c79	45421
5c2f5c2f	45422
20657175617465	45423
20616e7468726f706f6c6f6779	45424
2053796c766961	45425
20696e74657374696e65	45426
20696e6e6f63756f7573	45427
63657373697665	45428
61677261	45429
204d6574726f6964	45430
4772616e74	45431
383535	45432
8196	45433
20225f	45434
e38383e38389	45435
2061707072616973616c	45436
20467265646479	45437
303436	45438
20343036	45439
2031383330	45440
20646f636b696e67	45441
537461746963	45442
20706f6e74	45443
20566f6c74616765	45444
205374656164	45445
204d6f727467616765	45446
204a6f6e6168	45447
594c	45448
434c4153534946494544	45449
206173626573746f73	45450
6e696b6f76	45451
20636f6c6c6167656e	45452
204f72626974616c	45453
506f636b6574	45454
373939	45455
2068796272696473	45456
696e63686573	45457
20696e766f696365	45458
756e6479	45459
20696e657175616c6974696573	45460
5472656e64	45461
776173686564	45462
42414c4c	45463
206c75636964	45464
20436f6d6d656e74617279	45465
207769747479	45466
4272616e646f6e	45467
206272756973696e67	45468
20363230	45469
657363656e74	45470
626f78696e67	45471
504f4c	45472
20333738	45473
52656374	45474
206c6963656e636573	45475
204d63476565	45476
70726573736564	45477
44616e6e79	45478
206a616d6d6564	45479
6f7264696e617465	45480
206c657468	45481
2064697374696e67756973686573	45482
2059616d616861	45483
494c53	45484
2048756d65	45485
2043617465676f72696573	45486
526f6265727473	45487
4368617274	45488
20626565746c65	45489
20477261766579617264	45490
20282429	45491
6fc49f	45492
207477696c69676874	45493
6172656c6c61	45494
e1bd	45495
20626f6f746873	45496
20484853	45497
2046656c646d616e	45498
2065786361766174696f6e	45499
207068696c6f736f7068696573	45500
61746f677261706879	45501
20476172616765	45502
746563686e6f6c6f6779	45503
20756e666f726765747461626c65	45504
20766572696679696e67	45505
207375626f7264696e61746573	45506
456c73	45507
206e6562	45508
47616d696e67	45509
454e41	45510
20416368696576656d656e74	45511
697474657273	45512
2047616265	45513
2064756d7073	45514
666f72636572	45515
20706f69676e616e74	45516
204d4241	45517
204865696469	45518
696d6569	45519
206d61676573	45520
206c69626572617465	45521
2063697263756d6369736564	45522
204d65726d616964	45523
204d61747468	45524
746f676574686572	45525
2057696368697461	45526
2073746f726566726f6e74	45527
204164696e	45528
564949	45529
466f75727468	45530
206578706c6f72657273	45531
574552	45532
4e6f7461626c65	45533
42726f6f6b	45534
6d656e73	45535
4661697468	45536
2d2d2d2d2d2d2d2d2d	45537
204a6f75	45538
acbc	45539
2070696e656170706c65	45540
20616d616c67	45541
656c6e	45542
61726b61626c65	45543
20e382b5e383bce38386e382a3	45544
20e382b5e383bce38386e382a3e383afe383b3	45545
206f76617269616e	45546
204563686f6573	45547
2068616972637574	45548
20706176	45549
206368696c6c6564	45550
616e61736961	45551
207374796c6564	45552
20646162	45553
6e69706572	45554
206d696e697374657269616c	45555
20445550	45556
54616e	45557
2073756c7068	45558
204465746572	45559
20426f68656d	45560
6f64616e	45561
206564756361746f72	45562
e29398	45563
73706972	45564
436869636b656e	45565
20456c65616e6f72	45566
20717569	45567
206865617669657374	45568
2067726173706564	45569
555241	45570
2063726f6f6b6564	45571
4a657373696361	45572
70726f626c656d	45573
2070726564657465726d696e6564	45574
206d616e696163	45575
2062726561746873	45576
204c617564657264616c65	45577
20686f6262696573	45578
797a	45579
4372696d65	45580
206368617269736d61	45581
644c	45582
206c656170696e67	45583
206b697474656e73	45584
416e67656c6f	45585
204a41434b	45586
2053757a616e6e65	45587
2068616c74696e67	45588
454e54494f4e	45589
207377616c6c6f77696e67	45590
2045617274687175616b65	45591
20656967687465656e7468	45592
204e4943	45593
20494e46	45594
20436f6e7363696f7573	45595
20706172746963756c617273	45596
636972636c65	45597
373430	45598
2062656e65766f6c656e74	45599
20373437	45600
20343930	45601
2072756e646f776e	45602
2056616c65726965	45603
20425552	45604
20636976696c69736174696f6e	45605
205363686e	45606
5742	45607
6f74696465	45608
696e7465726e6174696f6e616c	45609
206a6f686e	45610
2031393032	45611
207065616e757473	45612
20666c61766f726564	45613
6b7573	45614
20726f61726564	45615
206375746f6666	45616
e9a3	45617
206f726e616d656e74	45618
2061726368697465637475726573	45619
20333639	45620
6f6c6f72	45621
2057696c6465	45622
20435243	45623
2041646a7573746564	45624
2070726f766f6b696e67	45625
6c616e64697368	45626
20726174696f6e616c697479	45627
206a7573746966696573	45628
2064697370656c	45629
20616d65726963	45630
20506f6c6573	45631
d8a9	45632
20656e766973	45633
20446f6f646c65	45634
e4bdbf	45635
6967736177	45636
61756c64726f6e	45637
546563686e6963616c	45638
5465656e	45639
757068656d	45640
205869616e67	45641
20646574726163746f7273	45642
205a69	45643
204a6f75726e616c69737473	45644
20636f6e647563697665	45645
20566f6c756e7465657273	45646
207364	45647
4b6e6f77696e67	45648
207472616e736d697373696f6e73	45649
20504c414e	45650
204c4942	45651
20616c6c75646564	45652
206f6265	45653
20646f7065	45654
20476f6c64737465696e	45655
20776176656c656e67746873	45656
2044657374696e6174696f6e	45657
6e6461	45658
756769	45659
20617474656e74697665	45660
204c65616e	45661
72616c746172	45662
206d616e67	45663
6d62756473	45664
616b696e6773	45665
62656e646572	45666
206163636f6c	45667
20637261776c6564	45668
4e4f57	45669
4d696e6e65736f7461	45670
20666c6f75726973686564	45671
205a7570	45672
2053757065727669736f72	45673
204f6c6976696572	45674
457863656c6c656e74	45675
20776964656e	45676
446f6e65	45677
20776967	45678
206d6973636f6e63657074696f6e73	45679
436f7270	45680
57616e	45681
2076656e657261626c65	45682
204e6f7461626c79	45683
204b6c696e676f6e	45684
616e696d617465	45685
426f6f7374	45686
20534159	45687
6d697373696e67	45688
69626c696f677261706879	45689
6d656c6f6e	45690
20706179646179	45691
d8b3	45692
626f6c65	45693
207665696c6564	45694
20416c706861626574	45695
4974616c69616e	45696
20657665726c617374696e67	45697
20524953	45698
2043726565	45699
726f6d7074	45700
20686174696e67	45701
206772696e6e696e67	45702
2067656f67726170686963616c6c79	45703
4f5348	45704
2077656570696e67	45705
20c2a020c2a020c2a020c2a020c2a020c2a020c2a020c2a0	45706
20696d70656363	45707
4c6574746572	45708
20626c6f61746564	45709
504c41	45710
204665696e	45711
207065727365766572	45712
5468756e646572	45713
20617572	45714
20524c	45715
2070697466616c6c73	45716
e296ba	45717
20707265646f6d696e616e74	45718
20353235	45719
373138	45720
415045	45721
373134	45722
206661726d6c616e64	45723
205169616f	45724
2076696f6c6574	45725
20426168616d6173	45726
20696e666c696374696e67	45727
20456666696369656e6379	45728
20686f6d6562726577	45729
20756e646572746f6f6b	45730
206375726c79	45731
2048617264696e67	45732
6d616e6961	45733
353936	45734
2074656d7065726564	45735
20686172726f77696e67	45736
20506c65646765	45737
204672616e6b656e737465696e	45738
e8aa	45739
4d6f74696f6e	45740
207072656469637461626c79	45741
204578706c6f73696f6e	45742
6f637573696e67	45743
657264	45744
636f6c6f	45745
46464552	45746
206261636b6669656c64	45747
2056494445	45748
7565626c	45749
4e617272	45750
20417267756d656e74	45751
2067656e6f6d6963	45752
20626f757469717565	45753
20626174746564	45754
2042696e617279	45755
2067616d62	45756
2052687974686d	45757
363733	45758
2061666c6f6174	45759
204f6c796d706961	45760
59494e47	45761
20656e646966	45762
6973696e	45763
2077696e74657273	45764
2073636174746572696e67	45765
4976	45766
44697374616e6365	45767
20747275	45768
20436f6d666f7274	45769
206e65787573	45770
20616972666c6f77	45771
2042797a616e74696e65	45772
706179657273	45773
636f6e69	45774
204265747379	45775
4465616c	45776
204e7567	45777
20436f6e74696e656e74	45778
72656469626c79	45779
206f7074696d697a696e67	45780
616c62656974	45781
206563737461746963	45782
2050726f746f	45783
e7b7	45784
69766f74	45785
e29684	45786
656d70	45787
726f756e646572	45788
20636c6f7574	45789
20495354	45790
363633	45791
20446f6c6c617273	45792
20444143	45793
2073756273637269626564	45794
2072656865617273616c	45795
20616d7073	45796
205368616e67	45797
65736d	45798
20737072696e6b6c65	45799
2061737361696c616e74	45800
204f6f	45801
20436f696e62617365	45802
54616374	45803
20726574696e61	45804
206e756e73	45805
524f4e	45806
6174746f	45807
206a7567	45808
20535647	45809
2062696b696e69	45810
2046494c45	45811
20466f756e64657273	45812
65706f7274	45813
204b50	45814
20726573746f726573	45815
20546869636b	45816
206173686f7265	45817
20617070726f76616c73	45818
52656e646572	45819
4d4147	45820
47726168616d	45821
20436f7274616e61	45822
e383b3e382b8	45823
737368	45824
6f7269616e73	45825
617273697479	45826
20496e737069726564	45827
7570706572	45828
207369676e616c6c696e67	45829
20726562756b65	45830
20666c61726573	45831
20646f776e74696d65	45832
53747564696573	45833
20737461676e6174696f6e	45834
2053657175656e6365	45835
206772756e74	45836
2061737375726573	45837
20504c41	45838
353932	45839
20696e74726176656e	45840
646570656e64	45841
537573616e	45842
204d616e7a69656c	45843
4d616e6961	45844
436f6e7472616374	45845
20736c616d73	45846
2063756c7475726564	45847
206372656469746f72	45848
4c495354	45849
2048554d	45850
204368617474616e6f6f6761	45851
736572766564	45852
20636c6f616b6564	45853
20465450	45854
706f77646572	45855
205374656c6c61	45856
756374697665	45857
2063686561706c79	45858
204d554348	45859
2047616c696c656f	45860
20737569746573	45861
737065656368	45862
2064656c696265726174696f6e73	45863
204368697073	45864
ab98	45865
42616c616e6365	45866
2057796e6e65	45867
20416b726f6e	45868
4173736574	45869
20686f6e6f75726564	45870
206564676564	45871
4c696b6577697365	45872
616e696d6f7573	45873
2057616765	45874
20457a656b	45875
6164766572746973656d656e74	45876
20525458	45877
204d4144	45878
206d6967726174696e67	45879
20535155	45880
20343735	45881
456469746564	45882
2073686f727468616e64	45883
20426173696373	45884
2063726f746368	45885
204556454e	45886
20766d	45887
656666696369656e6379	45888
2063616c766573	45889
2046726965	45890
204272696c6c69616e74	45891
20737472696b657273	45892
20726570656e74616e6365	45893
206172746572696573	45894
726c	45895
426564	45896
686170	45897
2063727970746f677261706879	45898
20536162726573	45899
20343134	45900
76696b73	45901
6968617261	45902
6170736573	45903
54616c6b696e67	45904
20696e7465727477696e6564	45905
20646f636b73	45906
20616c6c656c65	45907
204172746966616374	45908
2048494d	45909
746f726e	45910
e795	45911
206f706163697479	45912
20456c79	45913
6f73756b65	45914
206e6970706c65	45915
2068616e647772697474656e	45916
20564b	45917
204368616d6265726c61696e	45918
204c616f73	45919
696772617068	45920
67726f77	45921
207472696c6c696f6e73	45922
2064657363656e64616e74	45923
205361696c6f72	45924
61737572696e67	45925
206365696c696e6773	45926
2057617265686f757365	45927
666c79696e67	45928
20476c6f77	45929
206e6f6e74	45930
206d69736361727269616765	45931
2072696773	45932
206d696e69737472696573	45933
20656c61626f7261746564	45934
2064656c7573696f6e616c	45935
2048756d616e65	45936
20333739	45937
6e657473	45938
20626c61636b6f7574	45939
616464657273	45940
206e70	45941
2054697265	45942
726f7363	45943
20737562646976	45944
206c696e6b616765	45945
206368726f6e6f6c6f676963616c	45946
204845524f	45947
207265736574746c656d656e74	45948
2056696e796c	45949
20706173746f72616c	45950
204d6f62696c	45951
20426172626172	45952
436f6f6c646f776e	45953
20467269747a	45954
6372696d696e616c	45955
72657065	45956
2062656c6c6967	45957
204272656564	45958
20343138	45959
2073656d626c616e6365	45960
696a6b	45961
206375727461696c	45962
20636c696e6368	45963
636f6e7461696e6564	45964
2050726f6d7074	45965
6173746f6e	45966
207769	45967
207075727375697473	45968
353135	45969
20476c6f7373	45970
20666c697073	45971
20636f75706f6e73	45972
20636c6f6e696e67	45973
204c696b656c79	45974
52656d6f766564	45975
2051756172747a	45976
7269636573	45977
20537065617273	45978
2070696f7573	45979
20646570726563696174696f6e	45980
2044617265	45981
6f756e636573	45982
616d617a	45983
4f6e74	45984
2070696e6e61636c65	45985
646f636b6572	45986
303236	45987
20577972	45988
2050726f706572	45989
cb88	45990
6e696c	45991
4279746573	45992
207365656b6572	45993
747269616c	45994
20756e666f6c6473	45995
204d61727365	45996
206578747261766167616e74	45997
205375727669766f7273	45998
5245444143544544	45999
205370656564776179	46000
204372616967736c697374	46001
7375626d6974	46002
2047656e65726174696f6e73	46003
207570686f6c64696e67	46004
20626c6f6f6473747265616d	46005
204d697373696f6e73	46006
204c61776e	46007
206c696d626f	46008
656e6569	46009
487568	46010
2057696c6463617473	46011
70726570	46012
204d61726b7573	46013
20466f7262696464656e	46014
7269746963	46015
494e4f	46016
2065786869626974696e67	46017
72657175656e74	46018
6368756b	46019
20686162697475616c	46020
20436f6d7061746962696c697479	46021
44726167	46022
52495054	46023
756a6168	46024
47524f554e44	46025
2064656c696e7175656e74	46026
206275726e6572	46027
20636f6e74656d706f726172696573	46028
2067696d6d69636b	46029
6c6f616473	46030
206e6f7a7a6c65	46031
706f6463617374	46032
2057616b	46033
2053746174656e	46034
204b7568	46035
e38193	46036
696e746572727570746564	46037
20696e76696e6369626c65	46038
204275726e657474	46039
636967617265747465	46040
20506562626c65	46041
2054656d706f72617279	46042
204d6172696e6f	46043
353832	46044
2077617374656c616e64	46045
6964656e746c79	46046
5478	46047
2072697465	46048
2050616e61736f6e6963	46049
204d6964646c6573	46050
20486f72746f6e	46051
61657573	46052
20637572696e67	46053
206d617473	46054
2061646a6f75726e	46055
2066656172736f6d65	46056
70657a	46057
626f617473	46058
2070726f70656c6c	46059
20636f6e666c6963746564	46060
20416e676572	46061
20696e73757267656e74	46062
4b61726c	46063
20636f616c6573	46064
20736f7574687765737465726e	46065
206469737375	46066
204f76657274	46067
2a2a2a2a2a2a2a2a2a2a2a2a	46068
20626f786564	46069
204272756e65	46070
616161	46071
2067617264656e696e67	46072
20456e67656c	46073
747261636b73	46074
207075726966696564	46075
20706c616365686f6c646572	46076
204c696b6573	46077
2064616e	46078
476162	46079
20656374	46080
20466177	46081
20456c696f74	46082
20272c	46083
6f74726f706963	46084
205275696e	46085
6865646f6e	46086
206361756c	46087
20616674	46088
20436164696c6c6163	46089
676861	46090
61737369616e	46091
75646562	46092
205469636b	46093
2061646a75737473	46094
4152474554	46095
353337	46096
6973636865	46097
616e7479	46098
20467269656472696368	46099
20426c697a7a	46100
20414f4c	46101
43616d706169676e	46102
206d616d6d616c	46103
205665696c	46104
204b6576	46105
204d6175726974	46106
2044616d69656e	46107
4e6174696f6e	46108
4561737465726e	46109
207b3a	46110
203d3d3d3d3d3d3d3d3d3d3d3d3d3d3d3d3d3d3d3d3d3d3d3d3d3d3d3d3d3d3d3d3d	46111
2073746572656f7479706963616c	46112
206174746963	46113
204379626f7267	46114
72657175697265	46115
206177617264696e67	46116
205061707561	46117
62746e	46118
62656e74	46119
426f6f	46120
20283d	46121
2058616e646572	46122
20536f6d6572736574	46123
20636174636879	46124
2063657274696679	46125
535452554354	46126
206974616c	46127
207469646573	46128
204272616e6473	46129
47726179	46130
636f6d7065746974697665	46131
2063757261746f72	46132
204447	46133
6f6d696e69756d	46134
20474d4f73	46135
63696174696e67	46136
204361726d656e	46137
6f77617264	46138
42616c74696d6f7265	46139
20726762	46140
4375	46141
207769706573	46142
7370656c6c	46143
49544e455353	46144
2073756d6d6172697a6573	46145
205265766973	46146
2077686973746c65626c6f77657273	46147
20427265616368	46148
2063726f63686574	46149
6b6f73	46150
6577736b69	46151
207265706574	46152
206372696d736f6e	46153
204b617261636869	46154
7265616461626c65	46155
64696d656e73696f6e	46156
2049676f72	46157
696c646564	46158
205a6564	46159
204b65616e65	46160
20436f736d65746963	46161
444550	46162
2072657472656174696e67	46163
205541	46164
656e736963616c	46165
206475736b	46166
204469636b656e73	46167
206172656e6173	46168
2050617373616765	46169
6c6576656c73	46170
2063757276	46171
506f7065	46172
2063686f726573	46173
20456c697365	46174
20436f6d70617373	46175
627562	46176
206d616d6d616c69616e	46177
2053616e736b726974	46178
20414e43	46179
20437261636b	46180
5175616c	46181
4c61756e	46182
616d70756e6b	46183
206c6561726e657273	46184
20676c616d6f726f7573	46185
20667572746865	46186
65726d6f7474	46187
63616e64	46188
47656e65726963	46189
206e61727261746564	46190
206469736f726465726c79	46191
205472616e73616374696f6e73	46192
20446574656e74696f6e	46193
20526f6b75	46194
c48d	46195
20756e64657273746174656d656e74	46196
2053617572	46197
20526f647269676f	46198
2041534150	46199
53696e	46200
2072656a6f696365	46201
4d6574686f6473	46202
20656c656374726f6465	46203
20776f7273686970706564	46204
20696469	46205
2050687973696369616e73	46206
20706f707570	46207
2064656674	46208
2052656d6f76616c	46209
204275656e6f73	46210
7665726273	46211
2066756e6b	46212
75736861	46213
72696374696f6e	46214
6f726561	46215
2042616e67616c6f7265	46216
204b656e6f6269	46217
7a7a69	46218
206e6f726d6174697665	46219
20676f626c696e73	46220
206361666573	46221
20554e434c4153534946494544	46222
204669726564	46223
5349474e	46224
2073636c65726f736973	46225
20566f746572	46226
20536f6e6e79	46227
20457874656e64	46228
20455673	46229
417273656e616c	46230
20707369	46231
20776964657374	46232
20547573	46233
206c6f6f6d73	46234
206a757374696679696e67	46235
204772616e676572	46236
e8af	46237
5265666572	46238
353833	46239
20666c6f7572697368696e67	46240
61627265	46241
2072617665	46242
20436f6e747261	46243
2031383938	46244
41646473	46245
2066756c	46246
20436f6f6b65	46247
736f6d656f6e65	46248
3d23	46249
363731	46250
2079616b	46251
2061727465	46252
204d697363656c6c616e656f7573	46253
20446574656374696f6e	46254
20436c616e6379	46255
e281	46256
617373696573	46257
2076616c69616e74	46258
2046656d696e697374	46259
636f7272757074696f6e	46260
56656c	46261
50656172	46262
2073756363696e6374	46263
20717569636b657374	46264
6b77	46265
207370697474696e67	46266
204c6962726172696573	46267
e58589	46268
616e747a	46269
446164	46270
2053706563696669636174696f6e73	46271
727570756c6f7573	46272
616e6472	46273
524553554c5453	46274
20736e6f7762616c6c	46275
20707265646973	46276
20426178746572	46277
204e757273696e67	46278
204368616666	46279
737765	46280
206f7574616765	46281
206e657374696e67	46282
206e6f746f7269657479	46283
74726967676572	46284
6f6e697465	46285
6a6f6e	46286
20666f75	46287
6f6f6b6564	46288
2043656c656272697479	46289
7265616c697479	46290
206661746967	46291
2068756767696e67	46292
20626f7468657273	46293
2050616e7a6572	46294
204368616e647261	46295
66696775726564	46296
20766f6c7473	46297
20436c6f756473	46298
20666565626c65	46299
204375727665	46300
2041737573	46301
373836	46302
6162736f72	46303
2056494345	46304
2048657373	46305
206d616e756661637475726573	46306
206772697a7a	46307
20506f77657266756c	46308
61636964	46309
2073756273656374696f6e73	46310
204b7275676d616e	46311
20416c7073	46312
697375	46313
2073657175657374	46314
20556c74726f6e	46315
2054696e6b6572	46316
20476f6f7365	46317
206d69736d61746368	46318
4174746f726e6579	46319
206d6f7270686f6c6f6779	46320
20536978657273	46321
75747465726564	46322
20454c454354	46323
6772616e	46324
52757373656c6c	46325
2047534c	46326
20666f72746e69676874	46327
202e29	46328
2061706f73746c65	46329
70726f6e65	46330
656c697374	46331
556e7469746c6564	46332
20496d706c656d656e746174696f6e	46333
6973746f7273	46334
2074616e6b6572	46335
20706c757368	46336
20617474656e64616e7473	46337
2054696b	46338
20477265656e77696368	46339
20596f6e	46340
2053504c	46341
63656c6c73	46342
756e746c6564	46343
536f6c7574696f6e	46344
205175c3a9	46345
2076616361746564	46346
2075707469636b	46347
204d6572696469616e	46348
e683	46349
204472696c6c	46350
393235	46351
353834	46352
2072656e6f7661746564	46353
204b75627269636b	46354
7a796b	46355
206c6f757379	46356
7070656c	46357
6f68796472617465	46358
20497a7a79	46359
6c6573696173746963616c	46360
434343	46361
20416a6178	46362
206164617074657273	46363
205065747261657573	46364
2061666669726d6174696f6e	46365
2053544f52	46366
6c656d73	46367
61646f6573	46368
20436f6e7374616e74696e6f706c65	46369
20706f6e696573	46370
206c69676874686f757365	46371
206164686572656e7473	46372
204272656573	46373
6f6d6f7270686963	46374
4669676874696e67	46375
20706c6173746572	46376
20505643	46377
204f627374	46378
20646561726c79	46379
20546f6f7468	46380
69636b736f6e	46381
207368616d696e67	46382
506c6578	46383
416767	46384
20e280a622	46385
2073756272656464697473	46386
20706967656f6e	46387
205265736964656e7469616c	46388
2050617373696e67	46389
206c756d	46390
2050656e73696f6e	46391
2070657373696d6973746963	46392
20343332	46393
7a696e736b69	46394
63616465	46395
303735	46396
2061706f6c6f6769736564	46397
69796168	46398
50757474696e67	46399
20676c6f6f6d79	46400
204c796d65	46401
3d2d3d2d3d2d3d2d3d2d3d2d3d2d3d2d	46402
20546f6d65	46403
205073796368696174726963	46404
20484954	46405
636d73	46406
61706f6c6f67	46407
20627265616b6572	46408
2064656570656e	46409
207468656f72697374	46410
20486967686c616e6473	46411
2062616b6572	46412
20737461706c6573	46413
20696e7465726665726564	46414
2041626f7274696f6e	46415
6a6f696e6564	46416
636875	46417
20666f726d756c617465	46418
2076616363696e6174696f6e73	46419
2062616e746572	46420
7068657573	46421
206f75746669656c646572	46422
204d65746572	46423
202323232323	46424
2031383935	46425
206e6172726f77696e67	46426
2053544f5259	46427
6670	46428
20435354	46429
69676e6f7265	46430
2070726f636c61696d696e67	46431
205255	46432
2042414c4c	46433
796e61	46434
363533	46435
20706f736974	46436
505245	46437
353934	46438
20526567697374726172	46439
2050696c6772696d	46440
6963696f	46441
207072657474	46442
206c6966656c657373	46443
205f5f5f	46444
4e65696768	46445
204368757263686573	46446
6f726e6f	46447
206f726373	46448
206b696e64726564	46449
204175646974	46450
206d696c6c656e6e69616c	46451
20506572736961	46452
67726176697479	46453
204469736162696c697479	46454
204441524b	46455
5773	46456
6f646f6e	46457
206772616e646461756768746572	46458
2042726f6f6b65	46459
20414441	46460
455241	46461
207069636b757073	46462
2057696c6b696e736f6e	46463
20536861726473	46464
204e4b	46465
20657870656c	46466
204b69736c79616b	46467
206a6172676f6e	46468
20706f6c6172697a6564	46469
69616e65	46470
5075626c6973686572	46471
20726562757474	46472
20617070726568656e73696f6e	46473
204b6573736c6572	46474
20707269736d	46475
46554c	46476
31393634	46477
204c6f6c6c	46478
e4bf	46479
6c657468616c	46480
c59f	46481
2067686574746f	46482
20626f756c646572	46483
20536c6f776c79	46484
204f7363617273	46485
20496e737472756374696f6e	46486
20556c7472	46487
204d6f65	46488
4e696368	46489
2050415448	46490
282a	46491
2052454c45415345	46492
756e696e67	46493
726f757365	46494
656e6567	46495
207265696d62	46496
204465746563746564	46497
446f53	46498
20737465726c696e67	46499
206167677265676174696f6e	46500
204c6f6e656c79	46501
20417474656e64	46502
686967686572	46503
20616972737472696b65	46504
6b736f6e	46505
53454c454354	46506
206465666c6174696f6e	46507
2048657272657261	46508
436f6c65	46509
7269746368	46510
20616476697361626c65	46511
466178	46512
20776f726b61726f756e64	46513
20706964	46514
6d6f7274656d	46515
657273656e	46516
207479706f	46517
20616c756d	46518
373832	46519
204a616d616c	46520
73637269707473	46521
206361707469766573	46522
2050726573656e6365	46523
204c69656265726d616e	46524
616e67656c6f	46525
20616c636f686f6c69736d	46526
61737369	46527
20726563697465	46528
20676170696e67	46529
206261736b657473	46530
20476f75	46531
42726f77736572	46532
6e656175	46533
20636f7272656374697665	46534
756e6461	46535
73636f72696e67	46536
205844	46537
2066696c616d656e74	46538
2064656570656e696e67	46539
20537461696e6c657373	46540
496e7465676572	46541
206275676779	46542
2074656e616e6379	46543
204d75626172616b	46544
207475706c65	46545
2044726f6964	46546
2053697474696e67	46547
20666f7266656974	46548
205261736d757373656e	46549
697874696573	46550
657369	46551
204b696d6d656c	46552
206d65746963756c6f75736c79	46553
2061706f7074	46554
2053656c6c6572	46555
303838	46556
6563616b65	46557
68656d61746963616c6c79	46558
544e	46559
206d696e646c657373	46560
2064696773	46561
204163636f7264	46562
6f6e73656e7365	46563
656d696e67	46564
6272616365	46565
2065426f6f6b	46566
20446973747269627574	46567
20496e766573746d656e7473	46568
7774	46569
5d292c	46570
6265686176696f72	46571
353633	46572
20626c696e64696e67	46573
2050726f74657374657273	46574
746f706961	46575
207265626f726e	46576
204b656c76696e	46577
20446f766572	46578
204461697279	46579
204f757473	46580
205b2f	46581
cf80	46582
6270	46583
2056616e697479	46584
205265636170	46585
20484f555345	46586
2046414345	46587
20343232	46588
363932	46589
20416e74696f6368	46590
636f6f6b6564	46591
20636f6c6c696465	46592
20617072	46593
20736c6565706572	46594
204a6172766973	46595
20616c7465726e61746976656c79	46596
204c6561766573	46597
204d6177	46598
20616e74697175697479	46599
204164696e696461	46600
20616275736572	46601
506f6bc3a96d6f6e	46602
206173736f72746564	46603
205265766973696f6e	46604
205069616e6f	46605
20476964656f6e	46606
4f6365616e	46607
2073616c6f6e	46608
20627573746c696e67	46609
6f676e6974697665	46610
205261686d616e	46611
20776169746572	46612
2070726573657473	46613
204f7368	46614
20474843	46615
6f70657261746f72	46616
2072657074696c6573	46617
20343133	46618
2047617272	46619
204368616b	46620
20686173686573	46621
206661696c696e6773	46622
20666f6c6b6c6f7265	46623
2061626c	46624
2043656e61	46625
204d6163417274687572	46626
20434f555254	46627
20706572697068657279	46628
617070657273	46629
207265636b6f6e6564	46630
20496e666c75	46631
20434554	46632
20333732	46633
20446566696e6974697665	46634
61737361756c74	46635
343231	46636
207265736572766f697273	46637
206469766573	46638
20436f696c	46639
444151	46640
2076697669646c79	46641
20524a	46642
2042656c6c6576	46643
2065636c6563746963	46644
2053686f77646f776e	46645
204b4d	46646
69706564	46647
72656574696e6773	46648
204173756b61	46649
4c69626572616c	46650
20cf84	46651
2062797374616e64657273	46652
20476f6f6477696e	46653
756b6f6e67	46654
536974	46655
205472656d	46656
206372696d696e616c6c79	46657
20436972637573	46658
6368726f6d65	46659
383837	46660
206e616e6f70	46661
204f6269	46662
204c4f57	46663
6f6768	46664
20417574686f7273	46665
6f62796c	46666
557262616e	46667
207469	46668
2057656972	46669
74726170	46670
616779	46671
20706172656e746865736573	46672
206f75746e756d6265726564	46673
20636f756e74657270726f64756374697665	46674
20546f62696173	46675
75626973	46676
506172736572	46677
53544152	46678
2073796e6170746963	46679
204765617273	46680
206869626572	46681
20646562756e6b6564	46682
206578616c746564	46683
617761747473	46684
484f55	46685
436875726368	46686
205069786965	46687
20557269	46688
20466f726d6174696f6e	46689
2050726564696374696f6e	46690
43454f	46691
207468726f7474	46692
2042726974616e6e	46693
204d616461676173636172	46694
eb8b	46695
2062696c6c626f61726473	46696
2052504773	46697
2042656573	46698
636f6d706c6574656c79	46699
46494c	46700
20646f65736e74	46701
20477265656e62657267	46702
72657973	46703
20736c696e67	46704
20656d7074696564	46705
205069786172	46706
20446861726d61	46707
6c75636b	46708
696e67756973686564	46709
20656e646f74	46710
206261627973	46711
303539	46712
6368657374	46713
72617473	46714
2072696464656e	46715
20626565746c6573	46716
20696c6c756d696e6174696e67	46717
20666963746974696f7573	46718
2050726f76696e6369616c	46719
20373638	46720
207368657068657264	46721
2052656e646572	46722
2031383936	46723
43726577	46724
206d6f6c646564	46725
205869616f6d69	46726
2053706972616c	46727
2064656c696d	46728
206f7267616e6973696e67	46729
20686f6f7073	46730
20426569	46731
7a68656e	46732
206675636b696e	46733
206465636164	46734
20756e626961736564	46735
616d6d79	46736
7377696e67	46737
20736d7567676c6564	46738
206b696f73	46739
20504552534f4e	46740
20496e7175697369746f72	46741
20736e6f7779	46742
207363726170696e67	46743
2042757267657373	46744
507472	46745
6167616d65	46746
5257	46747
2064726f6964	46748
204c7973	46749
2043617373616e647261	46750
4a61636f62	46751
20333534	46752
2070617374757265	46753
206672616e63	46754
2053636f746368	46755
20456e6473	46756
20494746	46757
646566696e6974696f6e	46758
206879737465726963616c	46759
2042726f776e65	46760
373731	46761
206d6f62696c697a6174696f6e	46762
e695	46763
697175656e657373	46764
54686f72	46765
207370656172686561646564	46766
20656d62726f696c6564	46767
20636f6e6a656374757265	46768
6a7564696369616c	46769
43686f696365	46770
2070617065726261636b	46771
506972	46772
207265636f76657273	46773
205375726765	46774
2053686f67756e	46775
2050656469617472696373	46776
e381a0	46777
20737765657073	46778
204c61626f7261746f72696573	46779
205061636b73	46780
616c7573	46781
616464696e	46782
20686561646c6967687473	46783
677261	46784
45766964656e6365	46785
434f4c4f52	46786
41646d696e	46787
8ab1	46788
20636f6e636f6374	46789
73756666696369656e74	46790
20756e6d61726b6564	46791
20726963686e657373	46792
20646973736572746174696f6e	46793
20736561736f6e696e67	46794
20676962	46795
204d61676573	46796
756e6374696f6e73	46797
204e6964	46798
6368656174	46799
20544d5a	46800
636974697a656e73	46801
20436174686f6c696369736d	46802
6e62	46803
20646973656d6261726b	46804
2050524f4752414d	46805
6171756573	46806
54796c6572	46807
4f7267	46808
20536c6179	46809
204e65726f	46810
20546f776e73656e64	46811
494e544f4e	46812
74656c65	46813
206d65736d6572	46814
393031	46815
206669726562616c6c	46816
65766964656e6365	46817
616666696c6961746564	46818
204672656e63686d616e	46819
2041756775737461	46820
303231	46821
20736c6564	46822
20726575736564	46823
20496d6d756e697479	46824
2077726573746c65	46825
617373656d626c6564	46826
4d61726961	46827
2067756e73686f7473	46828
20426172626965	46829
2063616e6e6162696e6f696473	46830
20546f617374	46831
204b696e646572	46832
495244	46833
2072656a7576656e	46834
20676f7265	46835
2072757074757265	46836
20627265616368696e67	46837
20436172746f6f6e	46838
20343535	46839
2050616c656f	46840
363134	46841
20737065617273	46842
20416d6573	46843
61627573	46844
4d616469736f6e	46845
47524f5550	46846
2061626f72746564	46847
796168	46848
2066656c6f6e	46849
20636175736174696f6e	46850
2070726570616964	46851
20706974746564	46852
6f706c616e	46853
205368656c6c6579	46854
20527573736f	46855
20506167616e	46856
2077696c6c66756c6c79	46857
2043616e61766572	46858
756e6472756d	46859
2053616c617279	46860
2041727061696f	46861
726561646572	46862
20526174696f6e616c	46863
204f7665727365	46864
20436175736573	46865
202a2e	46866
20776f62	46867
4b65697468	46868
20436f6e73656e74	46869
6d616e6163	46870
373733	46871
363233	46872
206661746566756c	46873
6574696d6573	46874
207370697269746564	46875
20447973	46876
20686567656d6f6e79	46877
20626f79636f74	46878
20456e7269717565	46879
656d6f757468	46880
2074696d656c696e6573	46881
20536168617261	46882
2052656c6178	46883
205175696e6379	46884
204c6573736f6e73	46885
20455155	46886
534541	46887
4e4b	46888
20436f7374636f	46889
496e637265617365	46890
206d6f7469766174696e67	46891
2043686f6e67	46892
616d617275	46893
20446976696465	46894
207065646967726565	46895
205461736d616e6961	46896
205072656c756465	46897
4c6173	46898
393430	46899
353734	46900
2063686175	46901
205370696567656c	46902
756e6963	46903
2d2d3e	46904
205068696c697073	46905
204b61666b61	46906
20757068656176616c	46907
2073656e74696d656e74616c	46908
20736178	46909
20416b697261	46910
73657269616c	46911
4d6174726978	46912
20656c656374696e67	46913
20636f6d6d656e746572	46914
204e6562756c61	46915
706c657473	46916
204e616475	46917
20416472656e	46918
20656e736872	46919
2052414e44	46920
66696e616e6369616c	46921
20436c796465	46922
7574686572666f7264	46923
207369676e616765	46924
2064656c696e65	46925
2070686f737068617465	46926
726f7665727369616c	46927
66617363697374	46928
2056616c6c	46929
20426574686c6568656d	46930
20666f7273	46931
20656e676c697368	46932
536f6c6964	46933
4e6174757265	46934
207661	46935
20477565737473	46936
2074616e74616c	46937
206175746f696d6d756e65	46938
3b3b3b3b3b3b3b3b3b3b3b3b	46939
20546f74616c6c79	46940
204f76	46941
20646566656e636573	46942
20436f636f6e7574	46943
207472616e7175696c	46944
20706c6f79	46945
20666c61766f757273	46946
20466c61736b	46947
e382a8e383ab	46948
20576573746f6e	46949
20566f6c766f	46950
383730	46951
206d6963726f70686f6e6573	46952
76657262616c	46953
525047	46954
20696969	46955
3b7d	46956
303238	46957
20686561646c696e6564	46958
207072696d6564	46959
20686f617264	46960
2053686164	46961
20454e544552	46962
20747269616e67756c6172	46963
206361706974	46964
6c696b	46965
20416e6369656e7473	46966
206c617368	46967
20636f6e766f6c	46968
20636f6c6f6e656c	46969
656e656d79	46970
477261	46971
2070756273	46972
757474657273	46973
2061737369676e73	46974
2050656e6574	46975
204d6f6e7374726f7573	46976
20426f77656e	46977
696c766572	46978
4861756e746564	46979
2044696e67	46980
73746172746564	46981
706c696e	46982
20636f6e74616d696e616e7473	46983
20444f45	46984
6666656e	46985
20546563686e696369616e	46986
5279	46987
20726f6262657273	46988
20686f746c696e65	46989
204775617264696f6c61	46990
204b6175666d616e	46991
726f776572	46992
204472657364656e	46993
20416c70696e65	46994
456c66	46995
20666d74	46996
2053617264	46997
7572736573	46998
677075	46999
556e6978	47000
20756e65717569766f63616c6c79	47001
20436974697a656e73686970	47002
71756164	47003
6d697265	47004
20537765656e6579	47005
42617474657279	47006
363135	47007
2070616e63616b6573	47008
206f617473	47009
4d617073	47010
20436f6e7472617374	47011
6d627564736d616e	47012
20455053	47013
20737562636f6d6d6974746565	47014
20736f757263696e67	47015
2073697a696e67	47016
20427566666572	47017
204d616e6461746f7279	47018
206d6f64657261746573	47019
205061747465726e73	47020
2043686f636f626f	47021
205a616e	47022
20535441544553	47023
204a756467696e67	47024
20496e686572	47025
2a3a	47026
2062696c	47027
2059656e	47028
20657868696c6172	47029
6f6c6c6f776572	47030
7a657273	47031
20736e7567	47032
6d6178696d756d	47033
2064657370696361626c65	47034
205041434b	47035
20416e6e6578	47036
20736172636173746963	47037
206c61746578	47038
2074616d70	47039
2053616f	47040
626168	47041
205265766572656e64	47042
204368696e61746f776e	47043
20415554	47044
646f63756d656e746564	47045
2047414241	47046
2043616e61616e	47047
20d985	47048
20676f7665726e73	47049
70726576	47050
457363	47051
20457374696d61746573	47052
4f5350	47053
20656e646561766f7572	47054
20436c6f73696e67	47055
6f6d6574696d65	47056
65766572796f6e65	47057
20776f7273656e	47058
207363616e6e657273	47059
20646576696174696f6e73	47060
20526f626f74696373	47061
20436f6d70746f6e	47062
20736f726365726572	47063
20656e646f67656e6f7573	47064
20656d756c6174696f6e	47065
205069657263696e67	47066
20417068	47067
20536f636b6574	47068
20626f756c64	47069
204f55	47070
20426f726465726c616e6473	47071
2031383633	47072
476f72646f6e	47073
2057544f	47074
20726573747269637473	47075
206d6f73616963	47076
206d656c6f64696573	47077
e784	47078
546172	47079
20646973736f6e	47080
2050726f7669646573	47081
202e2e2e2e2e2e	47082
62656b	47083
464958	47084
2062726f6f6d	47085
616e73686970	47086
446f63746f7273	47087
206e65726473	47088
20526567696f6e73	47089
6e61697373616e6365	47090
206d657465	47091
206372657074	47092
706c696e6773	47093
206769726c667269656e6473	47094
6b6e6974	47095
6967656e74	47096
6f7765	47097
2075736865726564	47098
2042617a	47099
4d6f62696c	47100
343334	47101
2050726573656e7473	47102
6f726967696e	47103
20696e736f6d6e6961	47104
20417578	47105
343339	47106
204368696c69	47107
6972736368	47108
47414d45	47109
20676573746174696f6e	47110
616c676961	47111
726f6d6973696e67	47112
242c	47113
63726f77	47114
20496e7370656374696f6e	47115
61746f6d6963	47116
52656c6174696f6e73	47117
4a4f484e	47118
726f6d616e	47119
20436c6f636b776f726b	47120
2042616b72	47121
6d6f6e65	47122
4d4554	47123
2074686972737479	47124
206263	47125
20666163756c74696573	47126
52756d	47127
206e75616e6365	47128
20446172697573	47129
706c6574696e67	47130
6674657273	47131
657463687570	47132
526567697374726174696f6e	47133
204b45	47134
526168	47135
20707265666572656e7469616c	47136
204c617368	47137
204848	47138
56616c6964	47139
204e4156	47140
20737461727665	47141
20476f6e67	47142
7a796e736b69	47143
2041637472657373	47144
2077696b	47145
20756e6163636f6d70616e696564	47146
6c766c	47147
4272696465	47148
414453	47149
20436f6d6d616e646f	47150
2056617567686e	47151
57616c6c6574	47152
20686f7070696e67	47153
20566965	47154
2063617665617473	47155
20616c6173	47156
69666c6564	47157
6162757365	47158
363631	47159
2069626e	47160
2067756c	47161
20726f6262696e67	47162
74696c	47163
494c41	47164
206d697469676174696e67	47165
206170746c79	47166
20747972616e74	47167
206d6964646179	47168
2047696c6d6f7265	47169
204465636b6572	47170
20c2a7c2a7	47171
7061727469616c	47172
45786163746c79	47173
207068656e6f74797065	47174
205b2b5d	47175
20506c6578	47176
20497073	47177
76657273696f6e73	47178
2065626f6f6b	47179
2063686963	47180
67726f7373	47181
223a22227d2c7b22	47182
2053757270726973696e676c79	47183
4d6f7267616e	47184
207265736964756573	47185
20436f6e66656465726174696f6e	47186
696e66656c64	47187
206c7972	47188
6d6f646572617465	47189
2070657270656e646963756c6172	47190
564b	47191
2073796e6368726f6e697a6564	47192
20726566726573686564	47193
2061646f7265	47194
20546f726d656e74	47195
6f6c696e61	47196
2032363030	47197
4974656d547261636b6572	47198
2070696573	47199
20464154	47200
20524850	47201
303438	47202
2052455350	47203
20424a	47204
616c6c6f7773	47205
50616e64	47206
20756e77656c636f6d65	47207
20566f63	47208
2042617374617264	47209
204f57	47210
204c4152	47211
204865616c6572	47212
456e7669726f6e6d656e74616c	47213
204b656e79616e	47214
205472616e6365	47215
2050617473	47216
20616c6961736573	47217
204761726669656c64	47218
2063616d706169676e6572	47219
20616476616e63656d656e7473	47220
204f6b696e617761	47221
20436f68	47222
6f77736b79	47223
2073746172766564	47224
2073697a6561626c65	47225
203a2d29	47226
206d524e41	47227
2073757370656e73696f6e73	47228
6973746172	47229
53636f746c616e64	47230
5072696e	47231
2d2d2d2d2d2d2d2d2d2d2d2d2d2d2d2d2d2d2d2d2d2d2d2d2d2d2d2d2d2d2d2d2d2d2d2d2d2d2d2d2d2d2d2d2d2d2d2d	47232
20353032	47233
2074656173706f6f6e73	47234
2031303530	47235
20636f657263697665	47236
204d61736f6e6963	47237
6564646564	47238
2050617373656e676572	47239
206c617474	47240
20627261636573	47241
20537465616c	47242
204e5954	47243
204b617473	47244
2043656c657374	47245
61657a	47246
5475	47247
20436f756c746572	47248
f09f98	47249
466c69636b72	47250
2057696c6d696e67746f6e	47251
69746873	47252
2b2b3b	47253
2076656e64696e67	47254
206e6567726f	47255
20506869	47256
2059656c6c6f7773746f6e65	47257
43616c6c6261636b	47258
207368616d706f6f	47259
20536861646573	47260
776174	47261
20737570657268756d616e	47262
207269646963756c6564	47263
20686f6c69657374	47264
6f6d626f	47265
20696e7465726e73	47266
20686f6e65	47267
20506172616775	47268
555249	47269
2064616e676c696e67	47270
e382bb	47271
736f76	47272
696374696f6e616c	47273
617661696c6162696c697479	47274
207265766f636174696f6e	47275
20646f77	47276
696e6963	47277
205448454952	47278
2069736f	47279
206f7574696e6773	47280
204c657468616c	47281
20292929	47282
20696e6163637572	47283
206f75746c616e64697368	47284
20616e7573	47285
6c657469636f	47286
69646f6e	47287
6c6f6c	47288
20756e726567756c61746564	47289
2073756363756d626564	47290
2063756666	47291
2057617374656c616e64	47292
6c6574616c	47293
20737562737472	47294
20636f6666657273	47295
206175746f6d616b657273	47296
6f7669	47297
20587565	47298
20446179746f6e61	47299
206a617272696e67	47300
2066756d6573	47301
2064697362616e646564	47302
7a696b	47303
6974746f6e	47304
20737472696b696e676c79	47305
2073706f726573	47306
41646170746572	47307
2e293a	47308
204c796e646f6e	47309
6976616c7279	47310
206f72616c6c79	47311
2074756d756c74756f7573	47312
20646973706c656173757265	47313
20636f6e6573	47314
6f7272656374	47315
2061707065617365	47316
206465726279	47317
20547269706f6c69	47318
20416c657373	47319
20706f6b6564	47320
204775696c7479	47321
7650	47322
456e6f756768	47323
206f726967696e616c73	47324
363939	47325
207261626269	47326
2070726f7665726269616c	47327
20706f7374706f6e65	47328
656c6f7065	47329
204d69737479	47330
2073746166666564	47331
20556e656d706c6f796d656e74	47332
7265646974617279	47333
2064696c6967656e74	47334
7265636f6d6d	47335
6d65617375726573	47336
6173696e	47337
383235	47338
20706f6e6473	47339
206d6d6f6c	47340
20534152	47341
2043415245	47342
20333731	47343
20636c656e63686564	47344
20436f7273616972	47345
2063617269636174757265	47346
7a6e	47347
617474616368	47348
20536368726f	47349
737065616b	47350
7061696e746564	47351
20537563	47352
20454e54	47353
2063656c6c756c	47354
2050616964	47355
646961676e	47356
5748455245	47357
20746578746564	47358
4261726e	47359
20726574726163746564	47360
205265666572726564	47361
536176	47362
2075706b656570	47363
20776f726b706c61636573	47364
20546f6b656e73	47365
20616d706c696679	47366
636c696e6963616c	47367
206d756c746963	47368
6d62657267	47369
20636f6e766f6c75746564	47370
526567696f6e	47371
353635	47372
20546f706963	47373
20736e61696c	47374
2073616c696e65	47375
20696e73757272656374696f6e	47376
2050657472	47377
666f727473	47378
424154	47379
204e6176616a6f	47380
20727564696d656e74617279	47381
204c616b7368	47382
4f4e444f4e	47383
4d656173757265	47384
207472616e73666f726d6572	47385
20476f6464617264	47386
20636f696e6369646573	47387
6972696e	47388
526578	47389
20426f6b	47390
71756974	47391
2073686f7467756e73	47392
2070726f6c6574617269616e	47393
2073636f7270	47394
20416461	47395
353134	47396
20736c616e646572	47397
7265636f72646564	47398
20656d62656c6c	47399
7269736f6d65	47400
2061706f6c6f67697a696e67	47401
204d756c63616972	47402
2047696272616c746172	47403
436c61	47404
20616c6c6f74	47405
20417474656e74696f6e	47406
20343333	47407
6c65617665	47408
207768696e65	47409
2049737361	47410
204661757374	47411
20426172726f6e	47412
68656e79	47413
2076696374696d697a6564	47414
4a657773	47415
206e7572747572696e67	47416
657474656c	47417
57696e676564	47418
20537562746c65	47419
20666c61766f7266756c	47420
2052657073	47421
656e676564	47422
63616c6c6261636b	47423
20646972656374696f6e616c	47424
20636c617370	47425
20446972656374696f6e73	47426
706c616e6574	47427
6963756c74757265	47428
48656c706572	47429
6963696f6e	47430
61636961	47431
20e7a59e	47432
20737572676573	47433
2063616e6f65	47434
205072656d69657273686970	47435
6265656e	47436
20646566696564	47437
2054726f6f706572	47438
20747269706f64	47439
2067617370	47440
2045757068	47441
20416473	47442
7665726e69676874	47443
686967686c79	47444
526f6c65	47445
20656e74616e676c6564	47446
205a656974	47447
363138	47448
205275737479	47449
20686176656e73	47450
205661756768616e	47451
4841454c	47452
2053455256494345	47453
2f2c	47454
2073747269636b656e	47455
2064656c7573696f6e73	47456
20626973	47457
20486166	47458
2067726174696669636174696f6e	47459
20656e746963696e67	47460
554e4348	47461
4164616d73	47462
204f4c4544	47463
20426565746c65	47464
2031383939	47465
20534f465457415245	47466
617465676f72	47467
564c	47468
20546f74656d	47469
204761746f7273	47470
415455524553	47471
20696d706564616e6365	47472
52656769737465726564	47473
2043617279	47474
2041657269616c	47475
6f6e6e65	47476
656e69756d	47477
2064726564	47478
20426567	47479
20636f6e63757272656e746c79	47480
207375706572706f776572	47481
2058616e	47482
6a6577	47483
696d6573746572	47484
204469636b696e736f6e	47485
e29481	47486
466c61	47487
2070726565	47488
20526f6c6c696e73	47489
a9b6e6	47490
2064656e6f6d696e6174696f6e	47491
204c616e61	47492
353136	47493
20696e636974696e67	47494
73637269626564	47495
6a7572696573	47496
20576f6e64657273	47497
617070726f78696d6174656c79	47498
2073757370656e64696e67	47499
206d6f756e7461696e6f7573	47500
204c61756768	47501
6f6964616c	47502
4e73	47503
446574656374	47504
293d	47505
204c7574686f72	47506
205363687761727a656e6567676572	47507
204d756c6c6572	47508
2044657669	47509
656379636c65	47510
4a6172	47511
363133	47512
204c6f6e6768	47513
426168	47514
2053504f525453	47515
6e77	47516
20726566696e656d656e74	47517
20776174657277617973	47518
2064696e6572	47519
426c616465	47520
363833	47521
466163	47522
20696e697469616c73	47523
20726f67	47524
20706172616e6f726d616c	47525
425554	47526
205b28	47527
205377616e736f6e	47528
204d657368	47529
e296ac	47530
496d70726f7665	47531
20526164696174696f6e	47532
20457374686572	47533
2045736b	47534
20416c79	47535
696b79	47536
206972726164	47537
204275636b696e6768616d	47538
20726566696c6c	47539
202e5f	47540
52657065	47541
434f4e434c5553	47542
20646966666572656e746961746564	47543
20636869726f70	47544
2041746b696e73	47545
5061747465726e	47546
20657863697365	47547
20636162616c	47548
4e5341	47549
20535441	47550
2053494c	47551
20506172616c79	47552
20727965	47553
20486f77656c6c	47554
20436f756e74646f776e	47555
6e6573736573	47556
616c79736564	47557
20726573697a65	47558
e382bd	47559
20627564676574617279	47560
205374726173	47561
77616e67	47562
20617069656365	47563
2070726563696e637473	47564
207065616368	47565
20736b796c696e65	47566
20333533	47567
706f70756c6172	47568
417070656172616e636573	47569
204d656368616e696373	47570
204465764f6e6c696e65	47571
53756c6c6976616e	47572
5a656e	47573
207075	47574
6f706f6c6973	47575
353434	47576
206465666f726d	47577
20636f756e746572616374	47578
204c616e6765	47579
20343137	47580
436f6e736f6c65	47581
373734	47582
206e6f6464696e67	47583
20706f70756c69736d	47584
20686570	47585
20636f756e73656c6c696e67	47586
636f6d706c69616e6365	47587
554646	47588
20756e64656e6961626c79	47589
207261696c696e67	47590
20486f726f7769747a	47591
2053696d6f6e65	47592
2042756e676965	47593
20616b	47594
2054616c6b73	47595
786666	47596
666c616b65	47597
4372617368	47598
20737765617479	47599
2062616e71756574	47600
204f46464943	47601
20696e76656e74697665	47602
20617374726f6e6f6d6572	47603
205374616d666f7264	47604
205363617265	47605
20475245454e	47606
6f6c696369746564	47607
20727573686572	47608
2063656e7472697374	47609
69676874696e67	47610
20737562636c617373	47611
206469736176	47612
20646566756e64	47613
204e616e746f	47614
6f6369617465	47615
6d617374	47616
207061636966	47617
206d656e64	47618
65657273	47619
696d6d6967726174696f6e	47620
455353494f4e	47621
206e756d626572696e67	47622
206c6175676861626c65	47623
20456e646564	47624
76696174696f6e	47625
656d61726b	47626
50697474	47627
206d65746963756c6f7573	47628
204c46	47629
20636f6e67726174756c61746564	47630
204269726368	47631
20737761796564	47632
2073656d6966696e616c73	47633
2068756d616e6b696e64	47634
6d6174746572	47635
204571756970	47636
6f70617573616c	47637
53616964	47638
204c61796f7574	47639
20766f6963696e67	47640
2074687567	47641
20706f726e6f67726170686963	47642
495053	47643
206d6f616e696e67	47644
206772696576616e6365	47645
20636f6e66657373696f6e73	47646
657363616c	47647
54455854555245	47648
41757468656e74	47649
6f736175727573	47650
5075726368617365	47651
2072656c65676174696f6e	47652
616c746572	47653
20c2a0c2a0	47654
20726964646c6564	47655
206f677265	47656
204c6f77656c6c	47657
4f63637570	47658
456174	47659
204879646572	47660
2041647669736572	47661
436f6d6d65726365	47662
48756e74	47663
204f727468	47664
20436f6d7065746974697665	47665
20434c41	47666
434443	47667
2073616c616473	47668
466c65	47669
20696e647573747269616c697a6564	47670
602c	47671
204f574e	47672
206265636b	47673
20506172746963756c61726c79	47674
6f756274	47675
206d4d	47676
204875737361696e	47677
204368656e6e6169	47678
20393230	47679
206170706f696e74696e67	47680
2043756c6c656e	47681
2c2c2c2c2c2c2c2c	47682
20706f726573	47683
7665726966696564	47684
2062696f6368656d6963616c	47685
656d617465	47686
20636f776172646c79	47687
2048656c73696e6b69	47688
20457468696f7069616e	47689
534f55524345	47690
455243	47691
657374726f	47692
2062696f74656368	47693
20536f7572	47694
20627265776572	47695
426c6f6f6d62657267	47696
20696e74656e73696679	47697
476c617373	47698
616e636f	47699
20464452	47700
67726553514c	47701
204669726573	47702
a9b6e6a5b5	47703
65636f	47704
31303031	47705
20486f6d656c657373	47706
20696e7374616e74616e656f7573	47707
204861737465	47708
6967656c	47709
4469616d6f6e64	47710
20706176696e67	47711
206c616e6466696c6c	47712
2064616473	47713
686f756e	47714
3a5d	47715
20696e63656e6469617279	47716
204c6976696e6773746f6e	47717
2048696c62657274	47718
20436865636b73	47719
7374796c6573	47720
696e61746f7273	47721
20436c697665	47722
706872696e65	47723
206368696d70616e7a656573	47724
2070616c6c	47725
204a4d	47726
2041616468616172	47727
f09d	47728
2061636869657661626c65	47729
64697361626c6564	47730
504554	47731
4f4f4f4f4f4f4f4f	47732
4d6f74	47733
20696e74616e6769626c65	47734
2062616c6c6574	47735
2057656273	47736
20457374696d61746564	47737
45666665637473	47738
206261696c6564	47739
4a6f73687561	47740
2074757262756c656e6365	47741
206f63637570616e74	47742
204461796c69676874	47743
20333631	47744
6d656574	47745
20737461746963616c6c79	47746
206f6e6c6f6f6b	47747
206b69	47748
696c6c6567616c	47749
2076656c766574	47750
206465687964726174696f6e	47751
2061637175696573	47752
2052657a	47753
616b757261	47754
205570746f6e	47755
6174726f	47756
20696e636f6d70726568656e7369626c65	47757
206261636b646f6f72	47758
205268696e6f	47759
373237	47760
206d61746873	47761
292b	47762
20686572657379	47763
206466	47764
20526f636865	47765
204c79646961	47766
2070616e6372656174	47767
7265706c79	47768
617272656c6c	47769
20736f6c696369746174696f6e	47770
2063697263616469616e	47771
424950	47772
20666f726179	47773
2063727970746963	47774
697a75	47775
696d656f	47776
20546f6d61746f	47777
20486f6d73	47778
6578616d696e6174696f6e	47779
20717561727279	47780
2056616c69616e74	47781
204a65726963686f	47782
20494e434c5544	47783
2031383430	47784
353139	47785
2072657369737473	47786
20736e617073686f7473	47787
2053707572	47788
20416e74697175	47789
4c6f67696e	47790
206265737473656c6c696e67	47791
20616e746963	47792
205375746865726c616e64	47793
e382a2e383ab	47794
207e2f	47795
205061726d	47796
e883	47797
5061676573	47798
696e74656e73697479	47799
20696d6d6f62696c	47800
2031383635	47801
7a7a6f	47802
206e69667479	47803
2066656e74616e796c	47804
20507265736572766174696f6e	47805
6f7068656e	47806
206461727473	47807
2044696e6f73617572	47808
706f696e74657273	47809
2052697465	47810
73756767657374	47811
61776172656e657373	47812
20536865726964616e	47813
207374616e636573	47814
20736f7263657279	47815
207065726a757279	47816
204e696b6f6c61	47817
6965766572	47818
206669616e6365	47819
204a6f7264616e69616e	47820
2042616c6c6f6f6e	47821
206e6162	47822
206b62	47823
2068756d616e6974696573	47824
2054616e616b61	47825
68696c6c617279	47826
20636f6e73756c74616e6379	47827
205a7562	47828
2072656d697373696f6e	47829
20636f6e666964	47830
434851	47831
20467567	47832
20696d70726f766973	47833
596570	47834
2f5f	47835
20756e77696c6c696e676e657373	47836
20706f7274666f6c696f73	47837
303535	47838
20496e7374727563746f72	47839
61696d616e	47840
20636c61696d616e7473	47841
4d627073	47842
20427965	47843
7265636569766564	47844
5477656574	47845
20696e64656d6e	47846
72697a	47847
616d617261	47848
4e6174	47849
206576616c7561746573	47850
204c7572	47851
65706164	47852
464f58	47853
205468726f	47854
207275737479	47855
20626564726f636b	47856
204f70726168	47857
4a42	47858
206d616e6970756c6174697665	47859
2077696c6c66756c	47860
2072656c61707365	47861
20657874616e74	47862
5468656d65	47863
53656e736f72	47864
2053746162696c697479	47865
676f7665726e	47866
20706f707079	47867
206b6e61636b	47868
20696e73756c61746564	47869
2054696c65	47870
2045787472656d	47871
20756e746f6c64	47872
20636f6e7665726765	47873
2072656675656c	47874
6967726f7570	47875
20646973746f7274696f6e73	47876
2072617661676564	47877
206d656368616e6963616c6c79	47878
205265696c6c79	47879
204e6f7365	47880
20496e6361726e6174696f6e	47881
204265636b79	47882
6162626c696e67	47883
207461636f	47884
2072616b65	47885
206d656c616e63686f6c79	47886
20696c6c75737472696f7573	47887
20446172746d6f757468	47888
4775696465	47889
2052617a6572	47890
2042656e7a	47891
556c74696d617465	47892
205375727072697365	47893
2070616765616e74	47894
6f66666572	47895
57686f65766572	47896
207769736572	47897
206368656d697374	47898
2048454c4c	47899
2042756c6b	47900
20706c75746f6e69756d	47901
20434f564552	47902
d6bc	47903
6661696c6564	47904
20746972656c6573736c79	47905
20696e66657274696c697479	47906
2054726964656e74	47907
2053686f7774696d65	47908
20436976	47909
56696365	47910
7265717569726573	47911
697474616e6365	47912
20756e636f6e74726f6c6c6564	47913
696e746572657374696e67	47914
353631	47915
20696e6e6f76617465	47916
617465676963	47917
4c6965	47918
2053656c6c696e67	47919
556c	47920
20736176696f72	47921
20546f7368	47922
207377617374	47923
50415353	47924
2072696e6b	47925
2063617264696f	47926
2049726f	47927
756469	47928
2076616e74616765	47929
2076616e73	47930
204e69c3b16f	47931
2b3d	47932
2070726f706167617465	47933
3c3f	47934
206d6574686f646f6c6f676963616c	47935
3230343339	47936
20747269676c79636572	47937
20696e677261696e6564	47938
20416e6e6f746174696f6e73	47939
617272616e746564	47940
363137	47941
20536f6469756d	47942
20414143	47943
746563686e6963616c	47944
6d756c7469706c	47945
20333733	47946
e58b	47947
2064656369736976656c79	47948
20626f6f7374657273	47949
206465737365727473	47950
204772656e616465	47951
2074657374696679696e67	47952
205363756c6c79	47953
494473	47954
206c6f636b646f776e	47955
205363686572	47956
2052c3a9	47957
20576869746d616e	47958
2052616d736179	47959
72656d6f7465	47960
2068696b657273	47961
204879756e646169	47962
20636f6e736369656e74696f7573	47963
20636c6572696373	47964
20536962657269616e	47965
757469	47966
697362757279	47967
2072656c61796564	47968
2071756172747a	47969
20434249	47970
7365656b657273	47971
756c6c61	47972
2077656c64696e67	47973
205368616c	47974
626c656163686572	47975
546169	47976
2053616d736f6e	47977
2074756d626c65	47978
20496e766573746f72	47979
20737562636f6e7472616374	47980
205368696e7261	47981
6f7769637a	47982
6a616e64726f	47983
646164	47984
207465726d696e6174696e67	47985
204e657572616c	47986
e4bba3	47987
206c65616b616765	47988
204d69646c616e6473	47989
204361756361737573	47990
ed95	47991
636974	47992
6c6c616e	47993
697661626c79	47994
20416c62696f6e	47995
20343537	47996
20726567697374726174696f6e73	47997
20636f6d72616465	47998
20636c6970626f617264	47999
303437	48000
20646973636f75726167696e67	48001
204f6f7073	48002
4164617074	48003
20656d70617468	48004
6e76	48005
2050524f54	48006
20446f6e6e	48007
20506178	48008
204261796572	48009
746973	48010
537175617265	48011
20666f6f747072696e7473	48012
7061727469636970	48013
204368696c65616e	48014
4272656e64	48015
696e647563696e67	48016
4d61676e	48017
20636c7562686f757365	48018
204d61676e756d	48019
20656e63616d70	48020
204574686e6963	48021
75636861	48022
65726579	48023
2077617465726564	48024
2043616c616973	48025
20636f6d706c6578696f6e	48026
207365637473	48027
2072656e74657273	48028
2062726173	48029
6fc49f616e	48030
54696d656f7574	48031
4d616e6167656d656e74	48032
20696e666f67726170686963	48033
506f6b656d6f6e	48034
436c6172	48035
206c6f63616c697479	48036
20666c6f7261	48037
6173656c	48038
506f6e74	48039
20706f70756c617465	48040
204f6e67	48041
2073756273697374656e6365	48042
2061756374696f6e73	48043
204d6341756c69666665	48044
204c4f4f4b	48045
6272696e676572	48046
20746974616e	48047
206d616e69666f6c64	48048
20e2978f	48049
2063616c69627261746564	48050
2063616c697068617465	48051
20534845	48052
20436f6d6d697373696f6e657273	48053
6365697661626c65	48054
6a63	48055
57696e6e6572	48056
353234	48057
20636f6e646f6e65	48058
4f7468657277697365	48059
2070696c696e67	48060
20656d626f6479	48061
204372696d65616e	48062
7574696373	48063
2045786869626974696f6e	48064
20343236	48065
656572696e67	48066
207679696e67	48067
2048554745	48068
2a3d2d	48069
207072696e6369706c6564	48070
e0a6	48071
20717569726b73	48072
20456469746f7273	48073
707574696e67	48074
474553	48075
20465441	48076
e0a4be	48077
6164646f6e	48078
2048414d	48079
20467269657a61	48080
576f6d616e	48081
2e24	48082
2063726962	48083
204865726f64	48084
2074696d657273	48085
20537061636573	48086
204d6163696e746f7368	48087
6174616b61	48088
20676c696465	48089
20736d656c6c696e67	48090
2042414c	48091
20756e7375	48092
20636f6e646f73	48093
2062696379636c	48094
205265766976616c	48095
353533	48096
206a7567676c696e67	48097
487567	48098
204b61726461736869616e	48099
2042616c6b616e73	48100
6d756c7469706c65	48101
206e7574726974696f7573	48102
6f637279	48103
31393030	48104
20696e7465677261746573	48105
2061646a6f696e696e67	48106
20466f6c646572	48107
726f6c6c6d656e74	48108
76656e69656e74	48109
2075626572	48110
7969	48111
207768696666	48112
204a7576656e	48113
20426f726f756768	48114
6e65747465	48115
2062696c696e6775616c	48116
20537061726b73	48117
70687468616c	48118
6d616e7566616374	48119
20746f7574696e67	48120
20504849	48121
4b65656665	48122
526577617264	48123
20696e66616c6c	48124
2054656d706572	48125
7479706963616c6c79	48126
204e696b6f6c	48127
20726567756c617273	48128
2070736575646f6e796d	48129
2065786869626974696f6e73	48130
20626c6173746572	48131
20343039	48132
7761726d696e67	48133
207265766572626572	48134
207265636970726f63616c	48135
20363730	48136
697069656e74	48137
62657474	48138
20426567696e73	48139
2069746368696e67	48140
2050686172	48141
417373756d696e67	48142
20656d697474696e67	48143
204d4c47	48144
206269727468706c616365	48145
207461756e74	48146
204c75666679	48147
20416d6974	48148
20636972636c6564	48149
204e6f7374	48150
656e6e657474	48151
206465666f726573746174696f6e	48152
20486973746f726963616c6c79	48153
204576657279646179	48154
206f76657274616b65	48155
373932	48156
206e756e	48157
204c75636961	48158
206163636f6d70616e696573	48159
205365656b696e67	48160
205472617368	48161
616e69736d	48162
526f677565	48163
206e6f7274687765737465726e	48164
20537570706c656d656e74616c	48165
204e5955	48166
20465249	48167
20536174697366	48168
786573	48169
353137	48170
20726561737375726564	48171
2073706f7261646963	48172
20373031	48173
206d656469616c	48174
2063616e6e6162696e6f6964	48175
206261726261726963	48176
2065706973	48177
204578706c6f73697665	48178
20446f756768	48179
20756e736f6c766564	48180
537570706f72746564	48181
2061636b6e6f776c6564676d656e74	48182
737061776e	48183
206b69746368656e73	48184
202d3d	48185
74616c6b696e67	48186
6963697374	48187
2050656761737573	48188
20505355	48189
2070686f746f6e	48190
2041757468656e7469636174696f6e	48191
5247	48192
402326	48193
373632	48194
20436c616972	48195
20646961706572	48196
206272697374	48197
2050726f73656375746f7273	48198
204a656d	48199
363238	48200
2045766572797768657265	48201
204a65616e6e65	48202
657175616c697479	48203
e383a9e383b3	48204
6f626a65637473	48205
2050656c6963616e73	48206
20333932	48207
20626c75	48208
627973	48209
2041676f	48210
20696e737472756374696f6e616c	48211
206469736372696d696e6174696e67	48212
205452414e	48213
20436f726e656c	48214
61676f73	48215
2074797265	48216
2061737069726174696f6e	48217
204272696467657761746572	48218
223a2d	48219
21222e	48220
20456e73	48221
20436f636f	48222
506965	48223
20646574616368	48224
20436f756368	48225
207068797369717565	48226
204f636375706174696f6e73	48227
6f73636f706963	48228
656e6f756768	48229
42757a7a	48230
417070656172616e6365	48231
5950	48232
207261636572	48233
20636f6d706c6963697479	48234
72706d	48235
546f79	48236
20696e7465727275707473	48237
20436174616c797374	48238
207574696c6974617269616e	48239
696d70616374	48240
20737061676865747469	48241
20706f726f7573	48242
2065737465656d6564	48243
20696e63696e6572	48244
20494f43	48245
373438	48246
20657370726573736f	48247
20536d696c65	48248
6162696c6961	48249
363335	48250
206d617468656d6174696369616e	48251
20343234	48252
204b4c	48253
20484950	48254
206f7665726865617264	48255
20547564	48256
20546563	48257
207175697a7a	48258
20666c6174746572696e67	48259
20636f6e6e	48260
e2808e	48261
206174746163686573	48262
20524f53	48263
20414353	48264
20746370	48265
205368616d65	48266
736b6970	48267
726573706563746564	48268
205472696e69646164	48269
677261696e	48270
20666f6f74686f6c64	48271
20556e63686172746564	48272
204a756c696f	48273
7a6c	48274
61766f726564	48275
20416e7869657479	48276
6572726f7273	48277
2043656e7461757269	48278
6974736368	48279
4461646479	48280
20636c75746368696e67	48281
20496d706c656d656e74	48282
2047757469657272657a	48283
20373630	48284
2074656c65706f72746174696f6e	48285
656e647261	48286
2072657665727369626c65	48287
7374726f73	48288
416476656e74757265	48289
303833	48290
206c696265726174696e67	48291
2061737068616c74	48292
205370656e64	48293
41524453	48294
696d7379	48295
50524553	48296
20456d657267696e67	48297
2077696c646669726573	48298
20746563686e6f6c6f676963616c6c79	48299
20656d697473	48300
2041525449434c45	48301
206972726567756c61726974696573	48302
2063686572697368	48303
e78988	48304
207374696e6b	48305
20526f7374	48306
45636f6e6f6d6963	48307
20636f756768696e67	48308
204d6343616e6e	48309
70726f70657274696573	48310
696c616e74726f	48311
2072656e65676f7469	48312
5472616e736c6174696f6e	48313
20696e7175657374	48314
204772617065	48315
6f6f74657273	48316
677569	48317
2053776f7264736d616e	48318
6163656165	48319
68697474696e67	48320
207263	48321
2065786572746564	48322
20534150	48323
6974656e74	48324
20706572696c6f7573	48325
206f6273637572697479	48326
20617373617373696e617465	48327
2061626f726967696e616c	48328
207265736375696e67	48329
20536861747465726564	48330
6c6f636b696e67	48331
616c6c696f6e	48332
4368616e67696e67	48333
2048617272696e67746f6e	48334
20426f7264	48335
2041666768616e73	48336
4a616d6965	48337
617265747a	48338
204175677573747573	48339
20333836	48340
383330	48341
206a6f67	48342
6f6b696e676c79	48343
54726967676572	48344
20484f52	48345
53746174697374696373	48346
2076696577657273686970	48347
20616464697469766573	48348
687572	48349
206d6178696d697a696e67	48350
20526f7665	48351
204c6f756965	48352
204275636b6574	48353
20434852495354	48354
6f7573656c	48355
2073747265616b73	48356
6972746564	48357
2074657274	48358
20636f6c6f6e69616c69736d	48359
2062757279696e67	48360
796b	48361
436f6e646974696f6e	48362
204450524b	48363
42794964	48364
373531	48365
e297bc	48366
20776f727269736f6d65	48367
20766f636174696f6e616c	48368
736c696365	48369
207361696c73	48370
20436f7272656374696f6e616c	48371
393534	48372
2074756c	48373
4b6964	48374
6c7573746572	48375
2066616d696c69616c	48376
2053706974	48377
2045706973636f70616c	48378
5370656369666963616c6c79	48379
20566f6c63616e6f	48380
72756e73	48381
7173	48382
20766574746564	48383
206372616d6d6564	48384
74726f70	48385
6865726572	48386
5468616e6b66756c6c79	48387
2070657263757373696f6e	48388
206f72616e676573	48389
20726f756e647570	48390
20343939	48391
78696f7573	48392
43686172616374657273	48393
205a696f6e69736d	48394
2052616f	48395
c39bc39b	48396
5746	48397
20756e696e74656e74696f6e616c	48398
4f4e4559	48399
47726162	48400
436f6d6d65726369616c	48401
20676c7574616d617465	48402
204d634b656e6e61	48403
727563696174696e67	48404
6e696e67746f6e	48405
696875	48406
4368616e	48407
2053776170	48408
206c6561666c657473	48409
2066756e6374696f6e616c6c79	48410
65726f7573	48411
4661726d	48412
2063616c6f726963	48413
204c69746572616c6c79	48414
636f6e63657274	48415
207368656e616e	48416
20726570616964	48417
65796573	48418
2062617368696e67	48419
20476f726765	48420
20636f6c6c61626f726174696f6e73	48421
20756e6163636f756e74	48422
697463686965	48423
207465616d776f726b	48424
7070656c696e	48425
20706970696e67	48426
206d696e636564	48427
206469616d	48428
72696567	48429
206d617363617261	48430
207375636b6572	48431
204d6f6f6e73	48432
41707073	48433
205065636b	48434
2070657276	48435
20466c6f6174	48436
6f6c6579	48437
204e697368	48438
696d697a65	48439
2061726f6d61746963	48440
75696e	48441
656e64697368	48442
212f	48443
2042696379636c65	48444
2041534943	48445
696c65676564	48446
2051756164726f	48447
696f73796e	48448
206c6f636b6f7574	48449
2057696e6b	48450
53504543	48451
417474656d707473	48452
20736565646564	48453
7265646f	48454
6961736973	48455
20736e6167	48456
e38395e382a9	48457
e382b6	48458
2067726f756e64696e67	48459
2072656c6965766572	48460
20667269766f6c6f7573	48461
204769667473	48462
204661636573	48463
457370656369616c6c79	48464
206d6963726f62696f6d65	48465
696d6167	48466
205363686c	48467
20506c6573	48468
20426c65616368	48469
20497277696e	48470
204561746f6e	48471
204469736369706c65	48472
206d756c7469706c69636174696f6e	48473
20636f6572636564	48474
20343139	48475
737468	48476
4576696c	48477
426f6d62	48478
2065786f7263	48479
20737461676765726564	48480
4c455353	48481
20696e6572746961	48482
2045444954	48483
20676f62	48484
547261646974696f6e616c	48485
20636c61737379	48486
4c65617279	48487
2050414745	48488
797273	48489
207472616e73706f72746572	48490
206d617475726564	48491
2068696a6162	48492
2062696f6d65	48493
57686572656173	48494
2065787465726d696e6174696f6e	48495
2054756573	48496
2054616b657275	48497
20417564726579	48498
657269616c	48499
204164656e	48500
6166666c6573	48501
206e6172636973736973746963	48502
204261697264	48503
555446	48504
497265	48505
20436f6e6e6965	48506
4368616d70	48507
2077686973706572696e67	48508
2048617474	48509
444b	48510
20646973696e66656374	48511
206465647563746564	48512
2070617274616b65	48513
20646f776e6772616465	48514
204573706f727473	48515
20436f6e74696e75696e67	48516
2064656d6f637261746963616c6c79	48517
6963726f6269616c	48518
69747461	48519
206c696d6573746f6e65	48520
206578656d70746564	48521
204672656e7a79	48522
4865726d	48523
373238	48524
20666c6564676c696e67	48525
4d657461	48526
3736353631	48527
363933	48528
253a	48529
77616b65	48530
353236	48531
204469736369706c696e65	48532
2076697267696e697479	48533
204c6567696f6e73	48534
204672616e6b6965	48535
696e74656e74	48536
2072657374726f6f6d73	48537
20526f75746572	48538
646171	48539
206f626a656374696f6e61626c65	48540
e28691	48541
7761726b	48542
20526168756c	48543
6761696e	48544
61637469766174696f6e	48545
6162736f6c757465	48546
204163636573736564	48547
2032343030	48548
6f67676c6573	48549
207365636f6e646c79	48550
20444546454e5345	48551
20706f7374616765	48552
77726170706572	48553
7368617270	48554
373239	48555
20636f6d6d756e696361746573	48556
206164646f6e	48557
204d696c69746961	48558
486f6e67	48559
20736c756d706564	48560
204a504547	48561
2049636172	48562
6164697368	48563
363831	48564
206d616a65737479	48565
20576f6c6667616e67	48566
20456c6173746963	48567
75706572	48568
2076697a	48569
20756e636f6e7363696f75736c79	48570
20535444	48571
2053617373	48572
20666c6f776572696e67	48573
2048656c6963	48574
20447261706572	48575
20416d6174657572	48576
206d616e757265	48577
20646973696e67656e	48578
204c6569	48579
6272696e67	48580
393439	48581
20696e68696269746564	48582
2068656164717561727465726564	48583
20656e69676d61746963	48584
efbfbdefbfbdefbfbd	48585
2072656472657373	48586
5248	48587
20726174746c6564	48588
2064696374696f6e	48589
6c696f	48590
20544241	48591
20534e4150	48592
43616c6c696e67	48593
206661736369737473	48594
20446f7665	48595
69657769637a	48596
303336	48597
20636f61737473	48598
2052656374	48599
20295d	48600
4c6f74	48601
363239	48602
2053454d	48603
20506574657273656e	48604
204578706c61696e	48605
20426f61726473	48606
2042657a6f73	48607
204a6f75726e616c73	48608
2032303234	48609
706172736572	48610
206d69737472757374	48611
206772617465	48612
204c6f636b6564	48613
626f61	48614
5361696e74	48615
67616d696e67	48616
20766f77656c	48617
696e6174656c79	48618
626c6f77	48619
416c6c6168	48620
20756e6d617463686564	48621
20626f72646572696e67	48622
20457870656e64	48623
6e72	48624
4f7261636c65	48625
726f756368	48626
20636f6e746967756f7573	48627
61637573	48628
2064697374726175676874	48629
353831	48630
20616e61746f6d6963616c	48631
4f58	48632
61706978656c	48633
383333	48634
20504c5553	48635
20726573757363	48636
2061626964696e67	48637
353733	48638
20766163616e63696573	48639
456d696c79	48640
206879706f7468616c	48641
205765726e6572	48642
20576565	48643
20444a73	48644
353133	48645
2077697463686372616674	48646
2061637570756e6374757265	48647
656e74617279	48648
62656e65666974	48649
50726f6475637473	48650
20505350	48651
204d5047	48652
204a696e6e	48653
204a617272657474	48654
20343435	48655
20496d6167696e67	48656
2050797468	48657
46696e697368	48658
20746578	48659
206a7576656e696c6573	48660
206865726f69736d	48661
20646f7562746c657373	48662
20416b69	48663
2054656e64	48664
20506174726961726368	48665
2062697474657273	48666
2054656c65636f6d6d756e69636174696f6e73	48667
697461746976656c79	48668
61676e61	48669
207267	48670
20534f4c44	48671
20636f6d70756c73696f6e	48672
204e617361	48673
204b61746872796e	48674
206d696c6c696f6e6169726573	48675
20696e7472696e736963616c6c79	48676
20626f6c737465726564	48677
74696d656f7574	48678
666c6f	48679
207475746f72	48680
706f7572	48681
53746174656d656e74	48682
207b2a	48683
205275646f6c7068	48684
204b696d6265726c79	48685
726f67656e73	48686
61646971	48687
5d2b	48688
20696e6469676e6174696f6e	48689
2066726163747572696e67	48690
2052656c6561736573	48691
20477261696e	48692
70726f7465696e	48693
4c61676f	48694
207661636174696f6e73	48695
20626f6f746564	48696
205448524545	48697
204847	48698
6f72657363656e6365	48699
207466	48700
20736f6172	48701
696f73796e6372	48702
20676c616e636573	48703
2053706f6f6e	48704
204a757279	48705
20436f77626f79	48706
2063726561746976656c79	48707
486967686572	48708
20736f6c696369746f72	48709
206861776b	48710
6163696f	48711
383936	48712
207375706572666c75	48713
20626f6d627368656c6c	48714
6374757265	48715
2062726f6b6572616765	48716
2072616964696e67	48717
206672656e6368	48718
20616e676c6564	48719
5472616e73616374696f6e	48720
2047656e6f63696465	48721
757065	48722
204861697469616e	48723
353732	48724
213a	48725
20756e77697474696e676c79	48726
6974657261746f72	48727
7363726f6c6c	48728
2074616c6c696564	48729
2062696f6d65646963616c	48730
2043415244	48731
2065757068656d	48732
20627261696e73746f726d	48733
617175696e	48734
4b6f	48735
4d696368656c6c65	48736
2052756e6573	48737
2042616c6c6973746963	48738
7564657273	48739
206d6f6465737479	48740
206950616473	48741
20457a656b69656c	48742
5945	48743
207374617273686970	48744
20706f77657266756c6c79	48745
207065726c	48746
205368616465	48747
205175617274	48748
20454547	48749
206669736865726d616e	48750
4f534544	48751
205479706963616c	48752
646678	48753
206d6573686573	48754
20657463686564	48755
776f727468696e657373	48756
20746f70706c6564	48757
20333936	48758
6f72697573	48759
5765697373	48760
206d7973716c	48761
2056616c68616c6c61	48762
d992	48763
6c656173696e67	48764
207265636f6d70	48765
7261706e656c	48766
53656c	48767
303433	48768
2064657261696c6564	48769
20477569646573	48770
495254	48771
20646568756d616e	48772
204272697474616e79	48773
222929	48774
206578636c61696d	48775
2062616c6b	48776
20383430	48777
434c41494d	48778
696e74656c	48779
4c4142	48780
20706567676564	48781
20617374726f7068	48782
736d6f6b696e67	48783
2072696767696e67	48784
206669786174696f6e	48785
206361746170756c74	48786
696e73696465	48787
2043617363616465	48788
20426f6c73686576696b	48789
47617a61	48790
4465707468	48791
206c6f7564737065	48792
20616c6d6f6e6473	48793
6d65796572	48794
6c656e657373	48795
6a656e	48796
6672657368	48797
20756e62656174656e	48798
205371756964	48799
2050726573756d61626c79	48800
54696d6572	48801
4257	48802
20726f7374657273	48803
20656c6c697074	48804
2048617272696574	48805
6461746162617365	48806
204d757475616c	48807
20436f6d6d6f646f7265	48808
756b6564	48809
6b6e696665	48810
20434f4d4d554e	48811
687961	48812
206d656c7473	48813
6172636869766573	48814
20726174696669636174696f6e	48815
206d756c7469706c79696e67	48816
20696e7465726f706572	48817
20617363657274	48818
77696e6773	48819
76657274696e67	48820
2053636f7270696f6e	48821
617965	48822
20506f7274736d6f757468	48823
204d5441	48824
6e6974	48825
69617a6570	48826
2071756172616e74696e65	48827
20736c69646573686f77	48828
2063656e74696d6574657273	48829
2073796e6f70736973	48830
207370617465	48831
746869727374	48832
206e6f6d696e6174696e67	48833
204d656c76696e	48834
50726576696577	48835
207468726f62	48836
2067656e65726174696f6e616c	48837
20526164697573	48838
726573746c696e67	48839
70757461626c65	48840
61776172	48841
4e454354	48842
20756e6c617766756c6c79	48843
20526576656c6174696f6e73	48844
57696b697065646961	48845
73757276	48846
20657965696e67	48847
696a6e	48848
204657	48849
206272756e74	48850
20696e7465727374656c6c6172	48851
20636c69746f72	48852
2043726f617469616e	48853
2043686963	48854
657661	48855
20446973617070	48856
20416b696e	48857
696e6572696573	48858
64757374	48859
496e7465726573746564	48860
2067656e65736973	48861
204575636c	48862
c3b66e	48863
7069636b696e67	48864
206d757461746564	48865
20646973617070726f7665	48866
2048444c	48867
20363235	48868
ccb6	48869
63616e636572	48870
20737175617473	48871
206c6576657273	48872
44697363757373	48873
3d5d	48874
446578	48875
20564944454f53	48876
415544	48877
207472616e73616374	48878
204b696e656374	48879
204b75616c61	48880
20437970	48881
373437	48882
2073686174746572696e67	48883
20617273656e6963	48884
20496e74616b65	48885
20416e67656c6f	48886
2051756974	48887
204b6865	48888
2031383933	48889
4d616b6572	48890
303239	48891
205061696e74696e67	48892
44697361626c65	48893
393136	48894
20616e616c676573	48895
2074616374696c65	48896
2070726f70686573	48897
206469636564	48898
2054726176656c73	48899
20486561646572	48900
20436c756273	48901
417373697374616e74	48902
20696e6372696d	48903
2064697073	48904
206372756369666978	48905
205368616e6168616e	48906
20496e74657270726574	48907
2034303930	48908
616c6f6779	48909
61626261	48910
2073696d756c6163	48911
68757362616e64	48912
53494d	48913
2072656379636c65	48914
75636572	48915
6564676564	48916
2072656e61697373616e6365	48917
20426f6d626179	48918
436174686f6c6963	48919
204c494e45	48920
20436c6f7468696e67	48921
7265706f727473	48922
20706c617573	48923
20646167	48924
204d616365	48925
5a49	48926
20696e747275646572	48927
205665746572696e617279	48928
677275	48929
20736e65616b79	48930
20536965	48931
2043696e6e616d6f6e	48932
504f5345	48933
20636f7572696572	48934
20434e53	48935
20656d616e6369706174696f6e	48936
736974	48937
20706c61797468726f756768	48938
20466163696c6974696573	48939
76697274	48940
204761756e746c6574	48941
54686f6d70736f6e	48942
20756e62656c69657661626c79	48943
506172616d6574657273	48944
20737469746368696e67	48945
69676e65	48946
205448455345	48947
50726976616379	48948
207368656e616e6967616e73	48949
207669747269	48950
2056616c6964	48951
353931	48952
adb7	48953
2050726f746f74797065	48954
696e6b61	48955
534350	48956
20546964	48957
e888	48958
6f6c646564	48959
20696e646976696475616c697479	48960
206261726b696e67	48961
206d617273	48962
205744	48963
20383230	48964
20746972	48965
20736c617070696e67	48966
206469736772756e746c6564	48967
20416e676f6c61	48968
72697573	48969
20546f726e61646f	48970
205468757273	48971
2063617074636861	48972
20616e677374	48973
20506f67	48974
20417373617373696e73	48975
20416469646173	48976
206a6f7966756c	48977
207768696e696e67	48978
456d657267656e6379	48979
2070686f7370686f727573	48980
20617474726974696f6e	48981
6f70686f6e	48982
2054696d626572776f6c766573	48983
204a6168	48984
204272696e67696e67	48985
20576164	48986
20456e73757265	48987
6f686c	48988
20586965	48989
6f6d6d656c	48990
636d70	48991
207a6970706572	48992
2072656c6174	48993
20436f727269646f72	48994
6d696c6f	48995
54494e47	48996
417667	48997
2063726f70706564	48998
5d7d	48999
207261676564	49000
204c756d707572	49001
20477565727265726f	49002
6f75726b65	49003
4e7574	49004
206f666673657473	49005
6f676c75	49006
64726d	49007
206d6f7274616c73	49008
6c617461626c65	49009
206469736d697373697665	49010
e4b889	49011
207468726f617473	49012
2063686970736574	49013
2053706f746c69676874	49014
436174616c6f67	49015
617274697374	49016
4762	49017
206368696c6c79	49018
2073746f6b6564	49019
20333734	49020
57617264	49021
4c6174696e	49022
2066696173636f	49023
20626c65616368	49024
2062726176	49025
456e68616e636564	49026
20696e6f63	49027
2046696f72696e61	49028
5f3e	49029
206c65756b656d6961	49030
20656c7563	49031
20616e6e6f756e636572	49032
204c69746875616e	49033
2041726d61676564646f6e	49034
e587	49035
4c656e696e	49036
2052756b	49037
2070657070	49038
20526f6d616e746963	49039
20504954	49040
20496e7465727374656c6c6172	49041
2041746b696e736f6e	49042
52616964	49043
4a73	49044
476f616c	49045
436f75727365	49046
2076616e697368696e67	49047
65736c6579	49048
20526f756e6473	49049
456c7361	49050
353933	49051
20726564756e64616e6379	49052
205354414e44	49053
2070726f706865746963	49054
20686162697461626c65	49055
727975	49056
206661696e746c79	49057
4d4f4445	49058
20666c616e6b6564	49059
495243	49060
417765736f6d65	49061
2073707572696f7573	49062
205a6168	49063
204d5347	49064
2073686164696e67	49065
206d6f7469766174696f6e616c	49066
2053616e74616e61	49067
20535052	49068
20657863727563696174696e67	49069
6f6d69616c	49070
204d696b6f	49071
204c656f70617264	49072
4162797373	49073
205b7c	49074
6469727479	49075
206261746873	49076
2064656d6f72616c	49077
616e647265	49078
5042	49079
20756e696669636174696f6e	49080
2073616372616d656e74	49081
205b26	49082
2070726963656c657373	49083
2067656c6174696e	49084
20656d616e6174696e67	49085
20416c6c616168	49086
393836	49087
206f75746275727374	49088
2065726173	49089
20585649	49090
20535049	49091
4f7474	49092
204c617a61727573	49093
504c494544	49094
466c79696e67	49095
626c6f6773	49096
576973636f6e73696e	49097
526176656e	49098
20726562617465	49099
20637265657073	49100
205370616e	49101
205061696e746572	49102
204b697261	49103
20416d6f73	49104
20436f727665747465	49105
436f6e73756d6572	49106
205265636f766572	49107
636b69	49108
207065736b79	49109
20496e76656e74696f6e	49110
436f6d70616e696573	49111
206368616c6c656e67657273	49112
6164656d6963	49113
20556b7261696e69616e73	49114
204e6575726f6c6f67	49115
20466f7273616b656e	49116
20656e7472616e7473	49117
20656d626174746c6564	49118
20646566756e6374	49119
20476c6163696572	49120
20706f69736f6e73	49121
20486f72736573	49122
6d616b6573	49123
2044697274	49124
20343233	49125
686868	49126
205472616e73666f726d6174696f6e	49127
5155495245	49128
2e2e2e2e2e2e2e2e2e2e2e2e2e2e2e2e2e2e	49129
2074726176656c6c6572	49130
2053657879	49131
204b65726e	49132
69706f6c6172	49133
2072616e736f6d77617265	49134
6f6f6f6f6f6f6f6f6f6f6f6f6f6f6f6f	49135
4563	49136
72756279	49137
50726f66657373696f6e616c	49138
204f7574627265616b	49139
617267756d656e74	49140
47726579	49141
2046696661	49142
2043484f	49143
20464f524d	49144
20416d7472616b	49145
2d5b	49146
20637261646c65	49147
20616e74696f786964616e7473	49148
e381aee5ae	49149
373336	49150
204e41534c	49151
20436f6e747269627574696f6e73	49152
496e6469616e61	49153
2053544550	49154
435353	49155
2073616c69656e74	49156
20616c6c6f636174696f6e73	49157
79726967687473	49158
206d6173686564	49159
20437574746572	49160
53657875616c	49161
20706f756e646564	49162
2066616e62617365	49163
2063617363	49164
205472616e73706172656e6379	49165
20616e616c79746963	49166
2053756d6d6f6e6572	49167
d79e	49168
20414443	49169
64657461696c	49170
2076616e71756973686564	49171
206372616273	49172
61726965	49173
44657374726f79	49174
205361636b	49175
207472616e736973746f72	49176
416c6162616d61	49177
204b6f656e	49178
20466973686572696573	49179
636f6e65	49180
20616e6e65786564	49181
204d474d	49182
657361	49183
2066616b6564	49184
20436f6e67726174756c6174696f6e73	49185
2068696e6465726564	49186
20636f7272656374696f6e616c	49187
20495456	49188
6c65657665	49189
20696e617070726f7072696174656c79	49190
6c69636b73	49191
207472657370617373	49192
2070617773	49193
206e65676f746961746f72	49194
20436872697374656e73656e	49195
6c696d697473	49196
204469616e6e65	49197
20656c6567616e6365	49198
20436f6e747261637473	49199
616e6b65	49200
4f626a	49201
20766967696c616e6365	49202
20636173746c6573	49203
204e4144	49204
20486f6c6f	49205
20656d706861746963616c6c79	49206
205469747573	49207
2053657276696e67	49208
20526963686965	49209
2050696773	49210
353638	49211
20616e696d6f73697479	49212
2041747472696275746573	49213
20557269656c	49214
4d51	49215
6d797261	49216
204170706c6963616e74	49217
2070737963686961747269737473	49218
2056696a	49219
2041626279	49220
6167726565	49221
50757368	49222
206b5768	49223
68696261	49224
20696e63697465	49225
20576561736c6579	49226
2054617869	49227
6d696e6973746963	49228
6879706572	49229
204661726e	49230
20363031	49231
204e6174696f6e77696465	49232
46616b65	49233
393532	49234
206d61697a65	49235
20696e7465726163746564	49236
207472616e736974696f6e6564	49237
20706172617369746963	49238
206861726d6f6e6963	49239
206465636179696e67	49240
20626173656c657373	49241
6e73696373	49242
207472616e737069726564	49243
206162756e64616e746c79	49244
20466f72656e736963	49245
2074726561646d696c6c	49246
204a6176	49247
6162616e64	49248
2073736864	49249
2066726f6e746d616e	49250
204a616b61727461	49251
6f6c6c6572	49252
64726f7073	49253
205345525649434553	49254
726f6d707475	49255
6f70686963616c	49256
686f73706974616c	49257
626c65646f6e	49258
363435	49259
206d696472616e6765	49260
204556454e54	49261
63756c61746564	49262
7261776c6564	49263
2070657263686564	49264
206f766572626f617264	49265
205065656c	49266
20507772	49267
204361727468	49268
20434f4d504c45	49269
636f65	49270
7368616c6c	49271
20646574657272656e6365	49272
4d4554484f44	49273
20416273656e74	49274
4d454e	49275
2073696c6c	49276
204c4556454c	49277
596f726b	49278
2073696e6e657273	49279
204f504543	49280
204e7572	49281
2044657369676e73	49282
73656c656374696f6e	49283
20756e776f72746879	49284
434841	49285
20737472656e677468656e73	49286
383833	49287
65646c79	49288
20736c6963696e67	49289
206d616c6e7574726974696f6e	49290
2066696c6d6d616b696e67	49291
20506f6c6b	49292
757261746564	49293
20343231	49294
627265616b657273	49295
212722	49296
207765746c616e6473	49297
204469736372696d696e6174696f6e	49298
20616c6c6f7761626c65	49299
2073746565726564	49300
20536963696c79	49301
53414d	49302
206d75737461636865	49303
206d696473	49304
20636c6970706564	49305
2063697263756c617465	49306
2062726974746c65	49307
204275696c64696e6773	49308
726169736564	49309
20526f756e647570	49310
207765616c7468696572	49311
206f7665727772697465	49312
206f766572706f7765726564	49313
2047657272617264	49314
7369746573	49315
504441544544	49316
2061637574656c79	49317
2047616d626c65	49318
2070696d	49319
204b7573	49320
5479706963616c6c79	49321
4465706c6f79	49322
204d6f726f6363616e	49323
706f74696f6e	49324
636f6d6265	49325
20766967696c616e7465	49326
20333633	49327
53746577	49328
2042616767	49329
2072657369646564	49330
2053706f	49331
2072656d6e616e74	49332
20656d7074696e657373	49333
627261696e6572	49334
206f757470617469656e74	49335
7072696f72697479	49336
206c657074696e	49337
20506179746f6e	49338
20476c65616d696e67	49339
2053686564	49340
20506f6c6f	49341
204d6f726d6f6e69736d	49342
72657374726963746564	49343
61726c616e65	49344
7778	49345
206372656174696e65	49346
20416e6f6e	49347
2053545544	49348
204a554c	49349
20546565	49350
353238	49351
303839	49352
2068617463686564	49353
4469737061746368	49354
20436f6d706f73697465	49355
20343531	49356
70756666	49357
2058434f4d	49358
204f726e	49359
205448414e4b	49360
454e444544	49361
204173686576696c6c65	49362
20c39c	49363
206d616e676f	49364
20536c696768746c79	49365
776f726c646c79	49366
2057616e646572	49367
20457870616e64	49368
20436872	49369
4d697374	49370
206f7274686f646f7879	49371
20554e4553434f	49372
726567617465	49373
456c73657768657265	49374
6b6965	49375
69726c6564	49376
20746f70706c65	49377
2061646f7074697665	49378
204c656773	49379
6472657373	49380
20536167616e	49381
62617265	49382
20476c6f75	49383
4372756e6368	49384
2068656c70657273	49385
206368726f6e6963616c6c79	49386
2048756d61	49387
3130303030	49388
206163636f6d6d6f646174696e67	49389
e4ba94	49390
207772696e6b6c6573	49391
20646f64676564	49392
666f75727468	49393
20707265636f6e	49394
20636f6d70726573736f72	49395
204b617265	49396
206576696374	49397
205761727769636b	49398
696d6172	49399
206d6f6465726e697a6174696f6e	49400
2062616e647761676f6e	49401
2072656675746564	49402
206e6574746564	49403
204e61706c6573	49404
2047656e6965	49405
7065726f7273	49406
206669656c646564	49407
2064657265	49408
2050617261626c6573	49409
6c656573	49410
2074726f7574	49411
617370657273	49412
206e6968696c	49413
206861707069657374	49414
20666c6f707079	49415
204c6f6674	49416
204865617264	49417
20756e69736f6e	49418
206c7567	49419
205265646d6f6e64	49420
636c6173736963	49421
537570706f7274657273	49422
53484950	49423
474d54	49424
206675656c6c6564	49425
e790	49426
206464	49427
20456d696e656d	49428
2031383937	49429
4e595345	49430
207365637265746172696573	49431
20464941	49432
2043616e61766572616c	49433
4661766f72697465	49434
20706f6d70	49435
2064657461696e6565	49436
657273686970	49437
61696d6f6e	49438
696f7572	49439
2041706578	49440
20706c616e746174696f6e73	49441
616d6961	49442
6163696f6e	49443
52757374	49444
20746f776564	49445
205472756c79	49446
353737	49447
207368656c7465726564	49448
7269646572	49449
576f	49450
206c616972	49451
20496e74656c6c6967656e74	49452
696d70726f7665	49453
6d61746963616c6c79	49454
20657469717565747465	49455
61647261	49456
616c6c6f	49457
204a756e6f	49458
616e797468696e67	49459
205374727567676c65	49460
2050726564696374	49461
204772696d6573	49462
20414d4552494341	49463
637478	49464
20536974756174696f6e	49465
574f4f44	49466
20736f6c75626c65	49467
6d65696572	49468
20696e746f6c657261626c65	49469
616e676572696e67	49470
20756e696e746572727570746564	49471
20746f6f6c746970	49472
20696e746572726f6761746564	49473
2067756e6e6564	49474
20536e65616b	49475
e6ada6	49476
20746574686572	49477
206372756d626c65	49478
4c656e73	49479
20636c75737465726564	49480
2053796c	49481
20486173616e	49482
20647973746f7069616e	49483
77616e61	49484
206a6f79737469636b	49485
2054686962	49486
616d6d75	49487
546f6d6f72726f77	49488
353436	49489
206f76657263616d65	49490
206d696e696d697a6564	49491
636570746f72	49492
52756e6e6572	49493
454e475448	49494
204272656e6461	49495
20416368696576656d656e7473	49496
20746f7263686573	49497
20726170706f7274	49498
20496e76657374696761746f72	49499
2048616e646c696e67	49500
72656c6174696f6e	49501
67726579	49502
383135	49503
206b63616c	49504
20436f6d6d616e6473	49505
6471	49506
206375726c73	49507
20626561726572	49508
2063796e696369736d	49509
69747269	49510
2055736566756c	49511
426565	49512
444353	49513
206162726173	49514
5072616374	49515
42494c4954494553	49516
373132	49517
206465627567676572	49518
20646562746f72	49519
204c6961	49520
204b657273	49521
2065786163657262617465	49522
205374616379	49523
20426c616e64	49524
205363656e6573	49525
206272616e6368696e67	49526
e29688e29688e29688e29688e29688e29688e29688e29688	49527
617065616b65	49528
2073616c7361	49529
206d697368616e64	49530
204b6f6e616d69	49531
204e6962	49532
20616e6563646f7465	49533
20616772656561626c65	49534
cf89	49535
204e617468616e69656c	49536
20486569736d616e	49537
20426577617265	49538
2031383836	49539
7370656374697665	49540
363931	49541
353232	49542
20696e686962697473	49543
2068617368696e67	49544
2031383839	49545
e5b086	49546
76696368	49547
50757265	49548
20736f6c69646c79	49549
206173706972696e	49550
696d617275	49551
20737472656574636172	49552
20554353	49553
204a756464	49554
20666c6173686261636b73	49555
70696e73	49556
2031343430	49557
20554e484352	49558
2053796d70746f6d73	49559
544954	49560
353338	49561
467261	49562
25293b	49563
206f6f7a	49564
20637572666577	49565
2063616c6d6564	49566
20706172746963697061746573	49567
546558	49568
206e6f6e73656e736963616c	49569
2066756c6c6261636b	49570
2044654c	49571
6d6f6e6b6579	49572
68617269	49573
206d657461626f6c69746573	49574
206c6f6f746564	49575
20414c57415953	49576
20424343	49577
4c74	49578
6f63686574	49579
426f6e65	49580
207665746f6564	49581
20676363	49582
20434c49434b	49583
2031383838	49584
736166	49585
2073746966666e657373	49586
206c6f776c79	49587
20476568	49588
766572736f6e	49589
6f72736574	49590
20756e666f72657365656e	49591
20616e6573746865736961	49592
204f70746963616c	49593
207265636f6e7374727563746564	49594
20547570	49595
73686f7773	49596
4e455753	49597
204e6577737061706572	49598
20415341	49599
74657261	49600
4e756d62657273	49601
20696e6578706c696361626c65	49602
d791	49603
20686172646e657373	49604
756e746172696c79	49605
2041636572	49606
6772616469656e74	49607
4152444953	49608
20776f6f646c616e64	49609
206d65746170686f7273	49610
2057656d626c6579	49611
20506176656c	49612
7068696c6973	49613
20726577726974696e67	49614
207065726365707475616c	49615
2031303730	49616
776f726d73	49617
20446f776e73	49618
20756e73757270726973696e676c79	49619
2074616767696e67	49620
666c616d65	49621
206c6974726573	49622
20626f756e636573	49623
2042616265	49624
73687574	49625
206f766572646f736573	49626
20536865696c61	49627
2043686175	49628
20426c657373	49629
43617074757265	49630
205369676e69666963616e74	49631
205363696f6e	49632
20333839	49633
204d6348	49634
20546974616e69756d	49635
204d65616c	49636
616d656461	49637
6167656e7473	49638
61676772657373697665	49639
42696c6c79	49640
373633	49641
20536179696e67	49642
44455252	49643
69746f6e65	49644
436f6c6c696e73	49645
426f756e64	49646
20626f6c746564	49647
20444d4341	49648
393533	49649
20756e697175656e657373	49650
2065706967656e	49651
756e6369	49652
616e74616d	49653
207265636b6f6e696e67	49654
636861697273	49655
4f4752	49656
2053656e6567616c	49657
2031383632	49658
72656c6576616e74	49659
20c2af	49660
20706861726d6163696573	49661
20476572616c	49662
76696572	49663
59616e	49664
4f525047	49665
207261626964	49666
62656e64696e67	49667
20554e49544544	49668
20343635	49669
417373656d626c79	49670
2077656570	49671
20626568657374	49672
204d6f7468657273	49673
204a616365	49674
686964	49675
20776869726c77696e64	49676
20554e4956455253	49677
2075746f7069616e	49678
206b69646e6170	49679
5068696c697070	49680
4b696e	49681
383933	49682
206c69766573747265616d	49683
204d495353	49684
2073756276657273697665	49685
20546563686e6971756573	49686
204a555354494345	49687
2042415345	49688
20333837	49689
2061737361696c616e7473	49690
2048617264636f7265	49691
20737072696e6b6c6564	49692
20507365	49693
e99a	49694
7072696e746564	49695
20486175	49696
4f524745	49697
20544f5552	49698
206c61636564	49699
2069746368	49700
476976696e67	49701
20706f72746564	49702
373831	49703
2f2f2f2f2f2f2f2f2f2f2f2f2f2f2f2f2f2f2f2f2f2f2f2f2f2f2f2f2f2f2f2f	49704
6272656564696e67	49705
206c6f67676572	49706
20484f4c	49707
696e6e6965	49708
46697273746c79	49709
20656d6272796f6e6963	49710
2064656c656761746564	49711
706169	49712
4f494c	49713
2063656e7472616c6c79	49714
205278	49715
2053636f7574696e67	49716
4475746368	49717
2068657265646974617279	49718
2043727569736572	49719
736174	49720
353239	49721
204d617272696f7474	49722
6f746865726d616c	49723
2070726f6869626974696f6e73	49724
4561726e	49725
2053746162	49726
20436f6c6c65676573	49727
2042656c696566	49728
737472657463686564	49729
204c48	49730
20456e746974794974656d	49731
434941	49732
20756e72656d	49733
206c61757265617465	49734
2064656e6f6d696e6174696f6e73	49735
73756d6d617279	49736
686c6572	49737
5370656374	49738
204b6c617573	49739
204265616e73	49740
20696e737572	49741
20504158	49742
206669656c646572	49743
20566574	49744
2053706172726f77	49745
7a6965	49746
205351	49747
204d6f6e64617973	49748
204f66666c696e65	49749
204c65726e6572	49750
20457874656e73696f6e73	49751
4972656c616e64	49752
20706174726f6e616765	49753
20636f6e74726173746564	49754
204d616e6961	49755
68697274	49756
4d6f73636f77	49757
20636f6e64656d6e73	49758
20416e6765	49759
20636f6d706f73696e67	49760
2050657065	49761
20506164646f636b	49762
2068657465726f67656e65697479	49763
206964656f6c6f676963616c6c79	49764
20666973686573	49765
2063757273696e67	49766
20527574686572666f7264	49767
20466c6f6174696e67	49768
20416d656c6961	49769
546561	49770
53796e6f70736973	49771
207374756e7473	49772
2062656164	49773
2073746f636b696e67	49774
204d494c4c	49775
6f626f6f6b	49776
6d617373697665	49777
5c3c	49778
2068756d70	49779
20507265666572656e636573	49780
456e67696e654465627567	49781
6765697374	49782
204e6965746f	49783
6f6d65766572	49784
69736879	49785
6576616c75617465	49786
636f6c6f6e69616c	49787
416c7465726e6174697665	49788
20476f50726f	49789
20566f72746578	49790
204e4554574f524b	49791
616e736b79	49792
536563757265	49793
20546872757374	49794
536e616b65	49795
2070617263656c73	49796
2073616d75726169	49797
20616374726573736573	49798
4e6170	49799
4d46	49800
696665726174696f6e	49801
42656572	49802
353233	49803
20496c79	49804
6f696e746d656e74	49805
50696e67	49806
2073747269706564	49807
204d656c6c6f6e	49808
6f7373657373696f6e	49809
206e657574726f6e	49810
656e6469756d	49811
20617068	49812
20466c61766f72696e67	49813
20333833	49814
20726573706f6e736976656e657373	49815
204a696e64616c	49816
204869746368636f636b	49817
44656e766572	49818
20445241474f4e	49819
736d616e73686970	49820
204475706c	49821
20736c79	49822
2077656263616d	49823
20547761696e	49824
204461726c696e67	49825
696c69617465	49826
636f6e73756d6572	49827
444954	49828
206e616d6573616b65	49829
20756e6f7274686f646f78	49830
2066756e6572	49831
20504c6f53	49832
20434f4e54524f4c	49833
6f7a7967	49834
6f676c6f62696e	49835
46414345	49836
455247	49837
20446961	49838
20466965737461	49839
63656c65	49840
303334	49841
20656e636c617665	49842
e296ace296ac	49843
6f6e656d656e74	49844
616c697374	49845
4d616e64	49846
20686f6d6567726f776e	49847
2046616e6379	49848
20636f6e63657074696f6e73	49849
20436f6e7461696e73	49850
757265656e	49851
20726569746572617465	49852
206d6561676572	49853
20696e7374616c6c6d656e7473	49854
537061776e	49855
363237	49856
2070686f746f63	49857
2043616272657261	49858
20526f73656e7468616c	49859
204c616e73696e67	49860
69736e6572	49861
20696e7665737473	49862
2055464f73	49863
455850	49864
4861726477617265	49865
20747261676963616c6c79	49866
20636f6e6365646573	49867
69656674	49868
6368616d	49869
626f726768	49870
2053636872	49871
204d656c616e6965	49872
20486f79	49873
2076697369746174696f6e	49874
206964696f73796e6372	49875
206672616374696f6e73	49876
20666f7265736b696e	49877
6f626f73	49878
20706f616368696e67	49879
2056494557	49880
207374696d756c61746573	49881
20476f726b	49882
63616e6f6e	49883
4d4943	49884
204e656d65736973	49885
20496e647261	49886
20444d56	49887
20353239	49888
20696e7370656374696e67	49889
206772616e646d61	49890
20576865646f6e	49891
205368616e74	49892
2050757267	49893
696b616e	49894
20546567	49895
20434c52	49896
7a6163	49897
566963746f726961	49898
20566572696679	49899
696f6e696373	49900
207061727479696e67	49901
204d6f75	49902
636f6c6f7572	49903
2074657374696d6f6e696573	49904
6c6174696f6e73	49905
2070726573737572696e67	49906
6869726f	49907
6163657273	49908
20666964	49909
616e676c6572	49910
20435349	49911
20686572656166746572	49912
20646973736964656e7473	49913
7265706f7274696e67	49914
697068616e79	49915
63686576	49916
20736f6c6974756465	49917
206c6f6265	49918
20696e646973	49919
2063726564656e7469616c	49920
726563656e74	49921
6164756c74	49922
204e697276616e61	49923
204672616e6368697365	49924
4c61796572	49925
487970	49926
204265726b7368697265	49927
2077696c6c73	49928
746966	49929
20746f74656d	49930
204a75646168	49931
726570616972	49932
496e7374616e74	49933
353438	49934
20656d62617373696573	49935
20626f74746c656e65636b	49936
20626f756e74	49937
207479706577	49938
20416c76696e	49939
6a696e67	49940
696d696c6172	49941
52757368	49942
206272696d	49943
2048454c50	49944
41696d	49945
5d27	49946
20706173736976656c79	49947
20626f756e646564	49948
205261746564	49949
206372696d696e616c697479	49950
2062696f6d61726b	49951
2064697370617463686572	49952
20546f7761726473	49953
202b2b2b	49954
7269676874656f7573	49955
66726f67	49956
2050616e63	49957
436172746572	49958
303332	49959
e6a99f	49960
20756c74726176696f6c6574	49961
204c6963656e736564	49962
2054617461	49963
20426c657373696e67	49964
2047414d	49965
206368656d6963616c6c79	49966
2053656166	49967
2052454c45	49968
204d657263656e617279	49969
6361706974616c697374	49970
20666f726d756c6174696f6e73	49971
20616e6e6968696c6174696f6e	49972
2056657262	49973
204172676f6e	49974
20756e6c6f61646564	49975
206d6f7270686564	49976
20636f6e71756572696e67	49977
6261636b6572	49978
49454c44	49979
20746865667473	49980
2066726f6e7472756e6e6572	49981
20526f79616c65	49982
2046756e64616d656e74616c	49983
656c69676874	49984
43686970	49985
6e6563657373617279	49986
61796e	49987
20536c6970	49988
20343438	49989
6365726e6564	49990
5061757365	49991
2073686f636b696e676c79	49992
20414256	49993
20636f6d706f73757265	49994
373333	49995
204d6f746f7273706f7274	49996
6168696d65	49997
4d7572726179	49998
4d616368	49999
206772696473	50000
2064656269616e	50001
20667572746865726d6f7265	50002
20646578746572697479	50003
20436f6c6c656374696f6e73	50004
6f736c6f76	50005
696c616765	50006
626a	50007
204d6f6e74656e6567	50008
207374727574436f6e6e6563746f72	50009
206d6173736163726573	50010
20627269656673	50011
66657463686564	50012
757669616e	50013
6f6c6974696f6e	50014
4661696c757265	50015
656d6f6e6963	50016
20666c61726564	50017
20636c61696d616e74	50018
206375726573	50019
20676976656177617973	50020
205375627374616e6365	50021
616c696f6e73	50022
206372696e6765	50023
204b756c	50024
2061726973746f6372616379	50025
20556c73746572	50026
6f6c61746564	50027
686f7573696e67	50028
204d4953	50029
20676c61726564	50030
2057696c68656c6d	50031
6e65656473	50032
6c616d626461	50033
6275696c64657273	50034
20564953	50035
207261646961746f72	50036
2047686f737462757374657273	50037
20343336	50038
61637475616c	50039
206865726473	50040
c3a761	50041
7761746368696e67	50042
20636f756e746572696e67	50043
436861726765	50044
2063686172726564	50045
207761726865616473	50046
20696f64696e65	50047
204d616379	50048
303431	50049
2064657061727475726573	50050
2053696e73	50051
2064796564	50052
20436f6e6365707473	50053
6761646f	50054
373133	50055
2071756f746174696f6e73	50056
2067697374	50057
2043687269737479	50058
20616e746967656e	50059
2048656d70	50060
20447261776e	50061
2042617267	50062
657a766f7573	50063
2070617465726e697479	50064
2061726475	50065
20416e63686f72616765	50066
2052696b	50067
206f7665726c6f61646564	50068
20557365726e616d65	50069
2054616d6d79	50070
204e6175	50071
2043656c6c756c6172	50072
2077616e696e67	50073
20726f64656e74	50074
20576f72636573746572	50075
696c7473	50076
20546164	50077
206477656c6c696e6773	50078
2062756c6c697368	50079
343331	50080
20726574616c69617465	50081
206d69677261696e65	50082
2043686576726f6e	50083
434845434b	50084
20646f6e6b6579	50085
6372696d	50086
535041	50087
20416e616c6f67	50088
206d617271756565	50089
2048616173	50090
426972	50091
2047444452	50092
20446f776e6c6f616473	50093
2077696c6c706f776572	50094
20466f727468	50095
205265636f72646564	50096
20696d706f73736962696c697479	50097
204c6f67676564	50098
204672616e6b73	50099
2052617474	50100
696e6974696f6e73	50101
20636c65616e657273	50102
20736f72656c79	50103
20666c69636b6572696e67	50104
204578616d696e6174696f6e	50105
6361746368696e67	50106
616c6c6f7765656e	50107
4d7367	50108
2064756e6e6f	50109
4661	50110
206479737068	50111
6372617a79	50112
2e27272e	50113
206d61696e6c696e65	50114
206373	50115
20707472	50116
2057616c6c79	50117
6967756e	50118
393531	50119
20426967666f6f74	50120
666967687473	50121
2072657472696576696e67	50122
4a72	50123
206475706c69636174696f6e	50124
204578706c616e	50125
2072656c6174696f6e616c	50126
20717561696e74	50127
206269736375697473	50128
2061646f	50129
2073687564646572	50130
20616e7469646f7465	50131
626c6f6f646564	50132
6b7368	50133
20736175636573	50134
207265696e76657374	50135
2064697370656e73617279	50136
204469766572	50137
2039303030	50138
73747564656e74	50139
20696e7365706172	50140
6573636170	50141
20746f64646c657273	50142
204750494f	50143
2041737369676e6d656e74	50144
68656164657273	50145
206c61636b6c7573746572	50146
20616261636b	50147
393536	50148
20746f6f6c626172	50149
373435	50150
206f757374	50151
20636f6e74656d706c6174696f6e	50152
20505245534944454e54	50153
20343538	50154
3d3d3d3d3d3d	50155
2067756172616e746565696e67	50156
204865697374	50157
2043616e6e6573	50158
99bd	50159
20636f6c6c61626f7261746f72	50160
20416d70	50161
20676f75	50162
205348414c4c	50163
73746f72696573	50164
373833	50165
206d6f62696c697a6564	50166
2062726f6f64	50167
204c55	50168
20f09f91	50169
20726566696e	50170
20416e7468726f706f6c6f6779	50171
76696e64	50172
696c6c69	50173
2077617272616e74696573	50174
20426162656c	50175
207377617468	50176
20636163686573	50177
20616e7461676f6e69737473	50178
617274696661637473	50179
20686f746c79	50180
20537461727473	50181
2047c3b6	50182
7a6167	50183
2121212121	50184
2073636f75726765	50185
20636f6e73706972696e67	50186
7275697473	50187
72657665727365	50188
20536865656e	50189
204a6573756974	50190
2047696f76616e6e69	50191
6164696573	50192
20627574746f636b73	50193
65617263686572	50194
6163616e	50195
20766f6c6c657962616c6c	50196
207368726f75646564	50197
2073636f7265626f617264	50198
62617473	50199
2049504d	50200
206173736573	50201
206465726567756c6174696f6e	50202
2054656c656772616d	50203
205265626f6f74	50204
2037303030	50205
2043616e617279	50206
206b65726e656c73	50207
204672616ec3a76f6973	50208
2044756666	50209
20506f6e	50210
204c65696361	50211
204761726d696e	50212
206f727068616e73	50213
20436c6175646961	50214
2063616c656e64617273	50215
204c65696c616e	50216
656e746f	50217
526f636b6574	50218
206272756e6368	50219
204861776b696e67	50220
61696e657273	50221
2073656e736962696c6974696573	50222
206b57	50223
204b616e64	50224
207265636c61696d6564	50225
20696e746572657374696e676c79	50226
d7a9	50227
726f6d79	50228
4a4d	50229
20456e68616e63656d656e74	50230
62757368	50231
536b6970	50232
2072617070657273	50233
2067617a696e67	50234
7065646961	50235
6174686c6f6e	50236
5265766f6c7574696f6e	50237
20736e6970657273	50238
207265766572746564	50239
20636f6e676c6f6d6572617465	50240
5465727279	50241
373934	50242
2068617273686572	50243
206465736f6c617465	50244
204869746d616e	50245
436f6d6d697373696f6e	50246
20282f	50247
e280a62e22	50248
436f6d706172	50249
20616d706c696669636174696f6e	50250
6f6d696e61746564	50251
2072656772657373	50252
20436f6c6c69646572	50253
20696e666f726d616e7473	50254
2067617a6564	50255
